subscription_id,account_id,start_date,end_date,plan_tier,seats,mrr_amount,arr_amount,is_trial,upgrade_flag,downgrade_flag,billing_frequency,auto_renew_flag,change_type
S-63e282,A-6a4e2d,2024-10-15,2024-11-07,Pro,14,686,8232,f,t,f,annual,t,upgrade
S-8cec59,A-3c1a3f,2023-12-23,2024-04-12,Enterprise,14,2786,33432,f,f,f,monthly,t,no_change
S-0f6f44,A-9b9fe9,2024-06-11,,Pro,17,833,9996,f,f,f,monthly,t,no_change
S-51c0d1,A-659280,2024-11-25,,Enterprise,62,0,0,t,t,f,annual,f,upgrade
S-f81687,A-e7a1e2,2024-11-23,2024-12-13,Enterprise,5,995,11940,f,f,f,monthly,t,no_change
S-cff5a2,A-ba6516,2024-01-10,,Enterprise,27,5373,64476,f,f,f,monthly,t,no_change
S-4b9b13,A-fa2041,2024-08-13,,Pro,15,735,8820,f,f,f,monthly,t,no_change
S-dceac6,A-417d2f,2023-12-30,,Enterprise,4,796,9552,f,f,f,annual,t,no_change
S-8cad7b,A-5f2961,2024-12-23,,Basic,16,304,3648,f,f,f,annual,t,no_change
S-24796e,A-cc8c8f,2024-11-27,,Enterprise,23,4577,54924,f,f,f,annual,f,no_change
S-d0c344,A-80eeb6,2024-10-27,,Pro,22,1078,12936,f,f,f,annual,f,no_change
S-477506,A-f03140,2024-02-06,,Pro,27,1323,15876,f,f,f,annual,t,no_change
S-79a9e1,A-3a5ad8,2024-12-25,,Enterprise,22,0,0,t,f,f,annual,t,no_change
S-59dc4b,A-f17767,2023-09-17,,Pro,26,1274,15288,f,t,t,monthly,t,conflict
S-7acd8b,A-7920cc,2024-07-17,,Basic,39,741,8892,f,f,f,annual,t,no_change
S-428e9a,A-8ae3fc,2024-10-12,,Enterprise,88,0,0,t,f,f,monthly,t,no_change
S-486088,A-0cc442,2024-09-18,,Pro,45,2205,26460,f,f,f,monthly,t,no_change
S-13939b,A-86902e,2023-07-21,2024-08-03,Pro,34,0,0,t,f,f,monthly,t,no_change
S-9333c5,A-ef84cf,2024-06-06,2024-08-13,Basic,8,152,1824,f,f,f,annual,f,no_change
S-37e3ad,A-b30291,2024-04-25,,Basic,5,95,1140,f,f,f,monthly,t,no_change
S-b17d04,A-e19ff6,2024-03-06,,Pro,8,392,4704,f,f,f,monthly,t,no_change
S-c27134,A-dec005,2024-03-31,,Pro,21,0,0,t,f,f,monthly,t,no_change
S-3bd427,A-2e3bad,2024-12-04,2024-12-27,Basic,61,1159,13908,f,f,f,monthly,t,no_change
S-82989b,A-f5641b,2024-11-30,,Basic,31,589,7068,f,f,f,monthly,t,no_change
S-082b15,A-aa9511,2024-02-09,,Enterprise,97,19303,231636,f,f,f,annual,t,no_change
S-434140,A-075038,2024-02-25,,Pro,17,833,9996,f,f,f,annual,t,no_change
S-c07ede,A-cea1f0,2024-10-07,,Pro,8,392,4704,f,f,f,annual,f,no_change
S-287914,A-a1b80b,2024-08-15,,Pro,16,784,9408,f,f,f,annual,t,no_change
S-b3bd43,A-b2225d,2024-11-03,,Pro,50,2450,29400,f,f,f,monthly,f,no_change
S-4c82da,A-b9eed8,2024-08-01,,Pro,11,539,6468,f,f,f,monthly,f,no_change
S-c75159,A-bcf87c,2024-08-22,2024-09-28,Enterprise,31,6169,74028,f,f,f,monthly,t,no_change
S-b5643b,A-9f9299,2024-06-11,,Enterprise,28,5572,66864,f,f,f,annual,f,no_change
S-49a9aa,A-10b8f2,2023-06-16,,Basic,51,969,11628,f,f,f,annual,t,no_change
S-2877e6,A-95b24a,2024-06-28,,Enterprise,38,0,0,t,t,t,monthly,t,conflict
S-8c10c1,A-0651a4,2024-12-25,,Enterprise,65,12935,155220,f,f,f,annual,t,no_change
S-d7d398,A-fb186e,2024-12-28,,Enterprise,29,0,0,t,f,f,annual,t,no_change
S-ddad91,A-40906c,2024-06-21,,Enterprise,92,0,0,t,f,f,annual,f,no_change
S-6762fa,A-40a557,2024-02-12,,Enterprise,16,3184,38208,f,f,f,annual,t,no_change
S-bb1cf1,A-3a5ad8,2024-09-07,,Enterprise,9,0,0,t,t,f,monthly,f,upgrade
S-a805a5,A-2789e3,2024-09-18,,Basic,33,627,7524,f,f,f,monthly,t,no_change
S-da0a69,A-49b828,2023-05-11,,Pro,6,294,3528,f,f,f,monthly,t,no_change
S-59c5d7,A-c16b88,2024-10-19,,Basic,35,665,7980,f,t,f,monthly,t,upgrade
S-d3faae,A-5c9849,2024-11-12,,Basic,19,361,4332,f,f,f,monthly,t,no_change
S-73a4e4,A-993085,2024-09-09,,Pro,31,1519,18228,f,f,f,monthly,t,no_change
S-35c8a3,A-e4144b,2024-12-22,,Enterprise,41,8159,97908,f,f,f,annual,t,no_change
S-99fbf7,A-7dacce,2024-09-10,,Enterprise,12,2388,28656,f,f,f,annual,t,no_change
S-e97b9f,A-a0ca4e,2024-03-16,,Enterprise,12,2388,28656,f,f,f,annual,t,no_change
S-763d33,A-ef84cf,2024-07-25,,Basic,23,437,5244,f,f,t,annual,f,downgrade
S-323782,A-7920cc,2024-02-22,,Basic,39,741,8892,f,f,f,monthly,t,no_change
S-1cff18,A-2789e3,2024-10-03,,Basic,11,209,2508,f,f,f,monthly,t,no_change
S-ad39ef,A-e40f45,2024-08-25,,Pro,21,0,0,t,t,f,annual,t,upgrade
S-bf806d,A-7c5768,2024-09-21,,Basic,62,1178,14136,f,f,f,annual,t,no_change
S-36f6ec,A-ccb686,2024-08-16,,Pro,21,1029,12348,f,t,f,monthly,t,upgrade
S-aff55c,A-bb2f49,2024-01-14,2024-12-29,Pro,8,0,0,t,f,f,monthly,t,no_change
S-b9fc6c,A-2ebb4b,2023-06-16,,Basic,41,779,9348,f,f,f,annual,t,no_change
S-7f8cd8,A-53f4e3,2024-09-18,2024-11-17,Enterprise,20,3980,47760,f,f,f,monthly,t,no_change
S-e912e6,A-a8d89d,2023-12-12,,Enterprise,78,15522,186264,f,f,f,monthly,t,no_change
S-fef85a,A-7f8241,2024-08-06,,Pro,34,1666,19992,f,f,f,annual,t,no_change
S-36d5c9,A-54ecc2,2023-09-16,,Enterprise,11,2189,26268,f,f,f,monthly,t,no_change
S-b9ff15,A-95b24a,2024-01-08,,Enterprise,43,8557,102684,f,f,f,annual,f,no_change
S-10bd09,A-bbc346,2024-09-03,,Basic,50,950,11400,f,f,f,annual,t,no_change
S-12bfc8,A-31ab9a,2024-12-06,,Enterprise,29,5771,69252,f,f,f,monthly,f,no_change
S-f5c472,A-faa28c,2024-07-09,,Basic,48,912,10944,f,f,f,monthly,t,no_change
S-dbc1ca,A-8adedc,2024-04-24,,Enterprise,14,2786,33432,f,f,f,annual,t,no_change
S-dc6dfd,A-e08cd3,2024-09-30,,Pro,67,3283,39396,f,f,f,monthly,t,no_change
S-b2d472,A-bcf87c,2024-08-27,2024-12-11,Enterprise,10,1990,23880,f,f,f,annual,f,no_change
S-9dfce0,A-e6afc1,2024-08-30,,Pro,2,98,1176,f,f,f,annual,t,no_change
S-9cb6a7,A-7f29a7,2024-12-21,,Basic,41,779,9348,f,f,f,monthly,t,no_change
S-dabcd2,A-3ce5b8,2024-09-22,,Pro,28,0,0,t,f,f,monthly,t,no_change
S-8c3cc8,A-b2225d,2024-10-17,,Basic,47,0,0,t,f,f,monthly,t,no_change
S-2923fc,A-fa3095,2024-07-08,,Enterprise,70,13930,167160,f,f,f,annual,t,no_change
S-f0a2e5,A-55f257,2024-06-05,,Basic,23,0,0,t,f,f,annual,t,no_change
S-025bea,A-9affe6,2024-06-25,,Pro,17,833,9996,f,t,f,monthly,t,upgrade
S-0e499f,A-296d7c,2024-08-17,,Pro,16,784,9408,f,f,f,annual,f,no_change
S-0267b7,A-65a46c,2024-10-17,2024-12-04,Enterprise,13,0,0,t,f,f,monthly,t,no_change
S-b5b9a5,A-812c5b,2024-07-25,,Basic,55,1045,12540,f,f,f,monthly,t,no_change
S-8e45ba,A-7f8241,2023-12-13,,Basic,34,646,7752,f,f,f,annual,f,no_change
S-37ed34,A-d4ac0e,2024-07-07,,Enterprise,20,3980,47760,f,f,f,annual,t,no_change
S-65dbf3,A-17939a,2024-12-28,,Basic,36,684,8208,f,f,f,monthly,t,no_change
S-ce5450,A-0a282f,2024-12-25,2024-12-28,Pro,8,0,0,t,f,f,annual,t,no_change
S-6c969d,A-855a48,2024-05-08,,Basic,14,266,3192,f,f,f,monthly,f,no_change
S-522aef,A-f3ff05,2024-08-22,,Pro,4,196,2352,f,f,f,annual,t,no_change
S-82db05,A-417d2f,2024-12-09,,Pro,26,1274,15288,f,f,f,monthly,t,no_change
S-162596,A-462d45,2024-02-29,,Pro,18,0,0,t,f,f,monthly,t,no_change
S-f703bd,A-202b67,2024-09-04,,Pro,11,539,6468,f,f,f,monthly,t,no_change
S-a1d6ad,A-eafc6e,2024-09-01,,Pro,27,1323,15876,f,f,f,monthly,t,no_change
S-8b1fc1,A-309e54,2024-12-26,,Basic,15,0,0,t,f,f,monthly,t,no_change
S-09cdac,A-82861f,2024-07-31,2024-09-04,Basic,41,779,9348,f,f,f,annual,t,no_change
S-fa5301,A-ba6516,2024-03-14,,Pro,55,0,0,t,f,f,monthly,f,no_change
S-69937b,A-08e34e,2024-08-08,,Pro,14,686,8232,f,f,f,annual,f,no_change
S-f2537d,A-e43bf7,2024-01-24,,Pro,44,2156,25872,f,f,f,monthly,t,no_change
S-27f7b2,A-a1b80b,2024-04-03,,Basic,38,722,8664,f,f,f,annual,t,no_change
S-9c2b8e,A-443f6f,2024-12-26,,Basic,19,361,4332,f,t,f,annual,t,upgrade
S-a4f26d,A-32728c,2023-05-21,,Pro,20,980,11760,f,f,f,monthly,t,no_change
S-0cb6ed,A-ac85cd,2024-11-09,2024-12-18,Pro,53,2597,31164,f,f,f,annual,t,no_change
S-367dee,A-e19ff6,2024-06-29,,Pro,1,49,588,f,f,f,annual,t,no_change
S-3b9ad8,A-6e08f3,2024-12-24,,Enterprise,28,5572,66864,f,f,f,monthly,f,no_change
S-c9f8c1,A-544d0a,2024-07-23,,Enterprise,5,995,11940,f,f,t,monthly,t,downgrade
S-57cd05,A-8b0451,2024-10-26,,Basic,41,779,9348,f,f,f,annual,t,no_change
S-e505c1,A-8ae3fc,2024-09-17,,Pro,34,1666,19992,f,f,f,annual,t,no_change
S-121b4d,A-8ae3fc,2024-11-22,,Basic,9,171,2052,f,f,f,annual,t,no_change
S-72b4f2,A-4437e4,2024-02-06,,Pro,49,2401,28812,f,f,f,annual,t,no_change
S-c9b0cc,A-4d1e75,2024-10-11,,Enterprise,38,7562,90744,f,f,f,monthly,t,no_change
S-27c993,A-098560,2024-11-17,,Enterprise,4,796,9552,f,f,f,monthly,t,no_change
S-8b9889,A-ac9111,2024-08-18,,Pro,21,1029,12348,f,f,f,monthly,t,no_change
S-2214c6,A-3c1a3f,2024-10-07,,Pro,82,4018,48216,f,f,f,monthly,t,no_change
S-ce695e,A-cb6cc6,2024-05-25,,Enterprise,13,0,0,t,f,f,annual,f,no_change
S-066d80,A-9b9fe9,2024-08-17,,Pro,5,245,2940,f,f,f,monthly,t,no_change
S-228457,A-029f69,2024-05-24,,Enterprise,24,4776,57312,f,f,f,annual,t,no_change
S-e50612,A-c7e58b,2024-07-15,,Basic,13,247,2964,f,f,f,annual,f,no_change
S-64fba3,A-00bed1,2024-07-16,,Enterprise,28,5572,66864,f,f,f,annual,t,no_change
S-2372d2,A-cea1f0,2024-12-22,,Enterprise,21,4179,50148,f,f,f,annual,f,no_change
S-2661dc,A-c37cab,2024-08-07,,Pro,20,0,0,t,f,f,monthly,t,no_change
S-427275,A-4c38bc,2024-07-14,,Enterprise,36,7164,85968,f,f,f,annual,t,no_change
S-628729,A-157070,2024-10-05,,Enterprise,23,4577,54924,f,f,t,monthly,t,downgrade
S-e260ff,A-bcf87c,2024-12-09,,Enterprise,21,4179,50148,f,f,f,annual,t,no_change
S-89c03a,A-8ae3fc,2024-09-20,,Pro,9,441,5292,f,f,f,monthly,t,no_change
S-86455a,A-1b9609,2023-12-01,,Pro,12,588,7056,f,f,f,monthly,t,no_change
S-3660bb,A-474ad4,2024-12-14,,Enterprise,10,0,0,t,f,f,monthly,f,no_change
S-6bf7d7,A-9bfc9f,2024-03-23,,Pro,53,2597,31164,f,f,t,annual,f,downgrade
S-feccd8,A-812c5b,2024-12-22,,Enterprise,55,10945,131340,f,f,f,monthly,t,no_change
S-0e4b0c,A-39b19f,2023-02-28,2023-06-15,Pro,24,1176,14112,f,f,t,annual,t,downgrade
S-0e0578,A-de58ca,2023-07-09,,Basic,15,285,3420,f,f,f,monthly,t,no_change
S-74538d,A-e60f9d,2024-11-13,,Pro,46,2254,27048,f,f,f,annual,t,no_change
S-c2a6cb,A-9affe6,2023-10-19,,Enterprise,7,1393,16716,f,t,f,annual,f,upgrade
S-1bd2ec,A-e60f9d,2024-12-25,2024-12-28,Basic,38,722,8664,f,f,f,annual,t,no_change
S-3cc352,A-d27f50,2024-08-06,,Pro,44,2156,25872,f,f,f,monthly,t,no_change
S-124207,A-fdfc91,2023-08-31,,Basic,29,551,6612,f,f,f,annual,t,no_change
S-76e7d9,A-712f1c,2024-02-09,,Enterprise,44,8756,105072,f,f,f,monthly,t,no_change
S-44f453,A-19b2c8,2024-02-10,,Enterprise,20,3980,47760,f,f,f,monthly,t,no_change
S-03a97f,A-f51f16,2024-03-15,,Pro,60,2940,35280,f,f,f,annual,t,no_change
S-80c01c,A-d3c88e,2024-12-16,,Basic,16,304,3648,f,t,f,annual,t,upgrade
S-666181,A-eb1312,2024-10-09,,Basic,71,1349,16188,f,f,f,annual,t,no_change
S-401496,A-68f37c,2023-08-13,2024-06-22,Enterprise,4,796,9552,f,t,f,monthly,t,upgrade
S-ca0c98,A-fda07f,2024-11-28,,Pro,7,343,4116,f,f,f,monthly,t,no_change
S-017e33,A-f9cc74,2024-11-08,2024-11-25,Basic,53,1007,12084,f,f,f,monthly,t,no_change
S-183073,A-e7a1e2,2024-07-19,,Enterprise,14,2786,33432,f,f,f,monthly,t,no_change
S-22f503,A-7a0d69,2024-09-06,,Basic,6,114,1368,f,f,f,annual,t,no_change
S-7de1b7,A-4d1e75,2024-10-27,,Enterprise,20,3980,47760,f,f,f,annual,t,no_change
S-c7f564,A-902ef7,2024-11-23,,Pro,83,0,0,t,t,f,annual,t,upgrade
S-ceffe9,A-89ee83,2024-11-23,,Enterprise,2,398,4776,f,f,f,monthly,t,no_change
S-9b2c95,A-e60f9d,2024-11-24,2024-12-05,Pro,29,0,0,t,f,f,annual,t,no_change
S-cf6ec1,A-d77f4c,2024-08-04,,Enterprise,22,4378,52536,f,t,f,monthly,f,upgrade
S-a44d72,A-b30291,2024-06-12,,Pro,18,882,10584,f,f,f,monthly,t,no_change
S-0b0ffa,A-180abf,2024-01-17,2024-04-19,Basic,64,0,0,t,f,f,annual,t,no_change
S-02af5d,A-d82ef9,2024-08-07,,Enterprise,26,0,0,t,f,f,annual,t,no_change
S-d07c53,A-249769,2024-09-24,,Basic,21,399,4788,f,f,f,annual,t,no_change
S-c67b80,A-eb2fdc,2024-02-24,,Pro,31,1519,18228,f,f,f,monthly,f,no_change
S-5d68fb,A-5f2961,2024-12-02,,Pro,49,2401,28812,f,f,f,annual,t,no_change
S-fc9cc3,A-9b9fe9,2024-01-01,,Pro,24,1176,14112,f,f,f,annual,t,no_change
S-17f71d,A-e40f45,2024-05-15,,Pro,44,2156,25872,f,t,f,monthly,t,upgrade
S-5895f0,A-bcf664,2023-10-05,,Basic,8,0,0,t,f,f,annual,t,no_change
S-b042d9,A-0e966d,2024-11-15,,Enterprise,11,2189,26268,f,f,f,annual,t,no_change
S-ffd1ee,A-f03140,2024-11-06,,Pro,27,0,0,t,f,f,annual,t,no_change
S-9c4bcd,A-a7bd4b,2024-05-14,,Pro,5,245,2940,f,t,f,monthly,t,upgrade
S-4f91d0,A-7f8241,2024-10-12,,Basic,34,646,7752,f,f,f,monthly,f,no_change
S-672f1b,A-eafc6e,2023-08-08,,Pro,27,1323,15876,f,f,f,monthly,t,no_change
S-101201,A-d49cc5,2024-02-13,,Basic,50,950,11400,f,f,f,annual,t,no_change
S-eea643,A-54ecc2,2024-10-30,,Enterprise,28,5572,66864,f,f,f,monthly,t,no_change
S-5f9a67,A-6da850,2023-12-04,,Pro,5,245,2940,f,f,f,annual,t,no_change
S-327e7c,A-4e960a,2024-02-07,,Enterprise,17,0,0,t,f,f,annual,t,no_change
S-d97c5f,A-533452,2024-11-25,,Pro,101,4949,59388,f,f,f,monthly,t,no_change
S-029c20,A-f44180,2024-12-13,,Basic,10,0,0,t,f,f,annual,f,no_change
S-a74462,A-7c83a1,2024-05-14,,Pro,48,2352,28224,f,f,f,annual,t,no_change
S-02ec76,A-e60f9d,2024-09-17,,Pro,29,1421,17052,f,f,f,monthly,t,no_change
S-d1c9e3,A-075038,2024-01-09,,Basic,17,323,3876,f,f,f,annual,t,no_change
S-51d8db,A-cc1d8d,2024-12-30,,Enterprise,6,1194,14328,f,f,f,annual,t,no_change
S-c3c85e,A-271f46,2024-10-31,,Basic,38,722,8664,f,f,f,monthly,t,no_change
S-44a646,A-1e1b80,2023-12-26,,Basic,50,950,11400,f,f,f,annual,t,no_change
S-431c03,A-e4bf56,2024-12-02,2024-12-19,Enterprise,37,7363,88356,f,f,f,monthly,t,no_change
S-4f0027,A-ff79f2,2024-12-31,2024-12-31,Enterprise,19,3781,45372,f,f,f,annual,t,no_change
S-6c9ee1,A-6da850,2024-02-20,,Enterprise,23,0,0,t,f,f,monthly,t,no_change
S-396a84,A-5b4ebb,2024-10-23,2024-11-27,Basic,21,399,4788,f,f,f,monthly,f,no_change
S-6bea24,A-3f9cc0,2024-07-06,,Basic,22,0,0,t,f,f,monthly,t,no_change
S-259804,A-d4ac0e,2024-10-01,,Basic,28,532,6384,f,f,f,annual,t,no_change
S-33e40e,A-86cdb4,2024-10-10,2024-12-29,Enterprise,2,398,4776,f,f,f,annual,t,no_change
S-fbd522,A-310452,2024-12-28,,Pro,9,0,0,t,f,f,annual,f,no_change
S-bbafad,A-854864,2024-12-27,2024-12-30,Basic,20,380,4560,f,f,f,annual,t,no_change
S-3edc14,A-d82ef9,2024-10-04,,Pro,26,0,0,t,f,f,annual,t,no_change
S-11e29d,A-71615e,2024-10-13,,Basic,32,608,7296,f,f,f,monthly,t,no_change
S-1feff8,A-5fe118,2024-12-06,,Enterprise,39,7761,93132,f,f,f,annual,t,no_change
S-61e86c,A-39ddf4,2024-12-07,,Enterprise,40,7960,95520,f,f,f,annual,t,no_change
S-af41f0,A-e83938,2024-06-27,,Basic,2,38,456,f,f,f,annual,f,no_change
S-65ae02,A-671f31,2024-12-14,,Pro,59,2891,34692,f,f,f,annual,t,no_change
S-f7fccd,A-443b7c,2024-11-18,,Basic,6,0,0,t,t,f,annual,t,upgrade
S-7904d3,A-d4e0d4,2024-11-30,2024-12-03,Enterprise,117,23283,279396,f,f,f,monthly,t,no_change
S-48a54e,A-b2225d,2024-10-29,,Basic,47,0,0,t,f,f,monthly,t,no_change
S-4a08bd,A-e08cd3,2024-10-11,,Pro,67,3283,39396,f,f,f,annual,f,no_change
S-faa8ec,A-2e4581,2024-12-09,,Basic,11,209,2508,f,f,f,monthly,t,no_change
S-8db104,A-4a267b,2024-10-18,,Pro,25,1225,14700,f,f,t,monthly,t,downgrade
S-3c0121,A-7c83a1,2024-12-30,,Pro,24,1176,14112,f,f,f,monthly,t,no_change
S-13ca37,A-6843f2,2024-12-21,,Pro,21,0,0,t,f,t,monthly,t,downgrade
S-163e64,A-dfbd31,2024-11-08,,Enterprise,62,12338,148056,f,f,f,monthly,t,no_change
S-4d1ba6,A-00cac8,2024-04-04,,Enterprise,9,0,0,t,f,f,annual,f,no_change
S-e98d6b,A-309e54,2024-12-31,,Basic,15,285,3420,f,f,f,annual,t,no_change
S-041624,A-6843f2,2024-12-12,,Enterprise,21,4179,50148,f,f,f,monthly,t,no_change
S-b78829,A-2e4581,2024-11-12,,Pro,20,980,11760,f,f,f,monthly,t,no_change
S-ca1c21,A-f92792,2024-12-02,,Basic,9,0,0,t,f,f,annual,f,no_change
S-e1de58,A-ce550d,2024-10-28,,Enterprise,35,6965,83580,f,t,f,annual,t,upgrade
S-721fea,A-f6b2fb,2024-05-23,,Pro,23,1127,13524,f,f,t,monthly,t,downgrade
S-eaac58,A-ff3c73,2023-04-08,,Basic,66,1254,15048,f,f,f,annual,t,no_change
S-1218fd,A-2d4502,2024-11-02,,Basic,14,266,3192,f,t,f,monthly,f,upgrade
S-936732,A-2f6a32,2024-11-28,2024-12-06,Pro,19,931,11172,f,f,f,annual,t,no_change
S-c2f293,A-69b156,2024-12-10,2024-12-30,Basic,8,152,1824,f,f,f,monthly,f,no_change
S-fe3b71,A-44dc83,2024-09-24,,Enterprise,37,0,0,t,f,f,monthly,t,no_change
S-f5f5b3,A-89ee83,2024-12-26,2024-12-29,Basic,10,190,2280,f,f,f,annual,t,no_change
S-4afb53,A-40de06,2023-12-12,2024-12-29,Enterprise,28,5572,66864,f,f,f,monthly,t,no_change
S-851bbe,A-d77f4c,2024-04-22,,Enterprise,94,18706,224472,f,t,f,annual,t,upgrade
S-dab0d5,A-cc1d8d,2024-12-14,,Basic,5,0,0,t,f,f,monthly,t,no_change
S-9aa190,A-9b9fe9,2024-10-17,,Basic,33,627,7524,f,f,f,annual,t,no_change
S-f89d8c,A-88c6ca,2024-12-18,,Pro,49,2401,28812,f,f,f,monthly,t,no_change
S-766a62,A-1ac5e0,2024-11-24,,Enterprise,33,0,0,t,f,f,monthly,f,no_change
S-10134d,A-52dd88,2024-09-09,,Enterprise,23,4577,54924,f,f,f,annual,t,no_change
S-85de7a,A-940b8b,2024-04-01,,Enterprise,32,6368,76416,f,f,t,annual,t,downgrade
S-85796b,A-f19409,2024-08-27,2024-10-31,Enterprise,23,4577,54924,f,f,f,monthly,t,no_change
S-c97464,A-f5641b,2024-10-16,,Pro,38,1862,22344,f,f,f,monthly,f,no_change
S-6732ff,A-9affe6,2023-11-22,,Pro,24,1176,14112,f,f,f,annual,t,no_change
S-aa20eb,A-6f8ad2,2024-09-08,,Pro,1,49,588,f,f,f,monthly,f,no_change
S-b6aabe,A-902ef7,2024-12-25,,Basic,83,1577,18924,f,f,f,annual,t,no_change
S-0ff339,A-6dee43,2024-01-21,,Basic,12,228,2736,f,f,f,annual,t,no_change
S-4d664d,A-cc1d8d,2024-12-26,,Pro,16,784,9408,f,t,t,annual,t,conflict
S-8deb5f,A-533452,2024-12-25,,Basic,52,988,11856,f,f,f,annual,f,no_change
S-e2d4e9,A-18793f,2024-12-30,,Basic,148,0,0,t,t,f,monthly,t,upgrade
S-d8441d,A-8adedc,2024-03-16,,Basic,4,76,912,f,f,f,annual,t,no_change
S-6d356a,A-425e76,2023-06-26,,Basic,28,532,6384,f,f,f,annual,f,no_change
S-c005ac,A-92a3af,2024-09-18,,Enterprise,25,4975,59700,f,f,f,annual,t,no_change
S-d0913e,A-eb2fdc,2024-11-14,,Pro,31,1519,18228,f,f,f,monthly,t,no_change
S-4bef15,A-600734,2024-08-14,2024-09-22,Enterprise,29,0,0,t,f,f,annual,t,no_change
S-2573e4,A-7f8241,2024-01-25,,Basic,60,1140,13680,f,f,f,monthly,t,no_change
S-80c291,A-712533,2024-01-06,,Enterprise,18,3582,42984,f,f,f,annual,t,no_change
S-64acb8,A-3be56b,2024-08-21,,Enterprise,30,5970,71640,f,f,f,monthly,t,no_change
S-13a948,A-d5a319,2024-07-24,,Enterprise,15,2985,35820,f,t,f,monthly,f,upgrade
S-081b81,A-b20d99,2024-01-30,,Basic,20,380,4560,f,f,f,annual,t,no_change
S-68c537,A-9ee962,2024-06-06,,Enterprise,29,5771,69252,f,f,f,monthly,t,no_change
S-3f82bc,A-d5a319,2023-10-30,,Basic,15,0,0,t,f,t,monthly,t,downgrade
S-fe6311,A-5c9849,2024-11-11,,Enterprise,19,0,0,t,f,f,monthly,t,no_change
S-b3c4b8,A-c43359,2024-12-17,,Pro,38,0,0,t,f,f,annual,t,no_change
S-8923b3,A-157070,2024-05-17,,Basic,27,513,6156,f,f,f,annual,t,no_change
S-2410c6,A-5247b3,2024-05-11,,Basic,33,627,7524,f,f,f,annual,f,no_change
S-7a06fe,A-5a92e7,2024-09-28,,Pro,28,1372,16464,f,f,f,monthly,t,no_change
S-ceaca8,A-96e141,2024-08-10,,Enterprise,24,4776,57312,f,f,f,monthly,t,no_change
S-02c3e7,A-7c4956,2024-08-14,,Enterprise,6,1194,14328,f,f,f,annual,t,no_change
S-3a1a06,A-eb7fac,2024-07-09,,Enterprise,14,2786,33432,f,f,f,monthly,t,no_change
S-7f5d03,A-22d9d2,2024-06-10,,Pro,25,1225,14700,f,f,f,monthly,f,no_change
S-c10f0c,A-0f7d77,2024-11-11,,Basic,6,114,1368,f,f,f,monthly,f,no_change
S-cdd00a,A-4e44e8,2024-08-23,,Basic,38,722,8664,f,f,f,monthly,t,no_change
S-d57a67,A-2446e3,2024-07-14,,Pro,27,1323,15876,f,f,f,monthly,t,no_change
S-f75ac4,A-faa28c,2024-02-17,,Enterprise,48,0,0,t,f,f,annual,t,no_change
S-76c59f,A-0aaf6e,2024-08-01,,Basic,24,456,5472,f,f,f,annual,t,no_change
S-0a15fa,A-bb1eaa,2024-12-12,,Pro,25,1225,14700,f,f,f,annual,t,no_change
S-d0f5fb,A-39868b,2024-04-25,,Enterprise,9,1791,21492,f,f,f,annual,f,no_change
S-ffb6cc,A-94d3da,2024-09-28,,Enterprise,41,8159,97908,f,f,f,monthly,f,no_change
S-1b8300,A-faa28c,2024-05-23,,Enterprise,48,0,0,t,t,f,monthly,t,upgrade
S-88de1c,A-18793f,2024-12-24,,Basic,148,2812,33744,f,f,f,annual,t,no_change
S-a88ffd,A-cc102e,2024-09-06,,Pro,13,637,7644,f,f,f,annual,t,no_change
S-f12a54,A-f3ff05,2024-11-24,,Pro,2,98,1176,f,f,f,monthly,t,no_change
S-f9b284,A-22d9d2,2024-07-02,,Pro,8,392,4704,f,f,f,annual,t,no_change
S-61e53d,A-d42431,2024-11-15,2024-12-14,Basic,22,418,5016,f,f,f,annual,f,no_change
S-4c5456,A-149a69,2024-12-19,,Basic,34,646,7752,f,f,f,monthly,t,no_change
S-b15cde,A-ee42db,2023-05-01,,Pro,13,637,7644,f,f,f,monthly,t,no_change
S-9e6a18,A-7d514c,2024-11-06,,Pro,21,1029,12348,f,t,f,monthly,f,upgrade
S-0b2ac3,A-d792a6,2024-01-01,,Basic,7,0,0,t,f,f,annual,t,no_change
S-cb8a5c,A-1e6fc3,2024-12-17,,Enterprise,1,199,2388,f,f,f,annual,t,no_change
S-8b52b5,A-c1dfe1,2024-03-04,,Enterprise,26,5174,62088,f,f,f,monthly,t,no_change
S-79b2bc,A-249769,2024-08-28,,Basic,4,76,912,f,f,f,monthly,t,no_change
S-4fd9ba,A-d4ac0e,2024-09-10,,Basic,24,456,5472,f,t,f,monthly,t,upgrade
S-163e9d,A-ccabf0,2024-03-03,,Enterprise,11,2189,26268,f,f,f,annual,t,no_change
S-8324d4,A-5a215a,2024-07-13,2024-08-03,Pro,87,0,0,t,f,f,monthly,t,no_change
S-22f848,A-993085,2023-10-15,,Enterprise,49,9751,117012,f,f,f,annual,t,no_change
S-b32512,A-854864,2024-12-25,,Enterprise,20,3980,47760,f,f,f,monthly,t,no_change
S-98ac99,A-8ed5dd,2023-11-09,,Basic,5,95,1140,f,t,f,annual,t,upgrade
S-93fab3,A-9f9299,2024-11-10,2024-12-31,Pro,28,1372,16464,f,f,f,annual,t,no_change
S-838330,A-5a215a,2024-06-20,,Pro,87,0,0,t,f,f,annual,f,no_change
S-720d62,A-c16101,2024-10-05,,Basic,53,1007,12084,f,f,f,monthly,t,no_change
S-e2500e,A-5b4ebb,2024-12-06,,Basic,21,0,0,t,f,f,monthly,t,no_change
S-2c091a,A-32728c,2023-06-20,,Pro,20,980,11760,f,f,f,annual,t,no_change
S-55d53c,A-2f6a32,2024-12-08,,Basic,19,361,4332,f,f,f,annual,t,no_change
S-df2fb8,A-0e966d,2024-08-17,,Pro,55,0,0,t,f,f,annual,t,no_change
S-24ae40,A-328bd0,2024-02-11,2024-03-28,Basic,18,342,4104,f,f,f,monthly,t,no_change
S-bdd4c5,A-5a92e7,2024-12-03,,Pro,28,1372,16464,f,f,f,monthly,t,no_change
S-2196c4,A-425e76,2024-04-16,,Basic,8,152,1824,f,f,f,monthly,t,no_change
S-9626f8,A-d4ac0e,2024-08-25,,Pro,18,882,10584,f,f,f,annual,t,no_change
S-03340d,A-4ef964,2024-04-01,,Enterprise,17,3383,40596,f,f,f,annual,f,no_change
S-ae1882,A-9f9299,2024-10-25,,Basic,61,1159,13908,f,f,f,monthly,f,no_change
S-1cdd2c,A-ac9111,2024-03-06,,Pro,21,1029,12348,f,f,f,monthly,f,no_change
S-6b7aa4,A-c37601,2024-11-29,,Basic,22,418,5016,f,f,f,monthly,t,no_change
S-dfe952,A-e351e1,2024-09-27,,Basic,33,627,7524,f,f,f,monthly,t,no_change
S-763384,A-526d93,2024-07-24,,Pro,43,0,0,t,f,f,annual,t,no_change
S-3e6a40,A-94c3cd,2024-08-07,,Enterprise,32,0,0,t,f,f,monthly,t,no_change
S-5fffe8,A-4e631b,2024-07-26,,Basic,22,418,5016,f,f,f,monthly,t,no_change
S-e51242,A-8145a0,2023-11-13,,Enterprise,9,1791,21492,f,f,f,annual,t,no_change
S-ae3270,A-fdfc91,2023-09-14,,Basic,29,551,6612,f,f,f,annual,t,no_change
S-808668,A-e351e1,2024-10-01,,Pro,33,1617,19404,f,f,f,monthly,t,no_change
S-388f70,A-40a557,2024-09-21,,Pro,18,0,0,t,f,f,annual,t,no_change
S-b84a07,A-7c4956,2023-06-05,,Pro,9,441,5292,f,f,f,annual,t,no_change
S-a24476,A-91e948,2024-01-26,,Basic,41,0,0,t,f,f,monthly,t,no_change
S-ff78bf,A-50f3f7,2024-05-13,,Pro,31,0,0,t,f,f,monthly,f,no_change
S-695c1e,A-ce66f8,2024-07-02,,Enterprise,37,7363,88356,f,f,f,monthly,t,no_change
S-f97609,A-712f1c,2024-05-15,,Pro,38,1862,22344,f,t,f,annual,f,upgrade
S-fee60b,A-4a267b,2024-09-22,2024-09-29,Pro,46,2254,27048,f,f,f,monthly,t,no_change
S-3cc163,A-df10db,2024-07-02,,Basic,68,0,0,t,t,f,annual,f,upgrade
S-534c28,A-e888d1,2024-09-16,,Basic,14,266,3192,f,f,f,monthly,t,no_change
S-e1d553,A-692f18,2024-09-27,,Pro,9,0,0,t,f,f,annual,t,no_change
S-358daa,A-39b19f,2024-09-04,,Enterprise,24,0,0,t,f,f,annual,t,no_change
S-ff2761,A-0cc442,2024-09-25,,Basic,45,855,10260,f,t,f,monthly,t,upgrade
S-b6d200,A-d27f50,2024-12-19,,Basic,44,836,10032,f,f,f,monthly,t,no_change
S-518472,A-e7beab,2024-12-08,,Pro,19,931,11172,f,f,f,monthly,t,no_change
S-682d28,A-fdfc91,2024-08-31,,Enterprise,47,9353,112236,f,f,f,annual,t,no_change
S-0a2238,A-c7ffc2,2024-09-16,,Basic,30,570,6840,f,f,f,monthly,t,no_change
S-6e4c1a,A-94f8c9,2024-08-02,,Enterprise,13,2587,31044,f,f,f,monthly,t,no_change
S-7564e1,A-313be3,2024-08-14,,Enterprise,47,0,0,t,f,f,monthly,t,no_change
S-41023c,A-49b828,2023-12-15,,Enterprise,31,6169,74028,f,f,f,annual,t,no_change
S-6e0006,A-5b051a,2024-09-18,,Basic,22,418,5016,f,f,f,monthly,t,no_change
S-7e1791,A-a6d261,2024-05-09,,Enterprise,9,1791,21492,f,f,f,annual,t,no_change
S-1109d6,A-a2485e,2024-08-11,,Enterprise,3,597,7164,f,f,t,annual,t,downgrade
S-b35203,A-ac85cd,2024-12-23,,Enterprise,53,10547,126564,f,f,t,monthly,t,downgrade
S-ef4ad8,A-bcf87c,2024-08-14,,Pro,10,490,5880,f,f,f,annual,f,no_change
S-2dad6b,A-104f1a,2024-12-20,,Basic,34,646,7752,f,f,f,monthly,t,no_change
S-4c100f,A-eb7fac,2024-02-24,,Enterprise,136,27064,324768,f,f,f,monthly,f,no_change
S-17cfc4,A-592832,2024-12-01,,Pro,18,0,0,t,f,t,monthly,t,downgrade
S-c317f9,A-86902e,2023-11-24,,Basic,34,646,7752,f,f,f,annual,t,no_change
S-3311b1,A-7cfe77,2024-08-24,,Pro,69,3381,40572,f,t,f,monthly,t,upgrade
S-26e8f0,A-d40bf7,2024-11-17,,Enterprise,59,11741,140892,f,f,f,monthly,f,no_change
S-807d87,A-69b156,2024-01-16,,Enterprise,28,5572,66864,f,f,f,annual,t,no_change
S-c4aa5f,A-ccb686,2024-02-28,,Pro,52,2548,30576,f,f,f,annual,f,no_change
S-86c28f,A-8adedc,2024-04-02,,Pro,79,3871,46452,f,f,f,annual,t,no_change
S-d635a2,A-ff79f2,2024-05-29,,Basic,12,228,2736,f,f,f,annual,t,no_change
S-463525,A-016043,2024-12-02,,Enterprise,13,2587,31044,f,f,f,annual,t,no_change
S-b2238e,A-104f1a,2024-11-16,,Basic,24,456,5472,f,f,f,monthly,t,no_change
S-d01053,A-779e4e,2023-11-12,2024-10-29,Enterprise,36,7164,85968,f,f,f,annual,t,no_change
S-b9bbfd,A-118d55,2024-11-13,,Enterprise,36,7164,85968,f,f,f,monthly,t,no_change
S-790762,A-ac85cd,2024-12-24,,Pro,53,2597,31164,f,f,f,monthly,t,no_change
S-321498,A-3a7284,2024-12-25,2024-12-31,Pro,31,0,0,t,f,f,monthly,t,no_change
S-8cf2ef,A-600734,2024-08-29,,Basic,42,798,9576,f,f,f,annual,f,no_change
S-48aa95,A-a8b49c,2024-03-23,,Enterprise,7,1393,16716,f,f,f,monthly,t,no_change
S-42218c,A-e2cd1b,2024-07-30,,Pro,45,2205,26460,f,f,f,monthly,t,no_change
S-e6e96f,A-cbd1a3,2024-11-30,,Enterprise,8,0,0,t,f,f,annual,f,no_change
S-627cfa,A-9bfc9f,2023-09-19,2024-01-04,Pro,53,2597,31164,f,f,f,monthly,t,no_change
S-47a04b,A-b54c01,2024-10-07,,Pro,29,0,0,t,f,f,annual,t,no_change
S-2a6eb3,A-80eeb6,2023-08-27,,Enterprise,68,13532,162384,f,f,f,monthly,t,no_change
S-c5f3d4,A-9f2731,2024-11-22,,Pro,5,0,0,t,f,f,annual,t,no_change
S-c3bf1d,A-55f257,2024-03-15,,Pro,9,441,5292,f,f,f,annual,t,no_change
S-a82441,A-4a267b,2024-08-09,,Pro,25,1225,14700,f,f,f,annual,t,no_change
S-ccdf41,A-94f8c9,2024-11-29,,Enterprise,17,3383,40596,f,f,f,monthly,t,no_change
S-3503cb,A-c43359,2024-12-14,,Basic,38,722,8664,f,f,f,monthly,t,no_change
S-ed32c7,A-37f969,2023-10-24,,Pro,30,1470,17640,f,f,f,annual,f,no_change
S-64bd69,A-ac9111,2023-10-04,,Basic,21,399,4788,f,f,f,annual,t,no_change
S-abd244,A-66224b,2024-12-05,,Basic,92,1748,20976,f,f,f,monthly,f,no_change
S-1e83a6,A-443b7c,2024-12-29,,Basic,8,152,1824,f,f,f,annual,t,no_change
S-e86a94,A-443f6f,2024-12-26,,Pro,19,931,11172,f,f,f,monthly,t,no_change
S-2480b0,A-6e08f3,2024-12-27,,Basic,13,247,2964,f,f,f,annual,t,no_change
S-095083,A-98a59a,2023-09-27,,Basic,56,1064,12768,f,f,f,annual,t,no_change
S-07abdd,A-f19409,2023-09-26,,Pro,34,1666,19992,f,f,f,annual,t,no_change
S-c29f3a,A-b7b7b7,2024-09-10,,Pro,24,1176,14112,f,t,f,monthly,f,upgrade
S-b4ac47,A-3b5cd1,2023-10-07,,Pro,31,1519,18228,f,f,f,annual,f,no_change
S-2e017b,A-432483,2023-04-02,2023-04-05,Pro,5,245,2940,f,f,f,annual,t,no_change
S-c64e87,A-f3ff05,2024-09-19,,Enterprise,27,5373,64476,f,f,f,annual,t,no_change
S-c24467,A-e888d1,2023-07-05,,Basic,50,0,0,t,f,f,monthly,f,no_change
S-f7b0e0,A-66224b,2024-11-24,,Basic,92,1748,20976,f,f,f,annual,t,no_change
S-edeacd,A-59f724,2024-01-01,,Pro,18,882,10584,f,f,f,annual,t,no_change
S-3d6b69,A-2446e3,2024-09-16,,Enterprise,27,5373,64476,f,f,f,annual,f,no_change
S-ef2a21,A-427b69,2024-11-28,2024-12-09,Pro,36,1764,21168,f,f,f,annual,t,no_change
S-e052d8,A-4e44e8,2024-10-26,,Pro,25,0,0,t,f,f,annual,t,no_change
S-2d51ca,A-96e141,2023-12-05,,Pro,32,1568,18816,f,f,f,monthly,t,no_change
S-0921a1,A-ee42db,2023-08-02,,Basic,22,418,5016,f,f,f,annual,t,no_change
S-62c98f,A-5a92e7,2024-10-27,,Pro,35,1715,20580,f,f,f,monthly,t,no_change
S-1cff77,A-5a3eb9,2023-09-20,,Pro,65,3185,38220,f,f,f,annual,t,no_change
S-3a28a1,A-b9f5b1,2024-07-25,,Enterprise,15,2985,35820,f,f,f,annual,t,no_change
S-42aaf0,A-6da850,2024-12-31,2024-12-31,Basic,6,114,1368,f,f,f,annual,t,no_change
S-d02277,A-05f0e5,2024-06-11,,Enterprise,92,18308,219696,f,t,f,monthly,t,upgrade
S-72b92f,A-bd4708,2024-12-14,,Enterprise,37,7363,88356,f,f,f,monthly,f,no_change
S-15609d,A-94d3da,2024-08-04,,Basic,41,0,0,t,f,f,monthly,f,no_change
S-6d12c1,A-d26ab4,2024-11-20,,Basic,11,209,2508,f,f,f,monthly,t,no_change
S-1bf267,A-c42f1f,2024-11-13,,Basic,28,532,6384,f,f,f,annual,t,no_change
S-2d4edf,A-69fad4,2023-09-04,,Enterprise,6,1194,14328,f,f,f,annual,f,no_change
S-050a91,A-d27f50,2024-08-06,,Basic,45,855,10260,f,f,f,annual,t,no_change
S-e41457,A-5f2961,2024-12-17,,Enterprise,4,796,9552,f,f,f,annual,t,no_change
S-9f2386,A-558c72,2024-03-09,,Enterprise,15,2985,35820,f,f,f,annual,t,no_change
S-e23fd8,A-cc98bc,2023-06-05,,Enterprise,32,0,0,t,f,f,annual,t,no_change
S-c1056f,A-6f8ad2,2024-10-23,,Basic,21,399,4788,f,f,f,monthly,f,no_change
S-c4c9ce,A-625d0b,2024-11-16,2024-11-22,Enterprise,10,1990,23880,f,f,f,monthly,t,no_change
S-dc90ef,A-bcf87c,2024-07-22,,Pro,17,833,9996,f,f,f,annual,t,no_change
S-fc1114,A-4c56c9,2024-07-17,2024-10-23,Pro,18,882,10584,f,f,f,annual,t,no_change
S-b95110,A-b07b56,2024-12-16,,Pro,25,1225,14700,f,f,f,monthly,f,no_change
S-e2e052,A-91e948,2023-11-07,,Pro,41,2009,24108,f,f,f,monthly,t,no_change
S-0de78a,A-e4144b,2024-12-12,,Basic,41,779,9348,f,f,f,annual,t,no_change
S-8a37c8,A-054577,2024-12-09,,Pro,8,392,4704,f,f,f,monthly,t,no_change
S-8d6cec,A-32fb14,2024-07-05,,Pro,32,1568,18816,f,t,f,annual,t,upgrade
S-65dd83,A-592832,2024-11-07,,Pro,36,1764,21168,f,f,f,annual,t,no_change
S-fa7c1a,A-df10db,2024-10-21,,Enterprise,12,2388,28656,f,f,f,monthly,t,no_change
S-cc964d,A-d26ab4,2024-11-21,,Basic,15,0,0,t,f,f,annual,t,no_change
S-e72beb,A-712533,2024-10-26,,Pro,70,3430,41160,f,t,f,annual,t,upgrade
S-80199e,A-50bb9f,2024-10-26,,Enterprise,18,3582,42984,f,t,f,monthly,t,upgrade
S-b6f87e,A-8b25f2,2024-09-30,,Basic,10,190,2280,f,f,f,annual,t,no_change
S-6129d4,A-6965e1,2024-12-26,,Enterprise,13,2587,31044,f,f,f,annual,t,no_change
S-7b647e,A-d62e02,2024-09-03,,Enterprise,10,1990,23880,f,f,t,monthly,t,downgrade
S-426f2f,A-8145a0,2024-03-08,,Enterprise,3,597,7164,f,f,f,annual,t,no_change
S-02cde8,A-5b4ebb,2024-11-21,,Enterprise,63,12537,150444,f,f,f,monthly,t,no_change
S-61a87e,A-91e948,2023-08-14,,Basic,41,779,9348,f,f,f,monthly,t,no_change
S-5698bd,A-52dd88,2023-03-26,,Pro,26,1274,15288,f,f,f,monthly,f,no_change
S-702fe2,A-d77f4c,2024-03-27,,Enterprise,11,2189,26268,f,f,f,monthly,t,no_change
S-3e510d,A-50f3f7,2024-06-27,,Pro,31,1519,18228,f,f,t,annual,t,downgrade
S-ec7c12,A-cbd1a3,2024-12-02,,Enterprise,6,1194,14328,f,f,f,monthly,t,no_change
S-d725da,A-f17767,2024-02-15,,Pro,22,1078,12936,f,f,f,annual,t,no_change
S-c84c8d,A-7988d1,2024-08-18,,Enterprise,92,0,0,t,f,f,annual,t,no_change
S-049328,A-39b19f,2023-07-20,,Pro,55,2695,32340,f,f,f,monthly,t,no_change
S-d9ad28,A-4f18f0,2024-04-28,,Pro,24,1176,14112,f,f,f,monthly,f,no_change
S-eec041,A-c43359,2024-12-22,,Basic,38,722,8664,f,t,f,monthly,t,upgrade
S-a554da,A-712f1c,2024-04-09,2024-07-23,Enterprise,17,3383,40596,f,f,f,annual,t,no_change
S-2ccc04,A-9a532a,2024-10-18,,Enterprise,11,2189,26268,f,f,f,monthly,t,no_change
S-984f8b,A-db5e9e,2024-12-28,2024-12-28,Enterprise,17,3383,40596,f,f,t,annual,t,downgrade
S-d3613b,A-6f50ae,2023-11-27,,Enterprise,19,0,0,t,f,f,monthly,t,no_change
S-e27a20,A-ffc04f,2024-12-28,,Basic,13,247,2964,f,f,f,monthly,t,no_change
S-41871d,A-029f69,2024-08-10,,Enterprise,3,597,7164,f,f,f,annual,t,no_change
S-9686c6,A-eb2fdc,2024-05-31,2024-09-25,Pro,33,1617,19404,f,f,f,annual,f,no_change
S-9b1f0e,A-e83938,2024-07-16,,Pro,2,98,1176,f,t,f,annual,t,upgrade
S-3445f5,A-7f6b86,2023-10-15,,Basic,45,855,10260,f,f,f,annual,f,no_change
S-f6e14c,A-8bde0c,2024-12-15,,Enterprise,28,5572,66864,f,f,f,annual,t,no_change
S-94cfff,A-439b2f,2024-04-16,2024-05-18,Pro,22,0,0,t,f,f,annual,t,no_change
S-ceb9bd,A-7da956,2024-11-12,,Pro,20,980,11760,f,f,f,annual,t,no_change
S-2c270f,A-9f9299,2024-08-02,,Enterprise,28,5572,66864,f,f,f,annual,f,no_change
S-baba71,A-8b25f2,2024-05-03,,Enterprise,10,1990,23880,f,f,f,monthly,t,no_change
S-d33d84,A-31ab9a,2024-04-01,,Enterprise,3,597,7164,f,f,f,annual,t,no_change
S-c1012c,A-b7b7b7,2024-09-19,,Enterprise,24,4776,57312,f,f,f,monthly,t,no_change
S-42af3d,A-40de06,2023-06-03,,Enterprise,28,5572,66864,f,f,f,annual,t,no_change
S-d4cc9b,A-10b8f2,2023-10-03,,Pro,54,2646,31752,f,f,f,annual,t,no_change
S-1351ac,A-0cc442,2024-07-27,,Enterprise,45,0,0,t,f,f,monthly,t,no_change
S-753a0a,A-ad64c6,2024-06-15,,Enterprise,28,5572,66864,f,f,f,annual,f,no_change
S-62a710,A-42b791,2024-11-07,,Pro,22,1078,12936,f,f,f,annual,t,no_change
S-85eb8f,A-59f724,2024-01-29,,Enterprise,22,4378,52536,f,f,f,monthly,t,no_change
S-e6f639,A-37f969,2023-12-02,,Pro,30,1470,17640,f,f,f,monthly,t,no_change
S-85ba19,A-6965e1,2024-12-11,,Enterprise,13,2587,31044,f,t,f,monthly,t,upgrade
S-a14f63,A-e1b9cd,2024-02-04,,Enterprise,40,7960,95520,f,f,t,monthly,t,downgrade
S-f80ef5,A-e51ec7,2024-03-22,,Basic,5,0,0,t,f,f,annual,t,no_change
S-ed4e09,A-e43bf7,2024-02-26,,Pro,44,2156,25872,f,t,f,annual,t,upgrade
S-f49e0b,A-7f6b86,2024-01-21,2024-03-21,Pro,45,2205,26460,f,t,f,annual,t,upgrade
S-22be2c,A-35083d,2024-12-15,,Enterprise,49,9751,117012,f,f,f,monthly,t,no_change
S-6587d8,A-2446e3,2024-04-18,,Enterprise,27,5373,64476,f,f,f,monthly,f,no_change
S-44fba6,A-82d8a6,2024-12-22,,Enterprise,7,0,0,t,f,f,annual,t,no_change
S-f14c84,A-fa2041,2024-06-11,,Basic,18,0,0,t,f,f,monthly,t,no_change
S-f243c1,A-e888d1,2024-03-12,2024-12-28,Pro,14,0,0,t,f,f,annual,t,no_change
S-ca454e,A-9174e0,2024-12-14,,Enterprise,37,7363,88356,f,f,f,monthly,t,no_change
S-3e8283,A-940b8b,2024-04-29,,Pro,24,1176,14112,f,t,f,annual,f,upgrade
S-70ae65,A-df1e44,2024-05-23,,Pro,63,3087,37044,f,t,f,monthly,t,upgrade
S-f615d2,A-0a282f,2024-10-23,,Pro,18,882,10584,f,t,f,monthly,t,upgrade
S-a8f236,A-855a48,2024-03-17,,Enterprise,14,2786,33432,f,f,f,monthly,f,no_change
S-684751,A-86cdb4,2024-12-31,,Basic,17,323,3876,f,f,f,monthly,t,no_change
S-4d9635,A-dcc3f1,2024-08-05,,Enterprise,22,4378,52536,f,f,f,annual,t,no_change
S-43c489,A-c222ab,2024-08-27,,Pro,32,1568,18816,f,f,f,annual,t,no_change
S-a346d6,A-0a282f,2024-08-31,2024-09-25,Enterprise,19,3781,45372,f,f,f,annual,t,no_change
S-47ce2d,A-d792a6,2023-02-06,,Pro,37,1813,21756,f,f,f,monthly,t,no_change
S-b4212b,A-10b8da,2023-05-12,2024-01-21,Enterprise,17,3383,40596,f,t,f,monthly,t,upgrade
S-006908,A-d82ef9,2024-09-28,,Pro,26,1274,15288,f,f,t,monthly,t,downgrade
S-60b7c7,A-02fac6,2024-05-02,,Enterprise,23,4577,54924,f,f,f,annual,f,no_change
S-3e54f5,A-157070,2023-12-12,,Basic,17,323,3876,f,f,f,annual,t,no_change
S-e32789,A-ac85cd,2024-10-13,,Pro,53,2597,31164,f,f,t,annual,t,downgrade
S-6f398a,A-8ed5dd,2023-11-13,,Pro,5,245,2940,f,f,f,annual,t,no_change
S-ccc0fe,A-1619f8,2024-11-28,,Basic,29,551,6612,f,f,f,monthly,t,no_change
S-1dd0ad,A-ac85cd,2024-11-11,,Basic,53,1007,12084,f,t,f,monthly,t,upgrade
S-52385a,A-0aaf6e,2024-11-13,,Basic,3,57,684,f,f,f,monthly,t,no_change
S-26a630,A-5247b3,2024-03-23,,Enterprise,16,3184,38208,f,f,f,monthly,t,no_change
S-904784,A-9badbd,2024-09-20,,Enterprise,20,0,0,t,f,f,monthly,f,no_change
S-80a6a6,A-4437e4,2024-12-07,,Enterprise,3,597,7164,f,f,f,annual,t,no_change
S-d2d423,A-72799b,2024-08-12,,Enterprise,20,3980,47760,f,f,f,monthly,t,no_change
S-bdac36,A-443f6f,2024-12-08,,Enterprise,19,3781,45372,f,f,f,monthly,f,no_change
S-a68f4f,A-2ebb4b,2023-06-04,,Basic,41,0,0,t,f,f,monthly,t,no_change
S-eb84b1,A-05d3b3,2024-08-24,,Pro,9,441,5292,f,f,f,monthly,f,no_change
S-c9b181,A-443b7c,2024-10-08,,Pro,28,1372,16464,f,t,f,monthly,t,upgrade
S-2e55e6,A-f19409,2024-12-20,,Basic,35,665,7980,f,f,f,annual,f,no_change
S-863c87,A-e43bf7,2023-07-05,,Enterprise,70,13930,167160,f,t,f,annual,t,upgrade
S-7564c5,A-96215d,2024-09-12,,Pro,17,833,9996,f,f,f,monthly,f,no_change
S-8a9db8,A-474ad4,2024-11-30,2024-12-07,Enterprise,8,1592,19104,f,f,f,annual,t,no_change
S-200752,A-4d1e75,2024-09-17,,Pro,20,980,11760,f,t,f,monthly,f,upgrade
S-74e211,A-3d957b,2024-07-15,,Pro,14,686,8232,f,t,f,monthly,f,upgrade
S-2aadef,A-1619f8,2024-11-16,,Pro,29,1421,17052,f,f,f,annual,t,no_change
S-fdc415,A-726cfa,2023-08-10,,Enterprise,30,5970,71640,f,f,f,annual,t,no_change
S-c03f87,A-6f50ae,2024-01-05,,Enterprise,19,3781,45372,f,f,f,annual,t,no_change
S-a245f6,A-86902e,2023-12-28,,Basic,34,646,7752,f,f,f,monthly,t,no_change
S-a1cc61,A-bc4d48,2024-07-04,,Basic,35,665,7980,f,f,f,annual,t,no_change
S-9b96c2,A-02cd81,2024-05-13,,Enterprise,44,8756,105072,f,f,f,monthly,t,no_change
S-2e79e8,A-cb5333,2024-05-16,,Pro,33,0,0,t,f,f,monthly,t,no_change
S-f965de,A-ab438f,2024-10-20,2024-12-18,Pro,64,0,0,t,t,f,monthly,t,upgrade
S-abff7d,A-94f8c9,2024-06-26,,Basic,20,0,0,t,f,f,annual,t,no_change
S-791c64,A-a1b80b,2024-11-07,,Pro,16,0,0,t,f,f,annual,t,no_change
S-7b7be8,A-d42431,2024-07-08,,Basic,91,1729,20748,f,f,f,monthly,t,no_change
S-6055d4,A-ce550d,2024-11-13,,Enterprise,35,0,0,t,f,f,monthly,t,no_change
S-938e4e,A-794a0b,2024-06-02,,Pro,23,0,0,t,f,f,annual,f,no_change
S-1f3254,A-4c56c9,2024-12-29,,Basic,18,342,4104,f,f,f,annual,t,no_change
S-2c4909,A-659280,2024-05-10,,Basic,13,247,2964,f,f,f,monthly,f,no_change
S-e143c9,A-bd4513,2024-12-01,,Pro,50,2450,29400,f,f,f,annual,t,no_change
S-c3213f,A-1d5444,2024-08-02,,Enterprise,41,8159,97908,f,f,f,annual,f,no_change
S-102053,A-4e0e85,2024-04-10,,Enterprise,6,1194,14328,f,f,f,monthly,t,no_change
S-43c2e3,A-6f8ad2,2024-08-11,,Enterprise,35,6965,83580,f,t,f,monthly,t,upgrade
S-a2b83d,A-cc8c8f,2024-07-26,,Basic,23,437,5244,f,f,f,annual,t,no_change
S-b6793d,A-6f50ae,2024-07-19,,Pro,22,1078,12936,f,f,f,annual,f,no_change
S-a3a1c1,A-f25509,2024-10-02,,Pro,47,2303,27636,f,f,f,monthly,t,no_change
S-260e48,A-7f4db3,2023-07-16,,Pro,10,490,5880,f,f,f,annual,t,no_change
S-e98296,A-6f8ad2,2024-10-22,,Pro,16,784,9408,f,f,t,monthly,t,downgrade
S-7d55dc,A-08e34e,2024-09-01,,Enterprise,30,5970,71640,f,f,f,annual,t,no_change
S-d26ff6,A-a0ca4e,2024-12-01,,Enterprise,26,5174,62088,f,f,f,monthly,t,no_change
S-ba8c46,A-9f0b68,2024-10-16,,Pro,18,882,10584,f,t,f,monthly,t,upgrade
S-992c2a,A-d922bf,2024-08-11,,Enterprise,26,0,0,t,f,f,monthly,t,no_change
S-19f899,A-331424,2024-05-01,,Enterprise,11,2189,26268,f,f,f,annual,f,no_change
S-b95751,A-02cd81,2024-04-24,,Basic,44,0,0,t,f,f,monthly,t,no_change
S-d74a31,A-993085,2024-09-23,,Pro,33,1617,19404,f,f,f,monthly,t,no_change
S-676254,A-854864,2024-12-31,,Pro,20,980,11760,f,f,f,annual,t,no_change
S-3ad7c4,A-f17767,2024-01-03,2024-01-28,Pro,11,539,6468,f,t,f,monthly,t,upgrade
S-96fb48,A-1f7acb,2024-08-27,,Pro,64,3136,37632,f,f,t,monthly,t,downgrade
S-afea79,A-05f0e5,2024-08-16,,Pro,32,1568,18816,f,t,f,annual,f,upgrade
S-c8a983,A-2d4502,2024-12-04,,Pro,12,588,7056,f,f,f,annual,f,no_change
S-e3c3c8,A-856b1e,2023-12-30,,Pro,25,1225,14700,f,t,f,monthly,f,upgrade
S-020222,A-02fac6,2024-05-23,,Pro,22,1078,12936,f,f,f,monthly,t,no_change
S-65c079,A-417d2f,2023-07-04,,Basic,5,95,1140,f,f,f,annual,t,no_change
S-056af2,A-054577,2024-09-05,,Enterprise,75,14925,179100,f,f,f,monthly,t,no_change
S-09761d,A-6843f2,2024-12-31,,Pro,23,1127,13524,f,f,f,annual,t,no_change
S-a7d379,A-702032,2024-11-28,,Basic,28,532,6384,f,f,f,monthly,t,no_change
S-a903ad,A-59f724,2024-06-22,,Pro,27,1323,15876,f,f,f,annual,t,no_change
S-de3416,A-0dbdc6,2024-12-15,,Pro,47,2303,27636,f,f,f,annual,t,no_change
S-9161b0,A-4d1e75,2024-09-14,,Enterprise,62,12338,148056,f,t,f,monthly,t,upgrade
S-f3274c,A-43a9e3,2024-02-07,,Pro,18,882,10584,f,f,f,annual,f,no_change
S-2991c7,A-443b7c,2024-11-11,,Pro,38,1862,22344,f,f,f,monthly,t,no_change
S-239a39,A-30b4ca,2024-07-01,,Pro,86,4214,50568,f,f,f,monthly,t,no_change
S-19f80d,A-d62e02,2024-12-02,,Basic,32,608,7296,f,f,f,annual,t,no_change
S-13c8b6,A-89ee83,2024-10-29,,Basic,27,513,6156,f,f,f,monthly,t,no_change
S-d5a07a,A-19b2c8,2024-07-12,,Basic,24,456,5472,f,f,f,annual,t,no_change
S-e5ba1c,A-39868b,2024-06-22,,Enterprise,9,1791,21492,f,f,f,annual,t,no_change
S-e2793d,A-4c38bc,2024-10-07,,Basic,36,684,8208,f,f,f,monthly,t,no_change
S-a37653,A-812c5b,2024-10-12,,Pro,55,2695,32340,f,f,f,monthly,f,no_change
S-0b25d7,A-0e966d,2024-10-30,,Basic,22,418,5016,f,f,f,monthly,t,no_change
S-75c1b4,A-5a3eb9,2024-12-10,2024-12-28,Pro,18,882,10584,f,f,f,annual,t,no_change
S-7262b9,A-4a4c2d,2024-10-03,,Basic,54,1026,12312,f,f,f,monthly,t,no_change
S-6c6e62,A-5fe118,2024-12-29,,Basic,39,0,0,t,f,f,monthly,t,no_change
S-add03a,A-0cc442,2024-12-18,,Enterprise,45,8955,107460,f,f,f,annual,t,no_change
S-648e54,A-993085,2024-06-28,,Pro,31,1519,18228,f,t,f,monthly,t,upgrade
S-01bbfe,A-50f3f7,2024-07-12,,Pro,31,1519,18228,f,f,f,annual,t,no_change
S-6c9dc9,A-de24d5,2024-12-26,,Basic,10,190,2280,f,f,f,monthly,t,no_change
S-826424,A-fa2041,2024-10-30,,Enterprise,18,3582,42984,f,f,f,annual,t,no_change
S-e64c2b,A-c16b88,2024-11-25,,Enterprise,23,4577,54924,f,t,f,annual,f,upgrade
S-c693b6,A-d4ac0e,2024-08-09,,Basic,27,513,6156,f,t,f,monthly,f,upgrade
S-096065,A-2b9d3e,2024-03-27,,Enterprise,11,0,0,t,f,f,annual,t,no_change
S-d449e1,A-ccabf0,2024-10-15,2024-11-06,Basic,25,0,0,t,f,f,annual,t,no_change
S-592c0d,A-a7bd4b,2023-06-13,,Pro,5,0,0,t,f,f,annual,t,no_change
S-ab24c6,A-4e631b,2024-10-15,,Enterprise,22,4378,52536,f,f,t,annual,t,downgrade
S-e32b34,A-4c56c9,2024-07-23,,Basic,12,228,2736,f,f,f,monthly,t,no_change
S-191550,A-6c093d,2024-05-08,,Basic,15,285,3420,f,t,f,monthly,t,upgrade
S-c65c8b,A-bc4d48,2024-06-26,,Basic,35,665,7980,f,f,f,annual,f,no_change
S-39e88c,A-3b37d9,2023-07-10,,Pro,23,1127,13524,f,f,f,annual,t,no_change
S-9a08ff,A-a1bbb6,2023-06-07,,Enterprise,16,3184,38208,f,f,f,annual,f,no_change
S-95d15a,A-9289f6,2024-12-05,,Basic,13,247,2964,f,f,f,annual,t,no_change
S-7c5f3b,A-1e1b80,2024-04-30,,Basic,50,950,11400,f,f,f,monthly,t,no_change
S-70af60,A-0354fe,2024-12-10,,Basic,34,0,0,t,f,f,annual,t,no_change
S-175429,A-b54c01,2024-12-23,,Basic,29,551,6612,f,f,f,annual,f,no_change
S-d36b9f,A-0cc442,2024-11-01,,Enterprise,45,8955,107460,f,f,f,annual,f,no_change
S-65071f,A-b9f5b1,2024-08-11,,Basic,43,817,9804,f,f,f,monthly,t,no_change
S-ab63e3,A-0354fe,2024-11-23,,Basic,34,646,7752,f,f,f,annual,t,no_change
S-260d1e,A-337bc1,2024-03-05,,Enterprise,31,6169,74028,f,f,f,annual,t,no_change
S-bdc6b7,A-7f29a7,2024-12-02,2024-12-25,Enterprise,41,8159,97908,f,f,f,monthly,f,no_change
S-1c3522,A-075038,2023-11-26,,Pro,17,0,0,t,f,f,annual,t,no_change
S-891ad9,A-7988d1,2024-12-03,,Basic,33,0,0,t,f,f,monthly,t,no_change
S-2c1ca6,A-118f1c,2024-11-11,,Enterprise,32,6368,76416,f,f,f,monthly,f,no_change
S-11066a,A-779e4e,2023-02-12,2023-11-24,Pro,19,931,11172,f,f,f,annual,t,no_change
S-f4db1d,A-526d93,2024-07-05,,Enterprise,43,0,0,t,f,f,annual,t,no_change
S-45baa6,A-0a282f,2024-10-08,,Pro,4,196,2352,f,f,f,monthly,t,no_change
S-f74ac6,A-684255,2024-07-01,,Pro,9,441,5292,f,f,f,monthly,t,no_change
S-bc1457,A-69b156,2024-10-06,,Enterprise,7,1393,16716,f,f,t,annual,t,downgrade
S-b8daaa,A-4bfa33,2024-12-25,,Enterprise,8,0,0,t,f,f,annual,t,no_change
S-49aa80,A-a45270,2024-12-22,2024-12-30,Pro,3,147,1764,f,f,t,monthly,t,downgrade
S-9740c1,A-9f0b68,2024-06-14,,Enterprise,10,1990,23880,f,f,f,monthly,t,no_change
S-d6c9dc,A-80eeb6,2024-10-07,,Basic,27,513,6156,f,f,f,annual,t,no_change
S-1e8c9e,A-c37cab,2024-12-13,,Pro,13,637,7644,f,f,f,monthly,t,no_change
S-4c0b7b,A-e60f9d,2024-10-21,,Basic,60,1140,13680,f,f,t,annual,t,downgrade
S-e7b281,A-86902e,2024-05-05,,Pro,34,1666,19992,f,f,f,monthly,t,no_change
S-761a0f,A-d792a6,2024-10-17,,Enterprise,65,12935,155220,f,f,f,annual,t,no_change
S-859ee0,A-8bde0c,2024-12-26,,Enterprise,28,5572,66864,f,f,f,monthly,t,no_change
S-924925,A-4d1e75,2024-11-17,,Pro,31,1519,18228,f,f,f,monthly,f,no_change
S-c55cbb,A-798a3f,2024-09-11,,Enterprise,12,0,0,t,f,f,monthly,t,no_change
S-872bdd,A-d3c88e,2024-10-23,,Enterprise,16,3184,38208,f,f,f,annual,t,no_change
S-bf9b37,A-692f18,2024-05-25,,Pro,6,294,3528,f,f,f,annual,t,no_change
S-51924b,A-67be94,2024-01-18,,Basic,62,1178,14136,f,f,f,annual,t,no_change
S-b03125,A-fd9422,2024-12-20,,Pro,58,2842,34104,f,f,t,annual,t,downgrade
S-02ab8b,A-4e44e8,2024-11-03,,Enterprise,75,14925,179100,f,f,f,monthly,t,no_change
S-de5d6e,A-e36807,2024-09-25,,Basic,26,494,5928,f,f,f,monthly,t,no_change
S-e1fa5b,A-157070,2024-12-08,2024-12-25,Enterprise,16,3184,38208,f,f,f,monthly,t,no_change
S-b41494,A-b7724f,2023-06-03,,Basic,33,627,7524,f,f,f,monthly,t,no_change
S-d7ccbd,A-db5e9e,2024-12-22,,Pro,40,0,0,t,f,f,monthly,t,no_change
S-34f2f9,A-f19409,2024-09-16,,Enterprise,23,4577,54924,f,f,f,annual,t,no_change
S-54d2a3,A-712f1c,2024-01-21,,Enterprise,17,3383,40596,f,f,f,monthly,t,no_change
S-d1350e,A-6c093d,2024-07-27,,Enterprise,61,12139,145668,f,f,f,annual,t,no_change
S-e76e80,A-832ec2,2024-01-02,,Basic,25,0,0,t,f,f,monthly,t,no_change
S-f4097a,A-faa28c,2024-06-06,,Enterprise,48,9552,114624,f,f,f,monthly,f,no_change
S-d4f02f,A-342303,2024-07-10,,Pro,28,1372,16464,f,f,f,annual,t,no_change
S-bf3403,A-0cc442,2024-11-10,,Enterprise,45,8955,107460,f,f,f,annual,f,no_change
S-0a83cc,A-d922bf,2024-02-16,,Basic,5,0,0,t,f,f,annual,t,no_change
S-1a9fb7,A-b30291,2024-06-04,,Enterprise,16,3184,38208,f,f,f,monthly,t,no_change
S-1a3627,A-86fc1d,2024-12-31,,Basic,26,0,0,t,f,f,monthly,t,no_change
S-93f835,A-5a215a,2024-02-11,,Pro,87,4263,51156,f,t,f,monthly,t,upgrade
S-75e469,A-b78bf8,2024-12-28,,Pro,33,1617,19404,f,f,f,monthly,t,no_change
S-409291,A-3932db,2024-10-29,,Pro,36,1764,21168,f,f,f,annual,t,no_change
S-41cdf0,A-68f37c,2023-08-15,2023-11-03,Pro,17,0,0,t,t,f,monthly,t,upgrade
S-5be27b,A-5b4ebb,2024-10-18,,Enterprise,21,4179,50148,f,f,f,annual,t,no_change
S-8f7c91,A-ccb686,2024-12-11,,Basic,11,209,2508,f,f,f,annual,t,no_change
S-aaed3e,A-e6afc1,2024-12-18,,Pro,9,0,0,t,f,f,monthly,f,no_change
S-4fdfa3,A-5a3eb9,2024-11-09,,Enterprise,18,3582,42984,f,f,f,monthly,t,no_change
S-f421c8,A-9badbd,2024-06-29,,Basic,28,532,6384,f,f,f,annual,t,no_change
S-34553e,A-d49cc5,2024-06-25,,Basic,50,950,11400,f,f,f,annual,f,no_change
S-e6a17a,A-039727,2024-12-19,2024-12-30,Enterprise,25,4975,59700,f,t,f,annual,t,upgrade
S-9d36ff,A-2e3bad,2024-03-11,,Enterprise,61,0,0,t,f,f,monthly,t,no_change
S-583ae2,A-726cfa,2024-01-05,,Basic,17,323,3876,f,f,f,annual,f,no_change
S-e162d0,A-503d5a,2023-12-18,,Basic,19,0,0,t,f,f,monthly,t,no_change
S-96383d,A-39ddf4,2024-12-29,,Enterprise,40,7960,95520,f,f,f,annual,t,no_change
S-f0ad87,A-acb7f7,2024-10-13,,Basic,32,0,0,t,f,f,annual,f,no_change
S-d619ad,A-bc4d48,2024-06-29,,Pro,35,0,0,t,f,f,monthly,t,no_change
S-d65491,A-186a44,2024-12-17,,Pro,20,0,0,t,f,f,annual,t,no_change
S-34cc51,A-118d55,2024-11-21,,Basic,15,285,3420,f,f,f,annual,f,no_change
S-e4ba87,A-e40f45,2024-05-23,,Basic,27,513,6156,f,f,f,annual,t,no_change
S-709484,A-bcf664,2024-08-22,,Pro,8,392,4704,f,f,f,annual,t,no_change
S-631547,A-d82ef9,2024-11-28,,Basic,26,0,0,t,f,f,annual,f,no_change
S-d7e65d,A-5a92e7,2024-08-30,,Pro,20,980,11760,f,f,f,monthly,t,no_change
S-f32440,A-0a282f,2024-10-06,,Basic,40,760,9120,f,f,f,monthly,t,no_change
S-44d025,A-d4ac0e,2024-11-29,,Pro,18,882,10584,f,f,f,annual,t,no_change
S-e3a257,A-84ebe4,2024-02-14,,Pro,18,882,10584,f,f,f,annual,t,no_change
S-6e0562,A-9bfc9f,2024-03-15,,Pro,53,2597,31164,f,f,f,annual,t,no_change
S-11d378,A-f51f16,2024-02-18,,Basic,24,456,5472,f,t,f,monthly,t,upgrade
S-a69559,A-cd458b,2024-08-25,,Basic,10,190,2280,f,f,f,monthly,f,no_change
S-984423,A-96e141,2024-08-21,,Enterprise,25,4975,59700,f,f,f,monthly,t,no_change
S-49e3e5,A-6e7827,2023-06-11,,Basic,9,171,2052,f,t,f,monthly,t,upgrade
S-0b6e58,A-1e1b80,2024-07-05,,Enterprise,50,9950,119400,f,f,f,annual,f,no_change
S-16ef7a,A-751c58,2024-12-16,,Basic,16,0,0,t,f,f,monthly,t,no_change
S-3fb291,A-f51f16,2024-05-06,,Enterprise,39,7761,93132,f,f,f,annual,t,no_change
S-f6cd70,A-2ebb4b,2023-10-14,,Pro,41,2009,24108,f,f,f,annual,t,no_change
S-e7d026,A-0aaf6e,2024-12-25,,Enterprise,88,17512,210144,f,f,f,annual,t,no_change
S-c2fd82,A-84ebe4,2024-06-29,2024-11-06,Enterprise,82,0,0,t,f,f,monthly,t,no_change
S-38131a,A-aa9511,2024-04-13,,Enterprise,23,0,0,t,f,f,monthly,t,no_change
S-aa3a36,A-ccc747,2024-05-13,,Enterprise,16,0,0,t,t,f,monthly,f,upgrade
S-46eb1c,A-089363,2024-10-13,,Basic,11,209,2508,f,f,f,annual,f,no_change
S-6ed77d,A-fe79a5,2024-05-22,,Enterprise,9,1791,21492,f,f,f,monthly,t,no_change
S-f72b84,A-f44180,2024-06-22,,Pro,9,441,5292,f,f,f,monthly,t,no_change
S-0f0d3a,A-ad296b,2024-11-16,2024-11-20,Basic,38,722,8664,f,f,f,annual,t,no_change
S-05b080,A-b9eed8,2024-06-21,,Basic,11,209,2508,f,f,f,monthly,t,no_change
S-bae2c4,A-bb1486,2024-12-25,,Pro,67,3283,39396,f,f,f,annual,t,no_change
S-8ca9f0,A-e693b6,2024-09-01,2024-09-06,Basic,55,1045,12540,f,f,f,annual,t,no_change
S-33eb1d,A-02fac6,2024-09-20,,Enterprise,22,4378,52536,f,f,f,annual,f,no_change
S-45baac,A-1d5444,2024-05-31,,Enterprise,24,4776,57312,f,f,f,monthly,f,no_change
S-e9dc6e,A-4437e4,2024-08-15,,Pro,38,1862,22344,f,f,f,annual,t,no_change
S-871e83,A-8adedc,2024-03-21,,Enterprise,14,2786,33432,f,f,f,annual,t,no_change
S-88a47f,A-4437e4,2024-12-23,,Basic,9,171,2052,f,f,f,annual,t,no_change
S-9714fa,A-158f4e,2024-02-19,,Pro,61,2989,35868,f,f,f,annual,t,no_change
S-c77c84,A-0be015,2024-12-31,,Basic,19,0,0,t,f,f,monthly,f,no_change
S-86d360,A-b48f73,2024-11-23,,Basic,80,1520,18240,f,f,f,monthly,t,no_change
S-c15fcc,A-fd9422,2024-08-25,2024-10-02,Basic,58,1102,13224,f,f,f,monthly,f,no_change
S-b0ed51,A-98a59a,2024-08-08,,Enterprise,56,11144,133728,f,f,f,monthly,f,no_change
S-2e7756,A-b7b7b7,2024-08-27,,Pro,67,3283,39396,f,f,f,annual,t,no_change
S-2fe253,A-1f0636,2024-02-28,2024-10-30,Pro,105,0,0,t,f,f,annual,t,no_change
S-a575f5,A-039727,2024-12-09,,Basic,25,475,5700,f,f,f,annual,t,no_change
S-39bb68,A-d40bf7,2024-11-23,,Basic,59,1121,13452,f,f,f,monthly,t,no_change
S-7685a3,A-6da850,2024-08-05,,Basic,18,0,0,t,t,f,monthly,t,upgrade
S-712f3a,A-eb1312,2024-11-20,2024-12-26,Basic,25,475,5700,f,f,f,monthly,t,no_change
S-dfa4c8,A-eb7fac,2024-01-21,2024-04-22,Pro,7,343,4116,f,f,f,annual,t,no_change
S-f3dd83,A-00bed1,2024-08-28,,Enterprise,28,0,0,t,f,f,monthly,t,no_change
S-a900c2,A-4c56c9,2024-12-22,,Enterprise,24,4776,57312,f,f,f,annual,f,no_change
S-302856,A-e1b9cd,2023-05-24,2024-08-25,Basic,40,760,9120,f,f,f,annual,t,no_change
S-51b668,A-82d8a6,2024-12-28,,Basic,30,570,6840,f,f,f,monthly,t,no_change
S-310ae0,A-58b9ff,2024-09-13,2024-10-01,Enterprise,2,398,4776,f,f,f,monthly,t,no_change
S-21eeea,A-2b9d3e,2024-11-08,,Pro,29,1421,17052,f,f,f,monthly,t,no_change
S-7b9b62,A-cb5333,2024-09-17,,Pro,33,1617,19404,f,f,f,monthly,f,no_change
S-799da2,A-95b24a,2024-06-27,,Pro,38,1862,22344,f,f,f,monthly,t,no_change
S-e82bdc,A-4c38bc,2024-03-17,,Basic,36,684,8208,f,f,f,annual,t,no_change
S-879b43,A-3cc791,2024-03-26,,Enterprise,6,1194,14328,f,f,f,monthly,t,no_change
S-6fd24b,A-7988d1,2024-08-19,,Enterprise,33,6567,78804,f,f,f,monthly,t,no_change
S-d2e00a,A-4c56c9,2024-09-17,,Enterprise,9,1791,21492,f,f,f,monthly,t,no_change
S-a916cb,A-eb7c38,2024-10-28,,Enterprise,35,6965,83580,f,f,f,monthly,t,no_change
S-3fe1c3,A-0158bb,2024-10-23,,Enterprise,20,0,0,t,f,f,monthly,t,no_change
S-dccf50,A-a09355,2024-11-28,,Enterprise,23,4577,54924,f,f,f,annual,f,no_change
S-023f3c,A-b9eed8,2024-03-16,,Enterprise,15,2985,35820,f,f,f,annual,f,no_change
S-c35f78,A-95b24a,2024-10-11,,Pro,38,0,0,t,t,f,annual,t,upgrade
S-eb15a1,A-2edab2,2024-11-30,,Enterprise,17,3383,40596,f,f,f,monthly,t,no_change
S-079321,A-e1462e,2023-07-27,,Pro,15,735,8820,f,f,f,annual,f,no_change
S-c25263,A-c7ffc2,2023-09-22,,Basic,30,570,6840,f,t,f,annual,t,upgrade
S-a86344,A-00bed1,2024-08-18,,Pro,36,1764,21168,f,t,f,annual,t,upgrade
S-4cdee1,A-8b25f2,2024-02-19,,Enterprise,20,0,0,t,f,f,monthly,t,no_change
S-381c99,A-e7a1e2,2024-11-03,,Basic,3,57,684,f,f,f,monthly,t,no_change
S-8e719f,A-4437e4,2024-08-16,,Basic,11,209,2508,f,f,f,annual,t,no_change
S-d111f5,A-f03140,2024-05-25,,Basic,27,513,6156,f,f,f,monthly,t,no_change
S-82484b,A-cab532,2024-11-22,,Pro,21,1029,12348,f,f,f,annual,t,no_change
S-891eb4,A-716841,2024-09-20,,Pro,45,2205,26460,f,f,f,annual,t,no_change
S-4e3e04,A-883b7d,2024-08-16,,Enterprise,17,3383,40596,f,f,f,annual,f,no_change
S-7679b6,A-7f29a7,2024-10-14,,Pro,41,2009,24108,f,f,f,annual,f,no_change
S-de9ce0,A-faa28c,2024-08-06,2024-12-26,Enterprise,48,9552,114624,f,f,f,annual,t,no_change
S-37d13a,A-029f69,2024-08-11,,Enterprise,15,0,0,t,f,f,annual,t,no_change
S-7d0dea,A-69b156,2024-11-16,,Pro,7,0,0,t,f,t,monthly,t,downgrade
S-83c56d,A-716841,2024-12-13,,Enterprise,45,8955,107460,f,f,f,monthly,t,no_change
S-5ee117,A-f5641b,2024-07-25,,Pro,31,1519,18228,f,f,f,monthly,t,no_change
S-5e572d,A-94f8c9,2024-07-16,,Enterprise,13,2587,31044,f,f,f,annual,f,no_change
S-7b29d1,A-80eeb6,2024-04-19,,Enterprise,65,12935,155220,f,f,f,monthly,t,no_change
S-ff79f7,A-726cfa,2024-08-02,,Enterprise,19,3781,45372,f,f,f,monthly,t,no_change
S-bb82ac,A-e19ff6,2023-10-29,,Basic,38,722,8664,f,f,f,annual,t,no_change
S-b21a0b,A-b7ef83,2024-10-29,,Pro,17,833,9996,f,f,f,monthly,t,no_change
S-711820,A-08e34e,2024-09-02,,Basic,49,931,11172,f,f,f,annual,f,no_change
S-22365f,A-05f0e5,2023-06-11,,Enterprise,32,6368,76416,f,f,f,annual,t,no_change
S-f0d2fd,A-19b2c8,2024-07-20,,Enterprise,28,5572,66864,f,f,f,annual,t,no_change
S-f225d0,A-d4ac0e,2024-05-19,,Basic,18,342,4104,f,f,f,annual,t,no_change
S-a10eb2,A-3c1a3f,2023-08-31,,Basic,45,0,0,t,f,f,annual,f,no_change
S-78ffdd,A-503d5a,2023-11-07,,Enterprise,12,2388,28656,f,f,f,monthly,t,no_change
S-97a010,A-dcc3f1,2024-03-22,,Enterprise,21,0,0,t,f,f,monthly,t,no_change
S-7785af,A-a1b80b,2024-03-28,,Enterprise,16,3184,38208,f,t,f,monthly,f,upgrade
S-120ae3,A-781cc0,2024-09-24,,Basic,34,646,7752,f,f,f,annual,t,no_change
S-37b59a,A-2d1036,2024-09-24,2024-12-18,Pro,69,3381,40572,f,f,f,annual,t,no_change
S-f36371,A-34d880,2024-07-22,,Enterprise,35,6965,83580,f,f,f,monthly,f,no_change
S-329a60,A-c16cf7,2024-10-24,,Basic,84,1596,19152,f,f,f,annual,t,no_change
S-5ca11a,A-309e54,2024-12-26,,Enterprise,48,9552,114624,f,f,f,annual,t,no_change
S-c8fa77,A-56962b,2024-08-28,,Basic,163,3097,37164,f,f,f,monthly,t,no_change
S-016b5f,A-977ca0,2024-04-08,,Enterprise,6,0,0,t,f,f,monthly,t,no_change
S-cf2b4a,A-9f9299,2023-11-30,2024-08-15,Pro,28,1372,16464,f,f,f,monthly,t,no_change
S-6f1051,A-e98302,2024-02-01,,Enterprise,34,6766,81192,f,f,f,annual,t,no_change
S-33db08,A-fa3095,2024-12-30,,Basic,70,1330,15960,f,f,f,annual,t,no_change
S-4daf2d,A-297a2d,2024-11-05,,Enterprise,27,5373,64476,f,f,f,annual,t,no_change
S-4ed997,A-d82ef9,2024-10-23,,Pro,26,1274,15288,f,f,f,annual,t,no_change
S-8ae507,A-72799b,2024-03-16,,Pro,20,980,11760,f,t,f,annual,f,upgrade
S-3eb206,A-b179bf,2024-12-24,,Enterprise,43,8557,102684,f,f,f,monthly,t,no_change
S-6643a2,A-331424,2024-01-04,,Pro,11,0,0,t,f,f,monthly,t,no_change
S-41ca59,A-692f18,2024-07-18,,Enterprise,37,7363,88356,f,f,f,monthly,t,no_change
S-720c17,A-4e0e85,2024-02-16,,Pro,20,0,0,t,f,f,annual,t,no_change
S-afc545,A-0baac2,2024-10-14,,Basic,33,627,7524,f,f,f,annual,t,no_change
S-5e6fc2,A-52dd88,2023-12-12,,Basic,23,437,5244,f,f,f,annual,t,no_change
S-9dcef8,A-b30291,2024-09-27,,Basic,41,779,9348,f,f,f,monthly,t,no_change
S-389426,A-922109,2024-07-04,,Pro,3,147,1764,f,f,f,monthly,t,no_change
S-1131ff,A-0f7d77,2024-12-01,2024-12-31,Basic,3,0,0,t,f,f,monthly,t,no_change
S-c9da7a,A-0651a4,2024-11-10,,Basic,16,304,3648,f,f,f,monthly,t,no_change
S-eabe72,A-5790f4,2024-12-26,,Basic,33,627,7524,f,f,f,monthly,f,no_change
S-fffeb8,A-69fad4,2023-12-17,,Enterprise,10,1990,23880,f,f,f,annual,t,no_change
S-92dede,A-9208f0,2023-08-28,,Basic,4,76,912,f,f,f,monthly,t,no_change
S-8d122e,A-e6afc1,2024-07-12,,Enterprise,16,3184,38208,f,f,f,monthly,t,no_change
S-285534,A-49b828,2024-11-09,,Basic,13,247,2964,f,f,f,annual,t,no_change
S-1cebf9,A-dfbd31,2024-10-16,,Pro,60,2940,35280,f,f,f,annual,t,no_change
S-36ad61,A-a09355,2024-10-19,,Pro,14,686,8232,f,f,f,monthly,t,no_change
S-9fbee8,A-49b828,2024-10-09,,Pro,10,490,5880,f,f,f,annual,t,no_change
S-d5d8ef,A-e51ec7,2024-10-11,,Enterprise,83,16517,198204,f,f,f,monthly,f,no_change
S-418b7c,A-35083d,2024-10-17,,Pro,19,931,11172,f,f,f,annual,t,no_change
S-506cbd,A-9c18c4,2023-08-29,2024-02-22,Enterprise,19,3781,45372,f,f,f,annual,f,no_change
S-ee5448,A-cc1d8d,2024-12-29,,Basic,9,171,2052,f,f,f,annual,t,no_change
S-d32441,A-781cc0,2024-09-19,2024-11-24,Enterprise,12,2388,28656,f,f,f,annual,t,no_change
S-7f5316,A-856b1e,2024-10-17,,Basic,19,0,0,t,f,f,monthly,t,no_change
S-bdf8bf,A-cdf020,2023-12-01,2024-09-23,Pro,31,1519,18228,f,f,f,monthly,t,no_change
S-795878,A-5b1bcd,2024-03-19,,Enterprise,73,14527,174324,f,f,f,annual,t,no_change
S-2fc8fa,A-65a46c,2024-08-10,,Pro,13,637,7644,f,t,f,monthly,f,upgrade
S-c508b3,A-671f31,2024-12-24,,Enterprise,59,11741,140892,f,f,f,annual,f,no_change
S-42d724,A-7a0d69,2024-08-01,,Pro,4,0,0,t,f,f,annual,t,no_change
S-bd9394,A-039727,2024-11-28,,Enterprise,64,0,0,t,t,f,annual,f,upgrade
S-9b12da,A-702032,2024-12-13,2024-12-21,Pro,28,1372,16464,f,f,f,annual,t,no_change
S-3632aa,A-f25509,2024-05-28,,Enterprise,32,6368,76416,f,f,f,monthly,t,no_change
S-9488ec,A-1e1b80,2023-11-02,,Enterprise,50,9950,119400,f,f,f,annual,f,no_change
S-f40318,A-e19ff6,2024-03-25,,Enterprise,14,0,0,t,f,f,annual,f,no_change
S-214edb,A-558c72,2024-06-25,,Basic,77,1463,17556,f,f,f,monthly,t,no_change
S-d43a40,A-4e0e85,2024-09-20,,Basic,15,0,0,t,f,f,annual,t,no_change
S-565c4b,A-7920cc,2023-11-27,,Basic,39,741,8892,f,f,f,annual,t,no_change
S-1ebe39,A-0651a4,2024-11-02,,Enterprise,19,3781,45372,f,f,f,annual,t,no_change
S-dc3bbc,A-80eeb6,2024-09-18,,Pro,25,1225,14700,f,f,f,annual,t,no_change
S-937207,A-8bde0c,2024-12-28,,Enterprise,12,2388,28656,f,f,f,monthly,t,no_change
S-14c8b9,A-aa9511,2023-11-29,,Enterprise,33,6567,78804,f,f,f,monthly,t,no_change
S-fd648e,A-396e5f,2024-10-29,,Pro,37,1813,21756,f,f,f,annual,f,no_change
S-3b3fac,A-7641d3,2024-11-21,,Basic,10,190,2280,f,f,f,annual,t,no_change
S-561850,A-0a62f5,2024-10-23,,Pro,16,784,9408,f,f,f,annual,t,no_change
S-2ded36,A-a1b80b,2024-09-08,,Enterprise,16,3184,38208,f,t,f,annual,t,upgrade
S-6904e6,A-39b19f,2023-02-23,,Pro,16,784,9408,f,f,f,monthly,t,no_change
S-07f282,A-88c6ca,2024-11-19,,Enterprise,5,995,11940,f,f,f,monthly,t,no_change
S-343743,A-2d1036,2024-08-25,,Pro,69,3381,40572,f,f,f,annual,t,no_change
S-d92159,A-b30291,2024-12-22,,Pro,5,245,2940,f,f,f,annual,t,no_change
S-a9916f,A-054577,2024-05-18,,Pro,7,343,4116,f,f,f,annual,t,no_change
S-ec690c,A-328bd0,2023-10-11,,Basic,18,342,4104,f,f,f,annual,t,no_change
S-ee2669,A-e43bf7,2024-12-29,,Enterprise,44,8756,105072,f,f,f,annual,t,no_change
S-e6cfc1,A-1e6fc3,2024-01-11,2024-04-02,Basic,1,0,0,t,f,f,annual,t,no_change
S-195f9b,A-92a333,2024-02-08,,Pro,14,686,8232,f,f,f,annual,t,no_change
S-704b48,A-a7bd4b,2023-11-15,2024-10-10,Enterprise,15,0,0,t,f,f,annual,f,no_change
S-a1d67e,A-bbc346,2024-12-20,,Pro,20,980,11760,f,f,f,annual,f,no_change
S-55a3e4,A-f5641b,2024-12-21,,Pro,31,1519,18228,f,f,f,annual,f,no_change
S-ffd591,A-157070,2024-02-11,2024-04-15,Basic,17,323,3876,f,t,f,monthly,t,upgrade
S-f0972b,A-b7b7b7,2024-09-02,,Enterprise,27,5373,64476,f,f,f,monthly,t,no_change
S-65491f,A-039727,2024-11-12,,Pro,25,1225,14700,f,f,f,monthly,f,no_change
S-ad26e3,A-c37601,2024-11-04,2024-12-09,Pro,6,0,0,t,f,f,monthly,f,no_change
S-53fa80,A-462d45,2024-08-05,,Enterprise,14,2786,33432,f,f,f,monthly,t,no_change
S-592443,A-c1dfe1,2024-05-01,,Enterprise,26,5174,62088,f,f,t,monthly,f,downgrade
S-6c6e91,A-2bc93d,2024-04-16,,Pro,31,1519,18228,f,f,f,monthly,t,no_change
S-c17a35,A-1ac5e0,2024-11-25,,Pro,33,1617,19404,f,f,f,monthly,f,no_change
S-3a79ac,A-f92792,2024-11-15,,Basic,4,0,0,t,f,f,monthly,t,no_change
S-2f138c,A-ce66f8,2024-07-27,,Pro,29,1421,17052,f,f,f,annual,t,no_change
S-d2b5db,A-db5e9e,2024-12-09,,Pro,13,0,0,t,f,f,annual,f,no_change
S-b6c0a0,A-443b7c,2024-11-01,,Basic,3,57,684,f,f,f,monthly,t,no_change
S-770018,A-149a69,2024-12-14,,Enterprise,34,6766,81192,f,f,f,annual,f,no_change
S-18f7e5,A-2789e3,2024-12-04,,Enterprise,30,5970,71640,f,f,f,annual,t,no_change
S-80632f,A-068fc6,2024-07-06,,Pro,35,1715,20580,f,f,f,monthly,f,no_change
S-c0e639,A-7920cc,2024-01-07,,Pro,50,0,0,t,f,f,annual,t,no_change
S-63606e,A-7a0d69,2024-09-28,,Pro,4,196,2352,f,t,f,monthly,t,upgrade
S-038c7d,A-712426,2024-11-10,,Basic,9,0,0,t,f,f,monthly,t,no_change
S-0c03b0,A-39b19f,2023-11-23,,Pro,36,1764,21168,f,f,f,monthly,f,no_change
S-18f829,A-a33200,2024-11-16,,Pro,36,1764,21168,f,t,f,annual,t,upgrade
S-4bfa1d,A-ce550d,2024-12-21,2024-12-30,Pro,35,1715,20580,f,f,f,monthly,t,no_change
S-c657b6,A-7c5768,2024-03-05,,Enterprise,5,995,11940,f,f,f,annual,t,no_change
S-8b721c,A-8b25f2,2024-09-14,,Enterprise,28,5572,66864,f,f,f,annual,t,no_change
S-290ee5,A-68f37c,2024-03-26,,Basic,67,1273,15276,f,f,f,annual,t,no_change
S-f6f1e1,A-337bc1,2024-08-09,,Basic,40,760,9120,f,t,f,annual,t,upgrade
S-597873,A-05f0e5,2024-07-09,,Enterprise,32,6368,76416,f,f,f,monthly,t,no_change
S-e50d84,A-0baac2,2024-12-11,,Enterprise,14,2786,33432,f,f,f,annual,t,no_change
S-9ed535,A-4f18f0,2024-10-04,,Enterprise,24,4776,57312,f,f,f,annual,t,no_change
S-e66f1a,A-fa2041,2024-07-16,,Basic,20,0,0,t,f,f,monthly,t,no_change
S-c8ba3e,A-5b4ebb,2024-09-22,,Basic,21,399,4788,f,f,f,annual,t,no_change
S-755e1b,A-e4144b,2024-12-18,,Pro,41,2009,24108,f,f,f,annual,t,no_change
S-5cba26,A-8b25f2,2024-07-30,,Basic,6,114,1368,f,f,f,monthly,t,no_change
S-579a24,A-32fb14,2024-09-04,,Basic,26,494,5928,f,t,f,monthly,f,upgrade
S-e561b9,A-d26ab4,2024-11-13,2024-11-30,Pro,18,882,10584,f,f,t,monthly,t,downgrade
S-8ae804,A-0dbdc6,2024-05-05,,Enterprise,50,9950,119400,f,f,f,monthly,t,no_change
S-d97ff1,A-7d514c,2024-03-20,,Basic,17,323,3876,f,f,f,monthly,t,no_change
S-bb8429,A-dbc825,2024-04-27,,Pro,19,931,11172,f,f,f,annual,t,no_change
S-78ba09,A-f97b9a,2024-11-30,,Pro,54,2646,31752,f,t,f,annual,f,upgrade
S-979365,A-bb2f49,2023-06-29,,Pro,68,3332,39984,f,f,t,monthly,t,downgrade
S-b96ee3,A-c16b88,2024-12-20,,Basic,23,437,5244,f,f,f,monthly,t,no_change
S-70cc83,A-313be3,2024-12-16,,Pro,47,2303,27636,f,f,f,monthly,t,no_change
S-3b29ea,A-c37cab,2024-11-26,,Basic,13,247,2964,f,f,f,monthly,f,no_change
S-8ff318,A-e7beab,2024-12-23,2024-12-29,Pro,5,245,2940,f,f,f,monthly,t,no_change
S-0509b8,A-e351e1,2024-12-26,2024-12-29,Basic,33,627,7524,f,f,f,annual,t,no_change
S-95cf94,A-1ac5e0,2024-10-24,,Basic,33,627,7524,f,f,f,annual,t,no_change
S-7da02b,A-f44180,2023-05-20,2023-12-19,Enterprise,89,17711,212532,f,f,f,annual,t,no_change
S-07ff57,A-c608c8,2024-03-11,,Pro,58,2842,34104,f,f,f,monthly,f,no_change
S-a0ba0c,A-eb1312,2024-12-18,,Basic,42,798,9576,f,f,f,monthly,t,no_change
S-b250cc,A-029f69,2024-11-08,,Enterprise,3,597,7164,f,t,f,annual,t,upgrade
S-d11e9f,A-186a44,2024-08-10,,Basic,20,380,4560,f,f,f,monthly,t,no_change
S-24a63d,A-712533,2023-11-23,,Basic,36,684,8208,f,f,f,annual,t,no_change
S-aba835,A-5b1bcd,2023-09-23,2024-11-02,Basic,73,1387,16644,f,f,f,annual,t,no_change
S-a0c517,A-7f6b86,2023-10-24,,Pro,59,2891,34692,f,t,f,monthly,t,upgrade
S-c3cb12,A-ce550d,2024-11-01,,Enterprise,54,10746,128952,f,f,f,annual,f,no_change
S-a88726,A-a33200,2024-11-30,,Basic,29,551,6612,f,f,f,annual,t,no_change
S-d7ae8c,A-72799b,2023-12-28,,Basic,20,380,4560,f,t,f,monthly,t,upgrade
S-86fd71,A-0651a4,2024-10-27,,Enterprise,60,11940,143280,f,f,f,annual,t,no_change
S-cac22d,A-19b2c8,2023-08-06,,Basic,20,380,4560,f,f,f,annual,t,no_change
S-f463d3,A-acb7f7,2024-03-24,,Enterprise,32,6368,76416,f,t,f,monthly,t,upgrade
S-6ceec5,A-7e0a10,2024-07-24,,Basic,46,874,10488,f,f,f,annual,t,no_change
S-9220c9,A-417d2f,2024-06-23,,Pro,4,196,2352,f,f,f,monthly,t,no_change
S-d97185,A-592832,2024-12-22,,Pro,37,1813,21756,f,f,f,annual,t,no_change
S-0e3b42,A-cb5333,2024-06-02,2024-06-12,Pro,33,1617,19404,f,f,t,annual,f,downgrade
S-1ad0ca,A-ed510f,2024-04-09,,Enterprise,42,8358,100296,f,f,f,annual,t,no_change
S-21e372,A-4e960a,2024-09-23,,Basic,12,228,2736,f,f,f,monthly,t,no_change
S-05624a,A-c37cab,2024-10-26,,Pro,13,637,7644,f,f,f,annual,t,no_change
S-44a7c3,A-50f3f7,2024-10-23,,Enterprise,31,6169,74028,f,f,f,monthly,t,no_change
S-a9e864,A-44dc83,2024-09-24,,Basic,17,0,0,t,f,f,annual,t,no_change
S-5e558a,A-10b8f2,2023-10-07,,Enterprise,47,9353,112236,f,f,f,annual,t,no_change
S-ea5984,A-977ca0,2023-02-20,,Enterprise,6,1194,14328,f,f,f,annual,t,no_change
S-d6d433,A-5247b3,2024-06-14,2024-11-19,Basic,16,0,0,t,f,f,annual,t,no_change
S-d93967,A-075038,2024-01-11,,Pro,50,2450,29400,f,f,f,monthly,f,no_change
S-0e8ae2,A-4814a3,2024-11-24,,Pro,87,0,0,t,f,f,monthly,t,no_change
S-5eb846,A-2789e3,2024-12-10,,Pro,11,539,6468,f,f,f,monthly,f,no_change
S-472fda,A-883b7d,2024-08-19,,Pro,27,1323,15876,f,f,f,annual,t,no_change
S-afc4cb,A-86fc1d,2024-10-16,,Basic,26,494,5928,f,f,f,monthly,t,no_change
S-a69aed,A-0b0d6d,2024-12-30,,Basic,3,57,684,f,f,f,monthly,t,no_change
S-41f762,A-faa28c,2024-02-15,,Basic,48,0,0,t,f,f,monthly,t,no_change
S-853f5d,A-bcf664,2023-12-01,,Basic,13,247,2964,f,f,f,monthly,t,no_change
S-35a22f,A-b07b56,2024-12-19,,Pro,34,1666,19992,f,f,f,annual,t,no_change
S-fd04d6,A-b07346,2024-12-28,,Enterprise,51,0,0,t,f,f,annual,t,no_change
S-5ed35a,A-32fb14,2024-03-16,2024-04-21,Basic,47,893,10716,f,f,f,monthly,t,no_change
S-2ddf94,A-19b2c8,2024-01-05,,Enterprise,20,3980,47760,f,f,f,annual,f,no_change
S-02be35,A-e08cd3,2024-10-01,2024-12-21,Pro,67,3283,39396,f,f,f,monthly,t,no_change
S-6e0edc,A-a1b80b,2024-09-07,,Enterprise,16,3184,38208,f,f,f,annual,t,no_change
S-01990c,A-d62e02,2024-11-22,,Enterprise,16,3184,38208,f,f,f,monthly,t,no_change
S-28eb12,A-d535f6,2024-11-20,,Pro,12,588,7056,f,f,f,monthly,f,no_change
S-5e06b2,A-5247b3,2024-04-17,,Pro,16,0,0,t,f,f,monthly,t,no_change
S-a01aad,A-5f7781,2024-10-14,,Enterprise,22,4378,52536,f,f,f,monthly,t,no_change
S-e42331,A-94f8c9,2024-07-25,,Enterprise,23,0,0,t,f,f,annual,t,no_change
S-36ee88,A-fabe19,2024-11-23,,Enterprise,31,6169,74028,f,f,f,monthly,t,no_change
S-b147b9,A-fce879,2024-12-13,,Basic,21,399,4788,f,f,f,annual,t,no_change
S-fc44ed,A-f5641b,2024-05-23,,Enterprise,31,6169,74028,f,f,f,annual,t,no_change
S-3ee7c3,A-cdf020,2024-04-06,2024-11-10,Enterprise,23,4577,54924,f,f,f,monthly,f,no_change
S-7a9d40,A-157070,2024-12-18,2024-12-26,Basic,38,722,8664,f,f,f,annual,t,no_change
S-53d6be,A-993085,2024-05-11,,Enterprise,31,0,0,t,f,f,monthly,t,no_change
S-dbd6b9,A-cea1f0,2024-11-19,,Pro,8,0,0,t,f,f,annual,t,no_change
S-e63c67,A-1f7acb,2024-07-03,,Pro,64,3136,37632,f,f,f,annual,t,no_change
S-82eb3e,A-49b828,2024-07-18,,Enterprise,6,1194,14328,f,f,f,annual,f,no_change
S-5a18e5,A-3d957b,2024-08-05,,Enterprise,14,2786,33432,f,t,f,monthly,t,upgrade
S-193d88,A-4437e4,2024-10-12,,Enterprise,6,1194,14328,f,t,t,annual,t,conflict
S-29b014,A-a1b80b,2024-07-15,,Pro,36,1764,21168,f,f,f,annual,t,no_change
S-7ce677,A-2e4581,2024-10-20,,Pro,9,441,5292,f,f,f,monthly,t,no_change
S-7f7e38,A-bb1486,2024-11-13,,Pro,42,2058,24696,f,f,f,monthly,t,no_change
S-c5723e,A-544d0a,2024-06-27,,Basic,11,209,2508,f,f,f,annual,t,no_change
S-388190,A-d40bf7,2024-12-27,,Enterprise,59,11741,140892,f,f,f,annual,f,no_change
S-da0fb6,A-d77f4c,2024-07-04,,Enterprise,55,10945,131340,f,f,f,monthly,t,no_change
S-95c467,A-c37601,2024-11-02,,Pro,10,490,5880,f,f,f,annual,t,no_change
S-15a058,A-9208f0,2023-09-29,2024-04-03,Pro,2,98,1176,f,f,f,monthly,t,no_change
S-67474a,A-7d514c,2024-06-13,,Pro,17,833,9996,f,f,f,monthly,t,no_change
S-8c767b,A-b07b56,2024-12-03,2024-12-09,Enterprise,29,0,0,t,f,f,monthly,t,no_change
S-5bde76,A-cb5333,2024-09-08,,Pro,33,1617,19404,f,f,f,monthly,t,no_change
S-746e1b,A-90a8c8,2024-09-17,,Enterprise,73,14527,174324,f,f,f,annual,t,no_change
S-460deb,A-832ec2,2024-11-27,,Enterprise,22,4378,52536,f,t,f,annual,f,upgrade
S-62af97,A-05f0e5,2023-06-30,,Pro,46,2254,27048,f,f,f,annual,f,no_change
S-7b01d4,A-cbbe12,2024-06-08,,Pro,49,2401,28812,f,t,f,monthly,t,upgrade
S-59f6b6,A-dec005,2024-11-10,,Basic,21,399,4788,f,t,f,monthly,f,upgrade
S-8013f6,A-6a7c9d,2024-12-11,2024-12-20,Basic,47,893,10716,f,f,f,monthly,t,no_change
S-dcd084,A-d27f50,2024-12-05,2024-12-09,Enterprise,48,9552,114624,f,f,f,annual,t,no_change
S-8e6903,A-bd4708,2024-09-15,,Basic,37,703,8436,f,f,f,monthly,f,no_change
S-a96f6c,A-b30291,2024-10-23,,Pro,13,0,0,t,f,f,monthly,t,no_change
S-7730b1,A-e51ec7,2024-05-01,,Pro,4,196,2352,f,f,f,annual,t,no_change
S-62f048,A-c45b23,2024-02-13,,Pro,7,343,4116,f,f,f,monthly,t,no_change
S-4f56f5,A-922109,2024-11-13,,Enterprise,3,597,7164,f,f,f,monthly,t,no_change
S-851743,A-443b7c,2024-10-27,,Pro,13,637,7644,f,t,f,monthly,t,upgrade
S-8bfab5,A-af0cd2,2024-05-30,2024-12-14,Pro,19,931,11172,f,f,f,monthly,t,no_change
S-f5d8ce,A-756192,2023-10-27,,Pro,19,931,11172,f,f,f,monthly,f,no_change
S-58a152,A-90a8c8,2024-12-03,,Enterprise,15,2985,35820,f,f,f,monthly,f,no_change
S-ec41f7,A-8bde0c,2024-12-13,,Enterprise,19,3781,45372,f,t,f,monthly,t,upgrade
S-8a4156,A-5a184f,2023-08-31,,Pro,19,0,0,t,f,f,annual,t,no_change
S-b0af8f,A-ff79f2,2024-10-17,,Enterprise,8,0,0,t,f,f,monthly,t,no_change
S-6cafdf,A-6f8ad2,2024-12-27,,Pro,7,343,4116,f,f,f,annual,f,no_change
S-708924,A-7a0d69,2024-09-12,,Basic,22,0,0,t,f,f,annual,t,no_change
S-fced99,A-39b19f,2024-10-03,,Enterprise,42,0,0,t,f,f,monthly,t,no_change
S-8c61f4,A-72799b,2024-04-17,,Basic,34,646,7752,f,f,f,annual,f,no_change
S-2daa17,A-c62e55,2024-05-05,,Enterprise,15,2985,35820,f,f,f,monthly,t,no_change
S-81fe83,A-b48f73,2024-11-15,,Basic,80,1520,18240,f,f,f,monthly,t,no_change
S-53f831,A-82861f,2024-07-29,,Basic,41,779,9348,f,f,f,monthly,f,no_change
S-fe0c52,A-6f8ad2,2024-07-22,,Basic,29,0,0,t,f,f,monthly,f,no_change
S-6d3f0b,A-82d8a6,2024-12-16,,Basic,36,684,8208,f,f,f,annual,t,no_change
S-25b756,A-d82ef9,2024-07-30,,Pro,58,2842,34104,f,t,f,annual,t,upgrade
S-c899a3,A-2446e3,2024-01-21,,Pro,27,1323,15876,f,f,t,monthly,t,downgrade
S-05ef15,A-d42431,2024-10-24,,Basic,35,665,7980,f,f,f,monthly,t,no_change
S-8ececc,A-533452,2024-12-15,,Pro,9,441,5292,f,f,f,annual,t,no_change
S-a24db6,A-96215d,2024-09-13,,Enterprise,14,2786,33432,f,t,f,monthly,t,upgrade
S-9acc7f,A-4437e4,2024-07-10,,Enterprise,16,3184,38208,f,f,f,monthly,t,no_change
S-bb1a91,A-5c046d,2024-08-18,,Basic,93,1767,21204,f,f,f,annual,t,no_change
S-80c296,A-e888d1,2024-12-19,,Pro,17,833,9996,f,f,f,monthly,t,no_change
S-275d57,A-b3fe05,2024-11-11,,Basic,15,285,3420,f,f,f,monthly,t,no_change
S-6ca46a,A-0cc442,2024-09-25,,Enterprise,53,10547,126564,f,t,f,annual,t,upgrade
S-98845b,A-db5e9e,2024-11-15,,Basic,42,798,9576,f,f,f,annual,t,no_change
S-fb285f,A-82d8a6,2024-12-22,,Basic,32,608,7296,f,f,f,annual,t,no_change
S-da9f05,A-151c9a,2023-05-08,,Pro,23,1127,13524,f,f,t,annual,t,downgrade
S-9f38a5,A-cc102e,2024-05-30,,Basic,13,247,2964,f,f,f,monthly,t,no_change
S-dc7143,A-3ce5b8,2024-04-28,,Enterprise,14,2786,33432,f,f,f,monthly,t,no_change
S-68ecd5,A-684255,2024-08-18,,Enterprise,9,1791,21492,f,f,f,annual,t,no_change
S-601bbe,A-0532a9,2024-11-26,,Pro,21,1029,12348,f,t,f,monthly,f,upgrade
S-a34e37,A-10b8da,2024-04-27,,Enterprise,23,0,0,t,f,f,annual,t,no_change
S-0a70a3,A-5b051a,2024-10-21,2024-12-24,Basic,22,418,5016,f,f,f,annual,t,no_change
S-de543d,A-1e50e0,2023-04-25,2024-01-13,Enterprise,19,0,0,t,f,f,annual,t,no_change
S-084e4f,A-054577,2024-11-22,,Basic,25,475,5700,f,f,f,annual,f,no_change
S-febd10,A-e61e98,2024-01-05,,Pro,32,0,0,t,f,f,annual,t,no_change
S-25a969,A-c9bb3e,2024-06-02,,Basic,15,285,3420,f,f,f,annual,t,no_change
S-5d299e,A-560d27,2024-10-25,,Enterprise,23,4577,54924,f,f,f,monthly,t,no_change
S-5a1fc3,A-05d3b3,2024-01-29,,Enterprise,13,2587,31044,f,f,f,monthly,t,no_change
S-af854c,A-cab532,2024-02-16,,Enterprise,58,0,0,t,f,f,annual,t,no_change
S-70b1cf,A-4ae22a,2024-09-24,,Basic,28,532,6384,f,f,f,monthly,t,no_change
S-feaca1,A-2ebb4b,2023-10-03,,Enterprise,65,12935,155220,f,f,f,monthly,t,no_change
S-f1aa04,A-7f4db3,2023-07-24,,Pro,7,343,4116,f,f,f,monthly,t,no_change
S-ca0eb1,A-6e08f3,2023-07-25,,Enterprise,24,0,0,t,f,f,monthly,t,no_change
S-a4b1af,A-17939a,2024-12-26,,Enterprise,13,2587,31044,f,f,f,monthly,t,no_change
S-b15faf,A-3a5ad8,2024-05-15,,Basic,95,1805,21660,f,f,f,monthly,t,no_change
S-108282,A-49b828,2024-03-26,,Pro,30,1470,17640,f,f,f,annual,t,no_change
S-9b623b,A-712426,2024-12-08,,Enterprise,13,2587,31044,f,f,f,annual,t,no_change
S-b28ec2,A-ee42db,2023-11-03,,Basic,33,627,7524,f,f,f,monthly,f,no_change
S-d1ef4d,A-3a5ad8,2023-12-18,,Enterprise,9,0,0,t,f,f,annual,t,no_change
S-c4a98e,A-ced9aa,2024-12-16,,Enterprise,5,995,11940,f,f,f,monthly,t,no_change
S-bff8c5,A-202b67,2024-07-18,,Basic,11,209,2508,f,f,f,monthly,t,no_change
S-3401bf,A-1619f8,2024-06-09,,Enterprise,55,10945,131340,f,f,f,annual,t,no_change
S-a583df,A-84ebe4,2024-08-07,,Enterprise,45,8955,107460,f,f,f,annual,t,no_change
S-f80617,A-d4ac0e,2024-10-28,2024-12-16,Basic,18,342,4104,f,f,f,annual,t,no_change
S-e7e013,A-241e75,2024-08-07,,Basic,18,342,4104,f,f,f,monthly,f,no_change
S-4d2392,A-e61e98,2023-11-05,,Pro,19,931,11172,f,t,f,monthly,f,upgrade
S-f6b264,A-4a4c2d,2024-02-02,,Pro,54,2646,31752,f,f,f,monthly,f,no_change
S-c8fd93,A-0354fe,2024-11-16,2024-11-20,Basic,34,646,7752,f,t,f,monthly,t,upgrade
S-f60667,A-b7ef83,2024-09-18,,Enterprise,5,995,11940,f,t,f,annual,t,upgrade
S-8e602b,A-a33200,2024-10-26,,Pro,29,1421,17052,f,f,f,monthly,f,no_change
S-2ba4ee,A-cab532,2024-05-21,,Basic,20,0,0,t,f,f,annual,t,no_change
S-ed75af,A-1f0636,2024-06-09,,Pro,105,5145,61740,f,t,f,monthly,t,upgrade
S-214d98,A-560d27,2024-06-01,,Pro,23,1127,13524,f,f,f,annual,f,no_change
S-343642,A-3cc791,2024-01-31,,Basic,25,0,0,t,f,f,annual,f,no_change
S-f5c7b2,A-f44180,2023-03-25,,Enterprise,9,1791,21492,f,f,f,annual,t,no_change
S-33df6f,A-0baac2,2024-12-11,2024-12-12,Enterprise,14,2786,33432,f,f,f,monthly,t,no_change
S-9225ac,A-eafc6e,2024-09-28,,Pro,31,0,0,t,f,f,annual,t,no_change
S-a332ba,A-69b156,2024-04-15,2024-07-09,Pro,7,343,4116,f,f,f,annual,f,no_change
S-c2168a,A-37f969,2024-08-22,,Basic,30,570,6840,f,f,f,monthly,t,no_change
S-31090f,A-328bd0,2024-08-20,,Basic,18,342,4104,f,f,f,monthly,f,no_change
S-f316d5,A-f25509,2024-12-26,,Basic,57,1083,12996,f,f,t,annual,t,downgrade
S-6d0817,A-fa2041,2024-08-19,,Pro,21,1029,12348,f,f,f,monthly,t,no_change
S-b63db8,A-faa28c,2024-09-18,,Enterprise,48,9552,114624,f,f,f,monthly,f,no_change
S-cfcd07,A-4a267b,2024-08-29,,Basic,25,0,0,t,f,f,annual,t,no_change
S-c192eb,A-ff79f2,2024-10-19,,Enterprise,83,16517,198204,f,f,f,monthly,t,no_change
S-bfc0f8,A-7cfe77,2024-08-10,,Basic,69,1311,15732,f,f,f,monthly,t,no_change
S-90525e,A-ed510f,2024-04-21,,Enterprise,42,8358,100296,f,f,f,annual,t,no_change
S-4d9bfd,A-2bc93d,2024-08-31,,Enterprise,14,0,0,t,f,f,annual,t,no_change
S-741431,A-6e7827,2024-08-30,,Enterprise,11,2189,26268,f,f,f,monthly,t,no_change
S-c3660c,A-779e4e,2024-07-18,,Pro,5,245,2940,f,f,f,monthly,t,no_change
S-9a8d01,A-751c58,2024-08-30,,Pro,33,1617,19404,f,t,f,monthly,f,upgrade
S-18e3a5,A-c43359,2024-11-25,2024-11-28,Basic,38,722,8664,f,f,f,annual,t,no_change
S-a04ba5,A-afa505,2024-06-02,,Enterprise,70,13930,167160,f,f,f,annual,t,no_change
S-be601b,A-8ae05d,2024-07-07,,Basic,86,1634,19608,f,f,f,monthly,t,no_change
S-951de6,A-ccb686,2024-05-04,2024-10-10,Basic,10,190,2280,f,f,f,annual,t,no_change
S-665df9,A-a0ca4e,2024-10-28,,Pro,11,539,6468,f,f,f,annual,t,no_change
S-a0f3f7,A-c37cab,2024-07-30,,Enterprise,21,4179,50148,f,f,f,annual,t,no_change
S-e090ae,A-e2cd1b,2024-05-25,,Enterprise,15,2985,35820,f,f,f,annual,t,no_change
S-dad08c,A-977ca0,2024-04-14,,Pro,20,0,0,t,f,f,monthly,t,no_change
S-053142,A-ffc04f,2024-11-06,,Basic,16,304,3648,f,f,f,monthly,t,no_change
S-5a6941,A-4a267b,2024-09-22,,Pro,25,1225,14700,f,f,f,monthly,t,no_change
S-856241,A-32fb14,2023-09-12,,Basic,26,494,5928,f,f,f,monthly,t,no_change
S-eaa2c2,A-2ebb4b,2024-05-06,,Basic,41,779,9348,f,f,f,monthly,t,no_change
S-e567db,A-716841,2024-05-14,,Enterprise,45,0,0,t,f,f,annual,t,no_change
S-94fc5d,A-86902e,2023-07-30,,Basic,34,0,0,t,f,f,monthly,t,no_change
S-474b5a,A-05d3b3,2023-11-26,,Basic,11,209,2508,f,f,f,annual,f,no_change
S-bf304b,A-89ee83,2024-12-27,,Enterprise,18,3582,42984,f,f,f,monthly,t,no_change
S-b22602,A-b9f5b1,2024-05-04,2024-09-29,Enterprise,39,0,0,t,f,f,annual,t,no_change
S-09c11e,A-19b2c8,2023-07-12,,Basic,20,380,4560,f,f,f,annual,f,no_change
S-13d6d1,A-ff79f2,2024-07-28,,Pro,10,490,5880,f,f,f,monthly,f,no_change
S-9eda4d,A-524364,2024-12-31,,Enterprise,3,0,0,t,f,f,monthly,t,no_change
S-779baa,A-eafc6e,2024-10-30,,Basic,30,0,0,t,f,f,monthly,t,no_change
S-20952f,A-d82ef9,2024-09-10,,Pro,26,1274,15288,f,f,f,annual,t,no_change
S-d2fae0,A-2789e3,2024-10-10,,Enterprise,11,0,0,t,f,f,monthly,t,no_change
S-0206eb,A-883b7d,2024-04-26,,Basic,31,589,7068,f,f,f,monthly,t,no_change
S-3bd95c,A-51ec1b,2024-11-12,,Enterprise,17,3383,40596,f,t,f,annual,t,upgrade
S-88cb91,A-cab532,2024-12-16,,Pro,35,1715,20580,f,f,f,annual,t,no_change
S-bb45bb,A-b07346,2024-12-22,,Enterprise,51,10149,121788,f,f,f,annual,f,no_change
S-5c631b,A-b7ef83,2024-07-01,,Enterprise,26,5174,62088,f,f,f,annual,f,no_change
S-6f6fca,A-560d27,2024-11-07,,Enterprise,50,0,0,t,t,f,annual,t,upgrade
S-b6ab32,A-dbc825,2024-04-08,2024-08-05,Enterprise,19,3781,45372,f,f,f,annual,t,no_change
S-9a6596,A-503d5a,2023-10-21,,Basic,49,931,11172,f,f,t,monthly,t,downgrade
S-8e5df4,A-b3fe05,2024-11-04,,Basic,15,285,3420,f,f,f,monthly,t,no_change
S-d2624d,A-4e0e85,2024-07-19,,Pro,6,294,3528,f,f,f,annual,f,no_change
S-3c1038,A-30b4ca,2024-08-13,,Pro,86,0,0,t,f,f,monthly,t,no_change
S-ee53e8,A-1b9609,2024-09-03,,Basic,17,323,3876,f,f,f,annual,t,no_change
S-11eef4,A-5c046d,2024-07-23,,Pro,93,4557,54684,f,f,f,annual,t,no_change
S-9a065e,A-92a3af,2024-11-24,,Pro,25,1225,14700,f,f,f,monthly,t,no_change
S-7a2991,A-4d1e75,2024-11-14,,Pro,39,1911,22932,f,f,f,annual,t,no_change
S-ca136e,A-cb5333,2024-04-09,,Basic,44,836,10032,f,f,f,monthly,t,no_change
S-52b9a9,A-86902e,2024-04-12,,Enterprise,34,6766,81192,f,t,f,annual,t,upgrade
S-712e04,A-cc98bc,2024-09-20,,Basic,32,0,0,t,f,f,monthly,t,no_change
S-70e232,A-331424,2024-01-24,,Enterprise,11,2189,26268,f,f,f,annual,t,no_change
S-04911c,A-bc87bc,2024-12-01,2024-12-15,Pro,3,0,0,t,f,f,annual,t,no_change
S-384681,A-e08cd3,2024-12-25,,Basic,67,1273,15276,f,f,t,annual,t,downgrade
S-875cf3,A-54ecc2,2024-04-29,,Enterprise,30,5970,71640,f,f,f,monthly,t,no_change
S-335e1e,A-22f2df,2024-12-24,,Pro,40,1960,23520,f,f,f,monthly,t,no_change
S-da8d5f,A-55f257,2024-03-06,,Pro,14,686,8232,f,f,f,monthly,t,no_change
S-8cd315,A-c1e51e,2024-11-19,,Enterprise,55,10945,131340,f,f,f,monthly,t,no_change
S-0bb284,A-b07b56,2024-12-16,,Pro,27,1323,15876,f,f,f,monthly,f,no_change
S-0283b5,A-443f6f,2024-12-10,,Pro,19,931,11172,f,f,f,annual,t,no_change
S-9a8f71,A-a7bd4b,2023-03-19,,Pro,8,392,4704,f,f,f,annual,t,no_change
S-44c9ae,A-f3ff05,2024-11-10,,Basic,2,0,0,t,f,f,annual,f,no_change
S-c98905,A-de24d5,2024-12-28,,Pro,5,245,2940,f,f,f,monthly,f,no_change
S-bcbe03,A-2789e3,2024-10-22,,Basic,11,209,2508,f,f,f,monthly,f,no_change
S-9871f4,A-8e47ca,2024-03-05,,Basic,19,361,4332,f,f,f,monthly,t,no_change
S-635c1e,A-b2af2e,2024-12-31,,Basic,54,1026,12312,f,f,t,annual,f,downgrade
S-d32fbc,A-798a3f,2024-07-01,,Basic,12,228,2736,f,f,f,monthly,t,no_change
S-17e05f,A-fa3095,2024-12-18,,Pro,70,3430,41160,f,f,f,annual,t,no_change
S-9c6bd0,A-075038,2024-04-11,,Basic,17,323,3876,f,f,f,monthly,t,no_change
S-90d405,A-d62e02,2024-12-30,,Enterprise,6,1194,14328,f,f,f,monthly,f,no_change
S-d80516,A-f19409,2023-04-22,,Pro,44,2156,25872,f,t,f,annual,t,upgrade
S-425607,A-ffdfd5,2024-06-11,,Basic,21,399,4788,f,f,f,annual,t,no_change
S-0eb2e0,A-970c97,2024-03-23,,Enterprise,14,2786,33432,f,f,f,monthly,t,no_change
S-fe753c,A-0532a9,2024-11-23,,Basic,19,361,4332,f,f,f,monthly,t,no_change
S-cb54dc,A-560d27,2024-11-17,,Enterprise,42,0,0,t,f,f,annual,f,no_change
S-e338a1,A-d40bf7,2024-12-14,,Pro,59,2891,34692,f,f,f,monthly,t,no_change
S-441ab2,A-e36807,2024-07-07,,Basic,25,0,0,t,f,f,annual,t,no_change
S-bb9299,A-7da956,2024-10-16,,Pro,13,0,0,t,f,f,annual,t,no_change
S-07c505,A-bc4d48,2024-07-12,,Pro,35,1715,20580,f,t,f,monthly,t,upgrade
S-cd3a01,A-98a59a,2024-05-10,,Basic,56,1064,12768,f,f,f,monthly,f,no_change
S-9d78e2,A-d3c88e,2024-12-28,,Enterprise,47,9353,112236,f,f,f,monthly,t,no_change
S-8ca516,A-f19409,2024-09-21,,Pro,23,1127,13524,f,f,f,annual,t,no_change
S-cafa84,A-bbc346,2024-09-16,,Enterprise,19,3781,45372,f,f,f,annual,t,no_change
S-92f4b4,A-6da850,2024-02-09,,Basic,18,342,4104,f,f,f,monthly,t,no_change
S-1ad713,A-f97b9a,2024-06-19,,Enterprise,16,3184,38208,f,f,f,annual,t,no_change
S-d9eb73,A-32fb14,2023-07-18,,Basic,26,0,0,t,f,f,annual,t,no_change
S-31ac79,A-f19b24,2024-12-01,,Basic,29,551,6612,f,f,f,monthly,t,no_change
S-2f8dbb,A-13466a,2023-11-18,2024-06-23,Basic,2,38,456,f,f,f,annual,f,no_change
S-f554b0,A-faa28c,2024-11-30,,Enterprise,48,9552,114624,f,t,f,annual,t,upgrade
S-81d63a,A-c62e55,2024-02-07,,Pro,56,2744,32928,f,f,f,annual,t,no_change
S-1b6221,A-f6b2fb,2024-06-12,2024-12-23,Enterprise,23,0,0,t,f,f,monthly,f,no_change
S-e1ee60,A-712533,2024-11-18,,Enterprise,18,3582,42984,f,f,f,monthly,t,no_change
S-44c5dd,A-eb7c38,2024-10-21,,Basic,5,95,1140,f,f,f,annual,f,no_change
S-f0fe0a,A-d5a319,2024-08-22,,Pro,24,1176,14112,f,f,f,monthly,t,no_change
S-653165,A-ac85cd,2024-09-26,2024-12-13,Basic,53,1007,12084,f,f,f,annual,t,no_change
S-5c8af8,A-a2485e,2024-11-05,,Pro,10,490,5880,f,f,f,monthly,t,no_change
S-878fe0,A-5a215a,2024-12-10,,Pro,87,4263,51156,f,f,f,annual,t,no_change
S-4d8a27,A-977ca0,2024-07-03,,Basic,20,380,4560,f,t,f,monthly,t,upgrade
S-5c4ef1,A-922109,2024-03-23,,Pro,38,1862,22344,f,f,f,annual,t,no_change
S-d4c0a0,A-81edc3,2024-01-25,,Pro,18,882,10584,f,f,f,annual,t,no_change
S-2d62ad,A-dcc2f0,2023-11-29,,Enterprise,15,2985,35820,f,f,f,monthly,t,no_change
S-7d2c1b,A-34d880,2024-06-04,,Pro,9,0,0,t,f,f,monthly,t,no_change
S-6bfd97,A-016043,2024-10-16,,Enterprise,59,0,0,t,t,f,annual,t,upgrade
S-b4c914,A-bd4513,2024-12-13,,Pro,50,2450,29400,f,t,f,monthly,t,upgrade
S-e9e03c,A-e40f45,2024-08-20,,Enterprise,21,4179,50148,f,t,f,monthly,t,upgrade
S-906b0c,A-712533,2024-12-05,,Pro,18,882,10584,f,f,f,monthly,f,no_change
S-783694,A-fa3095,2023-12-18,,Enterprise,70,13930,167160,f,f,f,annual,t,no_change
S-9c5590,A-9affe6,2024-06-09,,Enterprise,7,1393,16716,f,f,f,annual,t,no_change
S-b7c506,A-c37cab,2024-09-27,,Basic,30,570,6840,f,f,f,monthly,t,no_change
S-48ce17,A-d42431,2024-12-08,,Enterprise,22,4378,52536,f,f,f,annual,t,no_change
S-a2aa70,A-4d1e75,2024-12-17,,Pro,47,0,0,t,f,f,monthly,f,no_change
S-6ff09c,A-d62e02,2024-12-11,,Basic,16,304,3648,f,f,f,annual,t,no_change
S-b40b4d,A-9f0b68,2024-08-09,,Basic,36,684,8208,f,f,f,monthly,t,no_change
S-c51ab8,A-82861f,2024-11-19,,Enterprise,41,8159,97908,f,f,f,annual,f,no_change
S-07ace5,A-71615e,2024-09-21,,Enterprise,32,6368,76416,f,f,f,monthly,t,no_change
S-e715bb,A-6a4e2d,2023-11-15,,Basic,14,266,3192,f,f,f,monthly,t,no_change
S-fcfb31,A-089363,2023-10-03,,Enterprise,31,0,0,t,f,f,monthly,f,no_change
S-8cb02e,A-de24d5,2024-12-09,2024-12-21,Pro,77,3773,45276,f,f,f,annual,t,no_change
S-79ba6e,A-fd7ad3,2024-11-14,,Enterprise,24,0,0,t,f,f,annual,t,no_change
S-4f2ca8,A-544d0a,2024-09-24,,Enterprise,64,12736,152832,f,f,f,annual,t,no_change
S-c97604,A-d77f4c,2024-05-04,,Enterprise,13,2587,31044,f,f,f,annual,t,no_change
S-595693,A-2d4502,2024-09-25,,Basic,67,0,0,t,f,f,annual,t,no_change
S-276d44,A-87aa7b,2024-06-17,,Pro,24,1176,14112,f,f,f,monthly,t,no_change
S-6c9ec4,A-b9eed8,2024-11-30,,Basic,18,342,4104,f,f,f,monthly,t,no_change
S-e33883,A-f9cc74,2024-12-22,,Pro,30,0,0,t,f,f,monthly,t,no_change
S-c25e9d,A-cc1d8d,2024-12-17,,Basic,5,95,1140,f,f,f,monthly,f,no_change
S-1d7e7f,A-d922bf,2024-09-01,2024-10-21,Enterprise,15,2985,35820,f,f,f,annual,t,no_change
S-c9199e,A-d4ac0e,2024-11-01,,Pro,33,1617,19404,f,t,f,annual,t,upgrade
S-cdc347,A-8ed5dd,2024-01-31,,Enterprise,5,995,11940,f,f,f,monthly,t,no_change
S-3df0c3,A-922109,2024-04-06,,Basic,72,1368,16416,f,f,f,annual,t,no_change
S-ea4844,A-c16b88,2024-06-03,,Pro,23,1127,13524,f,f,f,monthly,t,no_change
S-a1d3ad,A-8ae05d,2024-06-09,,Basic,86,0,0,t,f,f,monthly,t,no_change
S-19b415,A-f446b6,2023-05-28,,Basic,30,570,6840,f,f,f,annual,t,no_change
S-4df6ec,A-c9bb3e,2024-11-02,,Basic,10,190,2280,f,f,f,monthly,t,no_change
S-8dfd77,A-2922b6,2024-12-25,,Pro,20,980,11760,f,t,f,annual,f,upgrade
S-126e7e,A-0f7d77,2024-12-21,,Enterprise,7,1393,16716,f,f,f,monthly,f,no_change
S-b608f5,A-977ca0,2024-07-25,,Pro,31,1519,18228,f,f,f,annual,t,no_change
S-1c45b4,A-13466a,2024-04-20,,Basic,65,0,0,t,f,f,monthly,t,no_change
S-4a8fda,A-e1462e,2024-11-20,,Basic,15,285,3420,f,f,f,annual,f,no_change
S-ccc10f,A-87aa7b,2024-11-19,,Basic,24,456,5472,f,f,f,annual,t,no_change
S-689032,A-410e86,2024-12-14,2024-12-25,Enterprise,24,0,0,t,f,f,monthly,f,no_change
S-5e5ff0,A-832ec2,2024-09-04,,Pro,6,0,0,t,f,f,annual,t,no_change
S-bf43b4,A-6f8ad2,2024-12-04,,Pro,41,2009,24108,f,f,f,monthly,t,no_change
S-379d32,A-a8b49c,2024-10-13,,Enterprise,22,4378,52536,f,t,f,annual,t,upgrade
S-0adca9,A-b3fe05,2024-10-07,,Basic,55,1045,12540,f,f,f,monthly,t,no_change
S-413a1d,A-7df7a7,2024-05-25,,Enterprise,7,1393,16716,f,f,t,monthly,t,downgrade
S-8451e7,A-82861f,2024-10-04,,Enterprise,41,8159,97908,f,f,f,annual,t,no_change
S-9c0df6,A-883b7d,2024-04-24,2024-09-07,Pro,41,2009,24108,f,f,f,monthly,t,no_change
S-be0fc9,A-e693b6,2024-08-31,,Enterprise,55,0,0,t,f,f,annual,t,no_change
S-e3903e,A-6da850,2024-10-16,2024-12-08,Pro,31,1519,18228,f,f,f,annual,t,no_change
S-8fcce1,A-ccb686,2024-06-20,,Pro,19,931,11172,f,f,t,monthly,t,downgrade
S-3279f1,A-c4ea60,2024-11-09,,Enterprise,18,3582,42984,f,f,f,annual,t,no_change
S-0da40c,A-6e7827,2024-10-23,2024-10-30,Pro,50,2450,29400,f,f,f,annual,f,no_change
S-343bab,A-f1f639,2023-08-18,,Enterprise,5,995,11940,f,f,f,monthly,t,no_change
S-b2d7c6,A-c9bb3e,2024-08-20,,Enterprise,28,0,0,t,t,f,monthly,t,upgrade
S-d322a2,A-4c6f11,2024-08-01,,Basic,24,456,5472,f,f,f,monthly,t,no_change
S-b76de2,A-993085,2023-08-18,,Pro,31,1519,18228,f,f,f,annual,t,no_change
S-64dcb7,A-f92792,2024-12-08,,Pro,8,392,4704,f,f,f,annual,f,no_change
S-969f4c,A-b11cd0,2023-10-10,2024-10-23,Basic,26,0,0,t,f,f,monthly,t,no_change
S-b2409c,A-dcc2f0,2024-01-16,,Enterprise,15,2985,35820,f,f,f,monthly,t,no_change
S-430691,A-4814a3,2024-11-13,,Pro,87,4263,51156,f,f,f,monthly,t,no_change
S-4bb483,A-9f9299,2024-10-06,,Enterprise,28,5572,66864,f,f,f,monthly,t,no_change
S-4ed473,A-bcf664,2023-11-20,2023-12-06,Enterprise,12,2388,28656,f,f,f,annual,t,no_change
S-223221,A-2bc93d,2023-08-09,,Enterprise,40,7960,95520,f,f,f,monthly,t,no_change
S-5eaab8,A-0f3e88,2024-12-11,2024-12-23,Pro,7,343,4116,f,f,f,monthly,f,no_change
S-f5bd45,A-b7b7b7,2024-10-20,,Enterprise,39,7761,93132,f,f,f,monthly,t,no_change
S-a6285f,A-039727,2024-12-08,,Enterprise,30,5970,71640,f,f,f,annual,t,no_change
S-dc2418,A-35083d,2024-01-23,,Basic,34,646,7752,f,f,f,monthly,t,no_change
S-d0d19f,A-157070,2024-07-03,,Pro,33,0,0,t,f,f,annual,t,no_change
S-e73303,A-ba6516,2024-06-28,,Enterprise,38,7562,90744,f,f,f,monthly,t,no_change
S-7f15a3,A-53f4e3,2024-12-05,,Enterprise,13,2587,31044,f,f,f,annual,t,no_change
S-ee941d,A-241e75,2024-09-08,,Basic,14,266,3192,f,f,f,annual,t,no_change
S-ccf11b,A-a0ca4e,2024-08-02,,Pro,11,539,6468,f,f,f,annual,t,no_change
S-a9ec8b,A-e3bd71,2024-02-11,,Enterprise,31,6169,74028,f,f,f,monthly,t,no_change
S-d959d3,A-3b5cd1,2024-12-24,,Enterprise,21,4179,50148,f,f,f,annual,t,no_change
S-124336,A-9f0b68,2024-11-30,,Pro,18,0,0,t,t,f,annual,t,upgrade
S-5cb8a6,A-9779ad,2024-08-14,,Pro,40,1960,23520,f,f,f,monthly,f,no_change
S-aced77,A-5c046d,2024-12-20,,Enterprise,93,18507,222084,f,f,f,annual,t,no_change
S-a6e444,A-81edc3,2024-11-28,,Enterprise,5,995,11940,f,f,f,monthly,f,no_change
S-4f7b91,A-5247b3,2024-06-19,,Enterprise,16,3184,38208,f,t,f,annual,t,upgrade
S-8f8c47,A-e6afc1,2023-08-27,,Pro,28,0,0,t,f,f,monthly,t,no_change
S-b9ea73,A-b30291,2024-04-09,,Basic,5,95,1140,f,f,f,monthly,t,no_change
S-97efb2,A-410e86,2024-11-16,2024-11-22,Enterprise,24,4776,57312,f,f,f,annual,t,no_change
S-76c7da,A-88c6ca,2024-11-22,,Enterprise,11,0,0,t,f,f,annual,t,no_change
S-334ceb,A-bece89,2024-03-08,,Basic,26,494,5928,f,f,f,monthly,f,no_change
S-09223a,A-e40f45,2024-06-04,,Basic,21,399,4788,f,f,f,monthly,t,no_change
S-2fcf09,A-d792a6,2024-09-27,,Enterprise,58,0,0,t,f,f,monthly,t,no_change
S-e740b4,A-5c9849,2024-11-10,,Basic,65,1235,14820,f,f,f,monthly,t,no_change
S-150c71,A-4437e4,2024-08-17,,Enterprise,11,2189,26268,f,t,f,monthly,t,upgrade
S-6ba608,A-e7beab,2023-12-15,,Enterprise,11,2189,26268,f,f,f,monthly,t,no_change
S-e0bfb1,A-029f69,2024-08-04,2024-08-23,Pro,21,1029,12348,f,f,f,annual,f,no_change
S-1e15d1,A-700ade,2024-11-17,2024-12-31,Pro,25,1225,14700,f,f,f,annual,t,no_change
S-7d9605,A-fb186e,2024-11-16,,Basic,33,0,0,t,f,f,annual,f,no_change
S-0ae33f,A-075038,2023-07-14,,Pro,103,5047,60564,f,f,f,annual,t,no_change
S-eff018,A-0532a9,2024-10-02,,Pro,19,931,11172,f,f,t,annual,t,downgrade
S-08a3d4,A-faa28c,2024-09-11,,Basic,49,931,11172,f,f,f,annual,t,no_change
S-48d1f2,A-e08cd3,2024-10-16,,Enterprise,67,13333,159996,f,f,f,annual,f,no_change
S-92dbcc,A-faa28c,2024-12-25,,Pro,48,2352,28224,f,f,f,monthly,t,no_change
S-da164e,A-9174e0,2024-12-21,,Pro,37,1813,21756,f,f,f,monthly,t,no_change
S-3dc066,A-dcc3f1,2024-11-20,,Basic,21,399,4788,f,f,f,annual,f,no_change
S-4fd561,A-0dbdc6,2023-11-04,,Basic,30,570,6840,f,f,f,monthly,t,no_change
S-feb4b0,A-a45270,2024-07-12,,Enterprise,10,1990,23880,f,f,f,annual,t,no_change
S-3ba19e,A-075038,2024-08-10,,Basic,49,0,0,t,f,f,annual,t,no_change
S-461988,A-02cd81,2024-03-28,,Basic,44,836,10032,f,f,f,annual,f,no_change
S-0b6899,A-313be3,2024-01-31,,Enterprise,47,9353,112236,f,f,f,annual,f,no_change
S-bff540,A-798a3f,2024-05-06,,Enterprise,12,2388,28656,f,f,f,monthly,t,no_change
S-a57b2c,A-fd9422,2024-12-11,,Pro,58,0,0,t,f,f,annual,t,no_change
S-e8776c,A-c222ab,2024-12-12,,Enterprise,32,6368,76416,f,f,f,monthly,t,no_change
S-de9e50,A-67be94,2023-11-21,,Basic,41,779,9348,f,f,f,annual,t,no_change
S-429220,A-18793f,2024-12-29,,Pro,148,7252,87024,f,f,f,monthly,t,no_change
S-601f31,A-625d0b,2024-11-09,,Pro,14,686,8232,f,f,f,annual,t,no_change
S-8dd1f6,A-098560,2024-03-24,,Pro,12,588,7056,f,f,f,monthly,f,no_change
S-ff109c,A-df1e44,2024-04-09,,Pro,12,588,7056,f,f,f,annual,f,no_change
S-556071,A-9077b0,2024-12-20,2024-12-30,Pro,63,0,0,t,f,f,monthly,t,no_change
S-f4019e,A-7988d1,2024-09-28,2024-11-16,Basic,33,627,7524,f,f,f,monthly,f,no_change
S-246f9c,A-544d0a,2024-10-27,,Pro,6,294,3528,f,f,t,monthly,t,downgrade
S-5639de,A-eb1312,2024-12-13,,Pro,25,1225,14700,f,f,f,annual,t,no_change
S-104053,A-2bc93d,2024-12-20,,Pro,35,1715,20580,f,f,f,monthly,t,no_change
S-4bfe7b,A-9b9fe9,2023-10-16,,Basic,11,0,0,t,f,f,monthly,t,no_change
S-deb65c,A-1f0636,2024-10-30,,Basic,105,1995,23940,f,f,f,annual,t,no_change
S-cfb108,A-c608c8,2023-06-30,,Enterprise,3,597,7164,f,f,t,annual,t,downgrade
S-e62fc9,A-0651a4,2024-12-23,,Pro,16,784,9408,f,f,f,monthly,f,no_change
S-935e79,A-c4ea60,2024-02-19,,Basic,58,0,0,t,f,f,annual,t,no_change
S-92e8cb,A-d4e0d4,2024-10-23,,Pro,117,5733,68796,f,f,t,monthly,f,downgrade
S-1f4db5,A-2e3bad,2024-09-29,,Enterprise,61,12139,145668,f,f,f,annual,t,no_change
S-4893cd,A-9c18c4,2023-12-26,,Enterprise,11,2189,26268,f,f,f,monthly,t,no_change
S-0abdec,A-4a4c2d,2023-07-14,,Basic,54,1026,12312,f,f,f,monthly,t,no_change
S-31428b,A-86cdb4,2024-12-14,,Basic,52,988,11856,f,f,f,annual,t,no_change
S-381420,A-42b791,2024-10-25,2024-11-25,Basic,27,513,6156,f,f,f,monthly,t,no_change
S-0a28cd,A-e5d6ab,2023-10-08,,Enterprise,21,4179,50148,f,f,f,monthly,t,no_change
S-25ff39,A-798a3f,2024-03-24,,Basic,42,798,9576,f,f,f,annual,t,no_change
S-a82639,A-89ee83,2024-10-25,,Enterprise,40,7960,95520,f,f,f,monthly,t,no_change
S-ada718,A-f6b2fb,2024-11-18,,Basic,23,437,5244,f,f,f,monthly,f,no_change
S-06e837,A-7c4956,2023-12-17,2024-03-29,Basic,9,0,0,t,f,f,annual,t,no_change
S-b488bc,A-f45426,2024-11-15,,Pro,11,0,0,t,f,f,monthly,t,no_change
S-d11408,A-781cc0,2024-11-30,,Enterprise,12,0,0,t,f,f,monthly,t,no_change
S-36f26c,A-e36807,2024-12-17,,Basic,63,1197,14364,f,f,f,monthly,t,no_change
S-7cc0ec,A-a6d261,2024-02-25,,Pro,9,441,5292,f,f,f,monthly,f,no_change
S-cb8654,A-94d3da,2024-02-07,,Basic,41,0,0,t,f,f,annual,t,no_change
S-934f6d,A-40a557,2024-11-23,,Pro,16,784,9408,f,f,f,monthly,t,no_change
S-e9737c,A-3c1a3f,2023-12-28,,Enterprise,29,5771,69252,f,f,f,monthly,t,no_change
S-7f0419,A-84ebe4,2023-06-22,,Enterprise,18,3582,42984,f,f,f,annual,t,no_change
S-e002a1,A-940b8b,2024-06-07,,Basic,45,0,0,t,f,f,annual,t,no_change
S-5f30ce,A-9077b0,2024-08-26,,Basic,2,38,456,f,f,f,monthly,t,no_change
S-557f3e,A-b7ef83,2024-06-20,,Enterprise,13,2587,31044,f,f,f,annual,t,no_change
S-a3e1e3,A-05d3b3,2024-09-26,,Enterprise,9,0,0,t,f,f,monthly,t,no_change
S-70a554,A-f19409,2023-08-09,,Enterprise,23,4577,54924,f,f,f,annual,t,no_change
S-b35b20,A-0b0d6d,2024-12-31,,Pro,3,147,1764,f,t,f,monthly,t,upgrade
S-95d1dd,A-c58f49,2024-09-13,,Enterprise,70,13930,167160,f,f,f,monthly,t,no_change
S-540cee,A-202b67,2024-06-22,,Enterprise,25,4975,59700,f,t,f,annual,t,upgrade
S-635570,A-883b7d,2024-05-12,,Enterprise,50,0,0,t,f,f,annual,f,no_change
S-172953,A-e60f9d,2024-12-11,,Basic,29,551,6612,f,f,f,monthly,t,no_change
S-0d0202,A-adc1f3,2024-09-04,2024-09-16,Enterprise,50,9950,119400,f,f,f,annual,t,no_change
S-21f8b3,A-7f4db3,2024-09-07,,Enterprise,4,0,0,t,f,f,monthly,f,no_change
S-8faa60,A-328bd0,2023-12-15,2024-01-11,Pro,39,1911,22932,f,f,f,monthly,t,no_change
S-93cd57,A-6f8ad2,2024-08-16,,Enterprise,20,3980,47760,f,f,f,annual,t,no_change
S-8ec197,A-7c4956,2023-11-02,2024-10-10,Basic,51,0,0,t,f,f,monthly,t,no_change
S-842638,A-35083d,2024-05-04,2024-06-26,Pro,19,931,11172,f,f,f,annual,t,no_change
S-763e52,A-bece89,2024-05-20,,Enterprise,26,5174,62088,f,t,f,annual,f,upgrade
S-ed4c45,A-4e44e8,2024-09-15,2024-09-21,Enterprise,78,15522,186264,f,f,f,monthly,t,no_change
S-390955,A-98a59a,2023-09-02,,Pro,56,2744,32928,f,f,f,monthly,t,no_change
S-3ab534,A-f446b6,2024-01-07,,Enterprise,18,3582,42984,f,f,f,annual,f,no_change
S-9be237,A-a6d261,2024-09-20,,Pro,26,1274,15288,f,f,f,annual,t,no_change
S-021004,A-186a44,2024-07-05,,Basic,20,380,4560,f,f,f,monthly,t,no_change
S-e36786,A-5b1bcd,2024-01-10,,Basic,73,1387,16644,f,f,f,monthly,t,no_change
S-4691f1,A-c16cf7,2024-12-07,,Basic,13,247,2964,f,f,f,annual,t,no_change
S-d35d49,A-bc87bc,2024-09-11,2024-11-10,Basic,18,342,4104,f,f,f,annual,t,no_change
S-374628,A-35083d,2024-07-17,,Basic,19,361,4332,f,f,f,monthly,f,no_change
S-36f84f,A-e08cd3,2024-12-08,,Pro,67,3283,39396,f,f,f,monthly,f,no_change
S-e0cd01,A-0cc442,2024-10-21,,Basic,45,855,10260,f,f,f,annual,f,no_change
S-edc542,A-1f0636,2024-04-09,,Enterprise,105,20895,250740,f,f,f,annual,t,no_change
S-1bbdf0,A-781cc0,2024-10-08,,Basic,16,304,3648,f,f,f,annual,t,no_change
S-a4d121,A-118d55,2024-10-26,,Enterprise,8,1592,19104,f,t,f,monthly,t,upgrade
S-5b4149,A-df10db,2023-10-23,,Basic,7,133,1596,f,f,f,annual,t,no_change
S-ffe125,A-e89151,2024-04-15,2024-10-07,Basic,20,380,4560,f,f,f,monthly,f,no_change
S-5aea91,A-427b69,2024-11-06,,Enterprise,34,6766,81192,f,f,f,monthly,t,no_change
S-a5baf1,A-c7e58b,2023-12-16,,Enterprise,7,1393,16716,f,f,f,monthly,f,no_change
S-5aacfa,A-f3ff05,2024-10-19,,Enterprise,48,9552,114624,f,f,f,annual,t,no_change
S-69cc68,A-7f4db3,2023-10-12,,Enterprise,7,1393,16716,f,f,f,annual,t,no_change
S-5cff9b,A-0f3e88,2024-11-07,,Pro,7,0,0,t,t,f,monthly,f,upgrade
S-573f93,A-50bb9f,2024-10-29,,Enterprise,2,398,4776,f,f,f,monthly,t,no_change
S-ea2c98,A-1ac5e0,2024-11-30,,Pro,33,1617,19404,f,f,f,monthly,t,no_change
S-b2f3f3,A-bc87bc,2024-12-15,,Basic,8,152,1824,f,f,f,monthly,t,no_change
S-5bc277,A-05d3b3,2023-07-12,,Basic,9,171,2052,f,f,f,annual,t,no_change
S-d0429b,A-5247b3,2024-11-25,,Basic,74,1406,16872,f,t,f,annual,t,upgrade
S-d2a604,A-20736a,2024-10-03,,Pro,61,2989,35868,f,f,t,monthly,t,downgrade
S-f586ed,A-de24d5,2024-12-06,,Basic,17,323,3876,f,f,f,monthly,t,no_change
S-f874e5,A-417d2f,2023-07-16,,Enterprise,51,10149,121788,f,f,f,annual,t,no_change
S-28d401,A-d792a6,2023-09-03,2024-03-04,Basic,5,95,1140,f,f,f,annual,t,no_change
S-fa05d7,A-180abf,2024-07-10,,Basic,64,1216,14592,f,f,f,monthly,t,no_change
S-8ed77f,A-8b0451,2024-12-10,,Pro,41,2009,24108,f,f,f,monthly,t,no_change
S-0d391c,A-f9cc74,2024-12-09,,Enterprise,30,0,0,t,f,f,monthly,t,no_change
S-beaa35,A-781cc0,2024-11-01,,Pro,12,0,0,t,f,f,monthly,f,no_change
S-d44108,A-7c83a1,2024-11-02,,Pro,12,0,0,t,f,f,monthly,t,no_change
S-925f82,A-c7e58b,2024-07-08,,Enterprise,7,1393,16716,f,f,f,annual,f,no_change
S-7d43e0,A-f9cc74,2024-10-12,,Enterprise,30,5970,71640,f,f,f,monthly,t,no_change
S-dc1cf4,A-1986ca,2024-01-05,,Enterprise,20,3980,47760,f,f,f,monthly,f,no_change
S-bff3b5,A-10b8f2,2024-03-22,,Pro,47,2303,27636,f,f,f,monthly,f,no_change
S-f11653,A-d4e0d4,2024-10-28,,Enterprise,117,23283,279396,f,f,f,annual,t,no_change
S-f42cc4,A-f44180,2023-04-10,,Enterprise,14,2786,33432,f,f,f,annual,t,no_change
S-22014f,A-0be015,2024-10-21,,Basic,19,361,4332,f,f,f,annual,t,no_change
S-1acdd2,A-7a0d69,2024-10-12,,Enterprise,26,5174,62088,f,f,f,monthly,t,no_change
S-c85167,A-7a0d69,2024-09-16,,Basic,15,285,3420,f,f,f,monthly,t,no_change
S-b112eb,A-8bde0c,2024-12-19,,Basic,53,1007,12084,f,f,f,monthly,t,no_change
S-79bf38,A-9779ad,2024-07-29,,Enterprise,40,7960,95520,f,f,f,monthly,t,no_change
S-ab152e,A-3793ee,2024-07-22,,Enterprise,49,9751,117012,f,f,t,monthly,t,downgrade
S-dbde43,A-54d94a,2023-12-17,,Pro,27,1323,15876,f,f,f,annual,t,no_change
S-2bbf5c,A-a09355,2024-10-17,,Enterprise,14,2786,33432,f,f,f,annual,t,no_change
S-dfd629,A-7da956,2024-06-15,,Basic,26,0,0,t,f,f,annual,t,no_change
S-233c23,A-39b19f,2024-05-11,,Pro,54,2646,31752,f,t,f,monthly,f,upgrade
S-770d98,A-e693b6,2024-11-19,,Enterprise,55,10945,131340,f,f,f,annual,t,no_change
S-972512,A-de24d5,2024-12-14,,Pro,54,0,0,t,f,f,monthly,t,no_change
S-3965a4,A-8b25f2,2024-10-08,2024-10-18,Basic,47,893,10716,f,f,t,annual,t,downgrade
S-632bba,A-a09355,2024-09-24,,Pro,15,735,8820,f,f,f,monthly,t,no_change
S-307e49,A-4c38bc,2024-06-01,,Pro,36,1764,21168,f,f,f,monthly,f,no_change
S-b84175,A-bb2f49,2023-10-26,,Pro,9,441,5292,f,f,f,monthly,t,no_change
S-83b2ee,A-7c83a1,2024-06-27,2024-12-04,Enterprise,26,5174,62088,f,f,f,monthly,t,no_change
S-969aac,A-37f969,2024-05-14,,Enterprise,30,5970,71640,f,f,f,monthly,f,no_change
S-aa5f00,A-241e75,2024-09-29,,Pro,13,637,7644,f,f,t,annual,t,downgrade
S-f7fa56,A-c16cf7,2024-10-18,,Pro,13,637,7644,f,f,f,monthly,t,no_change
S-d50f1d,A-08e34e,2024-07-02,,Basic,29,0,0,t,f,f,annual,t,no_change
S-5b9267,A-410e86,2024-12-17,,Pro,33,0,0,t,f,f,annual,t,no_change
S-199697,A-bcf664,2024-11-11,,Enterprise,7,1393,16716,f,f,f,annual,t,no_change
S-cbe349,A-e89151,2024-02-16,2024-04-23,Enterprise,8,1592,19104,f,t,f,annual,f,upgrade
S-2b4a26,A-66224b,2024-11-20,,Basic,92,0,0,t,f,f,annual,f,no_change
S-704195,A-dfbd31,2024-04-29,,Basic,14,266,3192,f,f,f,monthly,t,no_change
S-4dae4c,A-158f4e,2023-12-19,,Pro,61,2989,35868,f,f,f,monthly,t,no_change
S-d425c9,A-e4144b,2024-11-11,,Enterprise,41,8159,97908,f,f,f,annual,t,no_change
S-078e94,A-3a7284,2024-11-28,,Enterprise,31,6169,74028,f,f,f,monthly,t,no_change
S-f869a0,A-726cfa,2024-02-29,,Basic,24,456,5472,f,t,f,monthly,t,upgrade
S-b57a5e,A-17939a,2024-12-30,,Basic,20,380,4560,f,f,f,annual,t,no_change
S-a66766,A-9f9299,2024-03-09,,Basic,28,532,6384,f,f,f,monthly,f,no_change
S-13a013,A-8bde0c,2024-12-19,,Basic,23,437,5244,f,f,f,annual,t,no_change
S-813cdc,A-39b19f,2023-07-04,,Pro,20,980,11760,f,f,f,annual,t,no_change
S-b6e15a,A-67be94,2023-09-17,2024-02-18,Enterprise,37,7363,88356,f,f,f,monthly,f,no_change
S-db3856,A-ccabf0,2023-11-18,,Pro,21,1029,12348,f,f,f,annual,t,no_change
S-dbc4d5,A-751c58,2024-08-24,,Pro,15,735,8820,f,f,f,annual,t,no_change
S-eabdce,A-9208f0,2023-05-15,,Enterprise,14,2786,33432,f,f,f,annual,t,no_change
S-19029a,A-712f1c,2024-12-11,,Pro,17,833,9996,f,f,f,annual,t,no_change
S-05be05,A-e7beab,2024-03-16,2024-05-30,Enterprise,5,995,11940,f,f,f,annual,t,no_change
S-222167,A-c1e51e,2024-12-29,2024-12-31,Basic,41,779,9348,f,f,f,annual,t,no_change
S-a68d25,A-31ab9a,2024-03-23,,Basic,15,285,3420,f,f,f,monthly,t,no_change
S-4305f1,A-afa505,2024-01-08,,Pro,70,3430,41160,f,f,f,monthly,t,no_change
S-95cc5a,A-9bfc9f,2024-03-14,,Basic,53,1007,12084,f,t,f,annual,t,upgrade
S-0b7de7,A-eb7fac,2024-09-03,,Enterprise,16,3184,38208,f,f,f,monthly,t,no_change
S-f5888c,A-4e631b,2024-12-10,,Basic,22,418,5016,f,f,f,annual,t,no_change
S-28489e,A-fd7ad3,2024-11-02,,Basic,12,0,0,t,f,f,annual,t,no_change
S-98dd7d,A-e6afc1,2023-05-24,,Enterprise,51,10149,121788,f,f,f,annual,t,no_change
S-b10cfa,A-503d5a,2024-06-28,,Pro,6,294,3528,f,f,f,monthly,t,no_change
S-3199cf,A-068fc6,2024-07-20,,Pro,35,1715,20580,f,f,f,monthly,t,no_change
S-61d573,A-0dbdc6,2024-04-24,,Pro,30,1470,17640,f,f,f,annual,t,no_change
S-2dbf26,A-dfbd31,2023-12-10,,Pro,14,0,0,t,f,f,annual,t,no_change
S-eae773,A-88c6ca,2024-12-03,,Pro,11,539,6468,f,f,f,monthly,t,no_change
S-18b808,A-425e76,2024-08-13,,Enterprise,9,1791,21492,f,f,f,annual,t,no_change
S-d90f0a,A-e19ff6,2024-10-23,,Pro,26,1274,15288,f,f,f,monthly,f,no_change
S-82be96,A-7920cc,2024-11-29,,Pro,39,1911,22932,f,f,f,annual,t,no_change
S-7bd2d7,A-9b9fe9,2024-11-28,,Enterprise,50,9950,119400,f,f,f,monthly,t,no_change
S-5f3359,A-9174e0,2024-12-10,,Pro,37,1813,21756,f,f,f,annual,t,no_change
S-9d7c19,A-82d8a6,2024-12-31,2024-12-31,Pro,5,245,2940,f,f,f,annual,t,no_change
S-2bc644,A-2d4502,2024-04-30,,Pro,8,392,4704,f,f,f,annual,t,no_change
S-ec8b34,A-de58ca,2023-10-09,,Enterprise,62,12338,148056,f,f,f,annual,f,no_change
S-1d2d00,A-a7bd4b,2024-09-18,2024-10-13,Basic,9,171,2052,f,f,f,monthly,t,no_change
S-9a44ec,A-bf7919,2024-12-21,2024-12-29,Pro,15,735,8820,f,f,f,annual,t,no_change
S-6c109f,A-c42f1f,2024-10-13,,Enterprise,12,2388,28656,f,f,f,annual,t,no_change
S-f99f9e,A-dbc825,2024-10-19,2024-12-17,Enterprise,55,10945,131340,f,f,f,monthly,t,no_change
S-9dda85,A-462d45,2024-01-16,2024-05-29,Basic,89,1691,20292,f,f,f,annual,f,no_change
S-94009b,A-9f0b68,2024-10-08,,Enterprise,10,1990,23880,f,f,t,annual,t,downgrade
S-834097,A-9badbd,2024-12-03,,Enterprise,5,995,11940,f,f,f,annual,t,no_change
S-61efc1,A-05d3b3,2023-11-27,,Pro,9,0,0,t,f,f,monthly,f,no_change
S-d1527e,A-956988,2024-12-07,,Pro,26,1274,15288,f,f,f,annual,t,no_change
S-caec41,A-55f257,2024-01-24,,Enterprise,23,4577,54924,f,t,f,annual,t,upgrade
S-921dc3,A-a865bd,2024-05-22,,Enterprise,38,7562,90744,f,f,f,annual,f,no_change
S-038f6f,A-82d8a6,2024-12-14,2024-12-29,Enterprise,10,0,0,t,t,f,monthly,t,upgrade
S-93dc0e,A-8e47ca,2024-11-03,2024-12-09,Enterprise,25,4975,59700,f,f,f,monthly,t,no_change
S-10702d,A-59f724,2024-03-14,,Basic,3,0,0,t,f,f,monthly,t,no_change
S-737a28,A-a1bbb6,2024-02-26,,Pro,8,392,4704,f,f,f,monthly,t,no_change
S-e77b1e,A-296d7c,2024-01-30,,Basic,6,114,1368,f,f,f,annual,t,no_change
S-d841e4,A-a1b80b,2024-06-28,,Enterprise,16,3184,38208,f,t,f,annual,t,upgrade
S-c6dc67,A-9f2731,2024-11-10,,Pro,33,1617,19404,f,f,f,monthly,t,no_change
S-aaf1d0,A-fd9422,2024-07-12,,Enterprise,58,0,0,t,f,f,monthly,f,no_change
S-e77144,A-49b828,2023-08-09,,Enterprise,25,4975,59700,f,t,f,monthly,t,upgrade
S-9b8504,A-c37cab,2024-10-19,,Pro,13,637,7644,f,f,t,annual,t,downgrade
S-504683,A-bbc346,2024-11-24,,Enterprise,19,3781,45372,f,f,f,annual,t,no_change
S-f3138f,A-3b5cd1,2024-06-11,,Enterprise,55,0,0,t,t,f,annual,t,upgrade
S-73688c,A-d535f6,2024-09-21,,Basic,12,0,0,t,f,f,monthly,t,no_change
S-6e5a3d,A-bb1486,2024-11-23,,Pro,41,2009,24108,f,f,f,annual,t,no_change
S-af6f53,A-410e86,2024-12-01,,Basic,24,456,5472,f,f,f,monthly,f,no_change
S-134753,A-e83938,2024-02-08,,Enterprise,16,3184,38208,f,t,f,monthly,t,upgrade
S-3503b4,A-58b9ff,2024-07-18,,Enterprise,2,398,4776,f,f,f,monthly,t,no_change
S-81e9f1,A-05d3b3,2024-09-10,,Basic,9,171,2052,f,f,f,monthly,t,no_change
S-31e347,A-cb6cc6,2023-08-15,,Basic,14,266,3192,f,t,f,annual,f,upgrade
S-102ebf,A-e60f9d,2024-11-13,,Enterprise,29,5771,69252,f,f,f,annual,f,no_change
S-a06b03,A-9b9fe9,2024-11-19,,Pro,68,3332,39984,f,f,f,annual,t,no_change
S-c14b9d,A-91e948,2023-12-06,,Basic,41,779,9348,f,f,f,monthly,t,no_change
S-a5cf6d,A-e51ec7,2023-11-27,,Enterprise,25,4975,59700,f,f,t,monthly,t,downgrade
S-6d96c9,A-a33200,2024-10-14,,Pro,29,1421,17052,f,f,f,monthly,t,no_change
S-d81959,A-039727,2024-11-10,,Basic,25,475,5700,f,f,f,annual,t,no_change
S-c77f0c,A-034368,2024-11-29,,Basic,29,551,6612,f,f,f,monthly,f,no_change
S-6eb56d,A-10b8da,2024-09-14,,Pro,34,1666,19992,f,f,f,monthly,t,no_change
S-b1dce0,A-fd7ad3,2024-11-07,,Basic,12,228,2736,f,f,f,monthly,t,no_change
S-a07c46,A-e693b6,2023-09-23,2023-10-15,Pro,55,2695,32340,f,t,f,monthly,t,upgrade
S-df91b0,A-ba6516,2024-10-04,,Basic,27,513,6156,f,f,t,monthly,f,downgrade
S-f16bb2,A-0f6450,2024-12-27,,Enterprise,28,0,0,t,f,f,monthly,t,no_change
S-94cf13,A-8adedc,2024-05-23,,Basic,5,95,1140,f,f,f,annual,t,no_change
S-f9df40,A-956988,2024-12-05,,Basic,70,1330,15960,f,f,f,annual,t,no_change
S-f366b3,A-ac85cd,2024-12-26,,Pro,85,4165,49980,f,f,f,annual,t,no_change
S-c38acd,A-726cfa,2024-11-24,,Enterprise,31,6169,74028,f,f,f,monthly,t,no_change
S-0d93fe,A-993085,2023-08-09,,Basic,31,589,7068,f,f,f,monthly,t,no_change
S-8d8dd0,A-902ef7,2024-09-30,,Enterprise,83,16517,198204,f,t,f,monthly,t,upgrade
S-9395a2,A-0e966d,2024-09-05,,Basic,11,209,2508,f,f,f,monthly,t,no_change
S-b1c57d,A-712533,2023-11-09,,Basic,18,342,4104,f,f,f,annual,t,no_change
S-f039f9,A-7a0d69,2024-12-10,,Enterprise,16,3184,38208,f,f,f,monthly,t,no_change
S-76b43f,A-b48f73,2024-12-26,,Basic,80,1520,18240,f,f,f,monthly,t,no_change
S-27552b,A-1d5444,2024-07-17,,Pro,24,1176,14112,f,f,f,annual,t,no_change
S-5bf2e5,A-484819,2024-07-31,,Basic,22,418,5016,f,f,f,annual,t,no_change
S-0c56e1,A-6f8ad2,2024-09-27,,Basic,29,551,6612,f,f,f,annual,f,no_change
S-47985c,A-1b707d,2024-12-27,,Basic,2,0,0,t,f,f,annual,f,no_change
S-43b137,A-756192,2024-06-14,,Enterprise,39,7761,93132,f,f,f,annual,t,no_change
S-8d2824,A-417d2f,2023-08-14,,Basic,37,703,8436,f,f,f,annual,f,no_change
S-2186ea,A-dbc825,2024-03-06,,Pro,19,931,11172,f,f,f,annual,t,no_change
S-2f8d64,A-ab438f,2024-11-28,,Enterprise,13,2587,31044,f,f,f,annual,f,no_change
S-7501c9,A-94c3cd,2024-11-23,,Pro,32,0,0,t,f,f,monthly,t,no_change
S-718bf5,A-5a3eb9,2024-03-15,,Pro,18,882,10584,f,f,f,annual,t,no_change
S-96e431,A-8b25f2,2024-03-23,,Pro,6,294,3528,f,f,f,annual,t,no_change
S-084f4a,A-faa28c,2024-02-05,2024-10-13,Enterprise,48,9552,114624,f,f,f,monthly,f,no_change
S-fc8f09,A-68f37c,2024-10-05,,Enterprise,4,796,9552,f,t,f,monthly,t,upgrade
S-5abbac,A-94d3da,2023-09-26,,Pro,41,0,0,t,f,f,annual,t,no_change
S-5aff5f,A-d82ef9,2024-11-30,,Basic,26,494,5928,f,f,f,monthly,t,no_change
S-43cd30,A-8145a0,2024-05-01,,Basic,37,0,0,t,t,f,annual,f,upgrade
S-339fce,A-e888d1,2024-11-26,,Pro,14,686,8232,f,f,f,monthly,t,no_change
S-9dcfb5,A-7d514c,2024-09-07,,Enterprise,17,3383,40596,f,f,f,annual,t,no_change
S-2fd650,A-019782,2024-12-04,,Enterprise,15,0,0,t,f,f,annual,f,no_change
S-50a388,A-089363,2024-06-18,,Pro,34,0,0,t,t,f,annual,t,upgrade
S-1fd72a,A-09316c,2024-11-27,,Pro,70,3430,41160,f,f,f,annual,t,no_change
S-40cbc0,A-474ad4,2024-04-18,,Basic,8,152,1824,f,f,f,annual,t,no_change
S-0b831e,A-4c38bc,2024-05-10,,Pro,36,1764,21168,f,f,f,annual,t,no_change
S-b5035b,A-7c4956,2023-12-28,,Enterprise,5,995,11940,f,f,f,monthly,t,no_change
S-1ac1b4,A-ac14bb,2023-10-28,,Enterprise,21,4179,50148,f,f,f,monthly,t,no_change
S-86e226,A-58b9ff,2024-06-17,,Pro,25,0,0,t,f,f,monthly,f,no_change
S-e60ba0,A-d26ab4,2024-11-18,,Pro,62,0,0,t,f,f,annual,f,no_change
S-377ced,A-432483,2023-12-13,,Enterprise,60,11940,143280,f,f,f,monthly,f,no_change
S-72cf21,A-855a48,2024-01-30,,Enterprise,40,7960,95520,f,f,t,annual,f,downgrade
S-d114e2,A-016043,2024-11-27,,Basic,11,209,2508,f,f,f,annual,f,no_change
S-5521a1,A-b7b7b7,2024-11-04,,Pro,45,2205,26460,f,f,f,annual,t,no_change
S-206227,A-4e960a,2024-07-10,,Enterprise,12,2388,28656,f,f,t,monthly,t,downgrade
S-eac553,A-ac9111,2024-09-06,,Basic,28,532,6384,f,f,f,annual,t,no_change
S-26191b,A-cbbe12,2023-07-21,2024-10-23,Pro,40,0,0,t,f,f,annual,t,no_change
S-8c8315,A-34ea2f,2024-11-19,,Pro,8,0,0,t,t,f,annual,t,upgrade
S-7af0d5,A-c4ea60,2023-04-11,,Basic,48,912,10944,f,f,t,annual,f,downgrade
S-b45a45,A-bcbe98,2024-09-09,,Pro,46,2254,27048,f,f,f,annual,t,no_change
S-639d60,A-84ebe4,2024-01-25,,Enterprise,18,0,0,t,f,f,annual,t,no_change
S-aaeb34,A-90a8c8,2024-09-21,,Enterprise,28,5572,66864,f,t,f,annual,f,upgrade
S-bef342,A-4814a3,2024-11-26,,Enterprise,87,17313,207756,f,f,f,annual,t,no_change
S-162d54,A-922109,2024-11-08,,Basic,11,209,2508,f,f,f,monthly,t,no_change
S-cf44af,A-3be56b,2024-03-08,,Pro,17,833,9996,f,f,f,annual,t,no_change
S-2c3d7d,A-c62e55,2024-12-31,,Pro,14,686,8232,f,f,f,annual,t,no_change
S-92795b,A-e36807,2024-06-01,,Basic,81,1539,18468,f,f,f,monthly,f,no_change
S-9cb1f7,A-118d55,2024-12-07,,Pro,17,833,9996,f,f,t,monthly,t,downgrade
S-ee994a,A-49b828,2024-04-18,,Pro,25,1225,14700,f,f,f,monthly,t,no_change
S-97df3f,A-9123ac,2024-06-07,,Pro,9,441,5292,f,f,f,annual,t,no_change
S-c2b710,A-88c6ca,2024-11-01,,Enterprise,5,995,11940,f,f,f,monthly,t,no_change
S-e768f5,A-1ac5e0,2024-11-19,,Enterprise,33,6567,78804,f,f,f,annual,t,no_change
S-6aa20b,A-a6d261,2024-01-11,,Enterprise,9,0,0,t,f,f,monthly,t,no_change
S-feea3a,A-82d8a6,2024-12-17,2024-12-22,Basic,5,95,1140,f,f,t,monthly,t,downgrade
S-f86bcf,A-592832,2024-12-02,2024-12-03,Pro,44,2156,25872,f,f,f,annual,f,no_change
S-6608d9,A-c9bb3e,2024-10-26,,Enterprise,18,3582,42984,f,f,f,annual,t,no_change
S-f5efe4,A-313be3,2023-11-25,,Enterprise,47,0,0,t,f,f,annual,t,no_change
S-32b223,A-2edab2,2023-11-28,,Pro,17,833,9996,f,f,f,annual,t,no_change
S-155e15,A-b07b56,2024-12-02,,Pro,30,1470,17640,f,f,f,monthly,t,no_change
S-a6010b,A-5a92e7,2024-10-14,,Basic,6,0,0,t,f,f,monthly,t,no_change
S-e60306,A-f45426,2024-12-10,,Enterprise,46,9154,109848,f,f,f,annual,t,no_change
S-6bde88,A-157070,2024-09-18,,Pro,49,0,0,t,f,f,annual,t,no_change
S-6ca5ab,A-55f257,2024-07-31,,Basic,14,0,0,t,f,f,annual,t,no_change
S-eafea7,A-cbd1a3,2024-11-29,,Enterprise,28,5572,66864,f,f,f,monthly,t,no_change
S-55db9e,A-8ae05d,2024-08-19,,Basic,86,1634,19608,f,f,f,annual,f,no_change
S-be079b,A-6da850,2024-04-29,,Basic,5,0,0,t,f,t,monthly,f,downgrade
S-bd5207,A-7cfe77,2024-12-05,,Basic,69,1311,15732,f,f,f,annual,t,no_change
S-f74bdd,A-c16101,2024-09-14,,Enterprise,14,2786,33432,f,f,f,annual,t,no_change
S-b3071c,A-cab532,2023-11-03,2024-12-14,Pro,31,1519,18228,f,f,f,monthly,t,no_change
S-ed1026,A-9a532a,2024-09-21,,Enterprise,11,2189,26268,f,f,f,annual,t,no_change
S-8cfa7f,A-d922bf,2024-08-12,,Enterprise,15,0,0,t,f,f,annual,t,no_change
S-2dbf11,A-e888d1,2024-05-25,,Pro,14,686,8232,f,f,f,annual,t,no_change
S-4311fb,A-2b9d3e,2024-11-12,,Pro,14,686,8232,f,f,f,monthly,t,no_change
S-5d729e,A-4a267b,2024-05-09,,Enterprise,29,5771,69252,f,f,f,monthly,t,no_change
S-50e517,A-e7a1e2,2024-10-28,,Basic,12,228,2736,f,f,f,annual,t,no_change
S-814624,A-671f31,2024-12-28,,Enterprise,82,0,0,t,f,t,annual,t,downgrade
S-f2d47e,A-6dee43,2024-05-27,,Enterprise,54,0,0,t,f,f,monthly,t,no_change
S-a405f7,A-0b0d6d,2024-12-30,,Pro,22,1078,12936,f,f,f,annual,t,no_change
S-0c46bb,A-c45b23,2024-04-09,,Basic,12,228,2736,f,f,f,annual,t,no_change
S-8b486a,A-59f724,2024-06-12,,Pro,77,0,0,t,f,f,annual,f,no_change
S-ddb09e,A-cc1d8d,2024-12-10,,Enterprise,8,1592,19104,f,f,f,monthly,f,no_change
S-561e21,A-87aa7b,2024-08-29,,Pro,24,0,0,t,t,f,annual,t,upgrade
S-8b1c37,A-acb7f7,2024-03-28,,Pro,32,0,0,t,f,f,monthly,f,no_change
S-fc6cb4,A-34d880,2024-08-11,2024-09-18,Basic,41,779,9348,f,f,f,monthly,f,no_change
S-13dfe7,A-956988,2024-12-15,,Pro,2,98,1176,f,f,f,annual,t,no_change
S-14d060,A-bcf664,2024-12-12,,Pro,47,2303,27636,f,f,f,annual,t,no_change
S-43f9f8,A-712f1c,2024-01-03,,Basic,24,456,5472,f,f,f,monthly,t,no_change
S-8c41e8,A-c16101,2024-09-23,,Basic,16,304,3648,f,t,f,annual,t,upgrade
S-0a9660,A-c7e58b,2024-04-04,,Enterprise,10,1990,23880,f,f,f,monthly,t,no_change
S-9c85b0,A-78f02b,2024-11-19,,Enterprise,11,2189,26268,f,f,f,annual,t,no_change
S-f09b6c,A-0f6450,2024-12-27,,Basic,28,532,6384,f,f,f,monthly,t,no_change
S-a1e688,A-2f6a32,2024-11-10,,Basic,47,893,10716,f,f,f,annual,t,no_change
S-0b62cc,A-a09355,2024-11-11,,Enterprise,17,3383,40596,f,f,f,monthly,t,no_change
S-e41941,A-aa9511,2024-12-12,,Enterprise,30,5970,71640,f,f,f,monthly,f,no_change
S-b7deea,A-65aeb5,2024-03-22,2024-12-03,Enterprise,63,12537,150444,f,f,f,monthly,t,no_change
S-b81c97,A-0b0d6d,2024-12-31,,Pro,18,882,10584,f,f,f,monthly,t,no_change
S-462547,A-e2cd1b,2024-12-07,,Basic,119,2261,27132,f,f,f,annual,t,no_change
S-38ac0c,A-794a0b,2024-07-05,,Enterprise,31,6169,74028,f,f,f,monthly,t,no_change
S-4704e5,A-6dee43,2024-03-15,,Basic,3,57,684,f,f,f,monthly,t,no_change
S-8b349c,A-32728c,2023-07-01,2024-04-07,Basic,20,380,4560,f,f,f,annual,t,no_change
S-33472f,A-f03140,2024-03-31,,Enterprise,27,5373,64476,f,f,f,monthly,t,no_change
S-70c369,A-4bfa33,2024-12-24,,Pro,72,3528,42336,f,f,f,monthly,t,no_change
S-2a6e4a,A-17939a,2024-12-30,,Pro,31,1519,18228,f,f,f,annual,f,no_change
S-091a8d,A-098560,2024-02-24,,Pro,23,0,0,t,f,f,monthly,t,no_change
S-a2afb0,A-139c3b,2024-12-21,,Enterprise,18,3582,42984,f,f,f,annual,f,no_change
S-85022b,A-d62e02,2024-11-06,,Basic,6,114,1368,f,t,f,monthly,t,upgrade
S-b71b3a,A-cd458b,2024-12-21,,Enterprise,47,9353,112236,f,f,f,monthly,t,no_change
S-cc80ee,A-034368,2024-12-12,,Enterprise,23,4577,54924,f,f,f,monthly,t,no_change
S-2e8409,A-029f69,2024-12-14,,Pro,10,490,5880,f,f,f,annual,f,no_change
S-de9b4b,A-600734,2024-11-06,,Pro,36,1764,21168,f,f,f,monthly,t,no_change
S-e5efce,A-cea1f0,2024-08-06,,Pro,8,392,4704,f,f,f,annual,f,no_change
S-d925e2,A-ce550d,2024-12-16,,Pro,35,1715,20580,f,f,f,annual,t,no_change
S-0ab4e8,A-6a4e2d,2023-12-04,,Pro,16,784,9408,f,f,f,monthly,t,no_change
S-585c3b,A-cc1d8d,2024-12-13,,Pro,6,0,0,t,f,f,annual,t,no_change
S-a4fd17,A-cbbe12,2024-05-11,2024-07-20,Basic,40,760,9120,f,f,t,monthly,f,downgrade
S-68b261,A-d535f6,2024-12-11,,Pro,19,931,11172,f,t,f,annual,t,upgrade
S-567afa,A-c16cf7,2024-12-07,,Pro,18,882,10584,f,f,f,annual,t,no_change
S-39b850,A-297a2d,2023-08-15,,Basic,27,0,0,t,f,f,annual,t,no_change
S-2a9676,A-92a3af,2024-07-23,,Pro,25,1225,14700,f,f,f,annual,t,no_change
S-fedcd9,A-65c341,2024-10-01,,Enterprise,11,2189,26268,f,f,f,annual,t,no_change
S-627697,A-977ca0,2023-03-20,,Basic,26,494,5928,f,f,f,monthly,t,no_change
S-65e38d,A-eb1312,2024-11-11,,Enterprise,25,4975,59700,f,t,f,monthly,t,upgrade
S-8e5fd4,A-43a9e3,2024-03-09,,Basic,27,513,6156,f,t,f,annual,t,upgrade
S-cf55da,A-2f6a32,2024-09-16,,Basic,19,0,0,t,f,f,monthly,t,no_change
S-e8488d,A-52dd88,2024-08-02,,Enterprise,26,5174,62088,f,f,f,monthly,f,no_change
S-344c0d,A-87aa7b,2024-10-15,,Enterprise,24,4776,57312,f,f,f,annual,t,no_change
S-3f0fb6,A-016043,2024-10-20,,Pro,27,1323,15876,f,f,f,annual,f,no_change
S-cd2085,A-7c83a1,2024-11-10,2024-11-26,Basic,12,228,2736,f,f,t,monthly,t,downgrade
S-91419b,A-94c3cd,2024-07-19,,Pro,37,1813,21756,f,f,f,annual,f,no_change
S-a84c82,A-186a44,2023-11-01,,Pro,20,980,11760,f,f,f,annual,f,no_change
S-c9d323,A-3a7284,2024-12-12,,Pro,31,1519,18228,f,f,f,monthly,t,no_change
S-404ecd,A-592832,2024-09-27,2024-12-18,Enterprise,18,3582,42984,f,f,f,monthly,t,no_change
S-d224a1,A-42b791,2024-06-11,,Pro,29,1421,17052,f,f,f,monthly,t,no_change
S-a7ea10,A-96e141,2024-08-05,2024-08-17,Basic,15,285,3420,f,f,f,annual,t,no_change
S-3d1043,A-e4144b,2024-12-15,,Enterprise,41,8159,97908,f,f,f,annual,f,no_change
S-7c1eb7,A-02cd81,2024-05-12,,Pro,44,2156,25872,f,f,f,monthly,t,no_change
S-4eb120,A-e1b9cd,2024-09-28,,Basic,40,760,9120,f,f,f,monthly,t,no_change
S-b11225,A-7cfe77,2024-11-21,,Pro,69,3381,40572,f,f,f,annual,t,no_change
S-dbceba,A-3cc791,2024-12-19,,Pro,36,1764,21168,f,f,f,monthly,t,no_change
S-b89305,A-0aaf6e,2024-11-09,,Basic,4,76,912,f,f,f,monthly,t,no_change
S-81b6ee,A-e1b9cd,2023-11-25,,Pro,40,1960,23520,f,f,f,annual,f,no_change
S-fbbd54,A-692f18,2024-06-02,,Pro,5,0,0,t,f,f,monthly,t,no_change
S-f1fa8b,A-ffc04f,2024-07-31,,Pro,55,2695,32340,f,f,f,monthly,f,no_change
S-c6d8ce,A-249769,2024-06-10,,Pro,11,539,6468,f,f,f,monthly,t,no_change
S-226cf3,A-956988,2024-12-18,,Pro,42,2058,24696,f,f,t,monthly,t,downgrade
S-9e2c78,A-e4144b,2024-12-18,,Basic,41,0,0,t,f,f,annual,t,no_change
S-61bcfb,A-4e631b,2024-11-05,,Basic,22,418,5016,f,f,f,monthly,t,no_change
S-96a469,A-e693b6,2023-10-08,,Pro,55,2695,32340,f,f,f,annual,t,no_change
S-5c2991,A-94c3cd,2024-01-06,,Enterprise,32,0,0,t,f,f,annual,t,no_change
S-771f7b,A-5c9849,2024-11-30,,Enterprise,62,12338,148056,f,f,f,annual,t,no_change
S-bdd5df,A-a45270,2024-07-18,,Enterprise,25,4975,59700,f,f,f,monthly,f,no_change
S-c46499,A-00cac8,2024-03-03,,Basic,8,152,1824,f,f,f,annual,t,no_change
S-03a5b0,A-068fc6,2024-07-13,,Enterprise,35,6965,83580,f,f,f,monthly,t,no_change
S-973e8e,A-0a282f,2024-09-28,2024-12-16,Enterprise,6,1194,14328,f,f,f,annual,t,no_change
S-8c8905,A-ba6516,2024-05-18,,Enterprise,27,5373,64476,f,f,f,annual,t,no_change
S-6d09f2,A-f92792,2024-11-24,,Basic,3,57,684,f,f,f,monthly,t,no_change
S-32d56d,A-9f9299,2023-11-27,,Enterprise,28,5572,66864,f,f,f,annual,t,no_change
S-54e8b2,A-19b2c8,2024-05-18,,Pro,20,980,11760,f,f,f,monthly,t,no_change
S-2664e1,A-2d4502,2024-07-19,,Enterprise,41,8159,97908,f,t,f,annual,t,upgrade
S-ceaff7,A-a8b49c,2024-02-16,,Basic,16,304,3648,f,f,f,annual,t,no_change
S-307b2b,A-4e44e8,2024-09-21,2024-10-26,Pro,8,392,4704,f,f,f,annual,t,no_change
S-491216,A-b7ef83,2024-09-16,,Pro,31,1519,18228,f,f,f,annual,t,no_change
S-a70baa,A-883b7d,2024-08-10,,Enterprise,17,3383,40596,f,f,f,annual,t,no_change
S-b5337b,A-7c6b6b,2024-12-10,,Pro,7,343,4116,f,f,f,annual,t,no_change
S-b2b1b9,A-49b828,2023-10-06,,Enterprise,49,9751,117012,f,t,f,annual,t,upgrade
S-6a02fe,A-35083d,2023-11-07,,Basic,25,475,5700,f,f,f,monthly,t,no_change
S-0865f1,A-95b24a,2023-12-10,,Basic,38,722,8664,f,f,f,annual,t,no_change
S-4f21c1,A-9f9299,2023-11-24,2024-07-20,Enterprise,28,5572,66864,f,f,f,annual,t,no_change
S-0ce88b,A-9ee962,2024-07-18,,Basic,9,171,2052,f,f,f,annual,t,no_change
S-446c54,A-296d7c,2024-11-05,,Enterprise,2,398,4776,f,f,f,annual,t,no_change
S-55aafd,A-e89151,2024-05-23,,Basic,8,152,1824,f,t,f,monthly,t,upgrade
S-f4caa8,A-9badbd,2024-09-16,2024-10-12,Basic,23,437,5244,f,f,f,annual,t,no_change
S-7c24f6,A-f25509,2024-06-16,,Enterprise,32,0,0,t,f,f,annual,f,no_change
S-c555c4,A-bcf87c,2024-12-13,,Enterprise,17,3383,40596,f,f,f,monthly,t,no_change
S-503afa,A-4e631b,2024-03-18,,Enterprise,40,7960,95520,f,f,f,monthly,f,no_change
S-98f176,A-05d3b3,2023-08-14,,Basic,55,0,0,t,f,f,annual,t,no_change
S-de473d,A-e6afc1,2023-05-31,,Pro,6,294,3528,f,f,f,monthly,t,no_change
S-1876fb,A-4f18f0,2024-10-12,,Enterprise,59,11741,140892,f,f,f,monthly,f,no_change
S-8fd22d,A-354f12,2024-08-01,,Enterprise,1,199,2388,f,f,f,monthly,t,no_change
S-7ded4d,A-0f3e88,2024-06-18,,Basic,17,323,3876,f,f,f,monthly,t,no_change
S-2cb298,A-9077b0,2024-12-20,,Enterprise,2,398,4776,f,t,f,annual,t,upgrade
S-dfbd79,A-977ca0,2024-11-24,2024-11-24,Pro,14,686,8232,f,f,f,annual,t,no_change
S-162e73,A-55f257,2024-01-12,,Enterprise,38,0,0,t,f,f,annual,t,no_change
S-f0c747,A-5b1bcd,2024-09-24,,Enterprise,73,14527,174324,f,f,f,monthly,t,no_change
S-cf72c8,A-2e3bad,2024-10-27,,Basic,61,1159,13908,f,f,f,annual,t,no_change
S-befdba,A-ff79f2,2024-11-15,2024-11-19,Basic,36,684,8208,f,f,f,annual,f,no_change
S-921f19,A-eb7c38,2024-09-16,,Pro,39,0,0,t,f,f,monthly,t,no_change
S-e9395e,A-180abf,2024-12-20,,Pro,64,3136,37632,f,t,f,monthly,t,upgrade
S-24cdb5,A-592832,2024-10-21,,Basic,35,665,7980,f,f,f,annual,t,no_change
S-5aa4ba,A-2d1036,2024-09-25,,Pro,69,3381,40572,f,f,f,monthly,t,no_change
S-207046,A-94d3da,2024-03-03,,Pro,41,0,0,t,f,f,annual,t,no_change
S-0d6ea4,A-f44180,2023-12-27,2024-10-30,Enterprise,9,1791,21492,f,f,f,monthly,f,no_change
S-5de79e,A-1619f8,2024-11-06,,Basic,29,551,6612,f,t,f,annual,f,upgrade
S-a04ec4,A-4ef964,2024-06-17,,Pro,17,833,9996,f,f,f,annual,t,no_change
S-33deb8,A-427b69,2024-11-30,,Pro,17,833,9996,f,f,f,annual,t,no_change
S-08f8d3,A-bcf87c,2024-11-27,,Pro,21,1029,12348,f,f,f,monthly,t,no_change
S-292c06,A-089363,2024-07-11,,Pro,26,1274,15288,f,f,f,monthly,t,no_change
S-0e9334,A-8ed5dd,2024-09-07,,Basic,23,437,5244,f,f,f,monthly,t,no_change
S-6a7c79,A-4ef964,2024-08-28,,Pro,17,0,0,t,f,f,monthly,t,no_change
S-1cfab2,A-712f1c,2024-12-01,,Enterprise,37,7363,88356,f,f,f,monthly,t,no_change
S-0c0691,A-19b2c8,2024-10-25,,Enterprise,20,3980,47760,f,f,f,monthly,t,no_change
S-b18ae9,A-b78bf8,2024-12-14,,Pro,33,1617,19404,f,f,f,monthly,t,no_change
S-a0abcf,A-42b791,2024-12-11,,Pro,14,686,8232,f,f,f,annual,f,no_change
S-567f8f,A-02cd81,2024-06-01,,Enterprise,44,8756,105072,f,f,f,annual,t,no_change
S-3673f2,A-cd458b,2024-08-17,,Enterprise,47,9353,112236,f,f,f,annual,t,no_change
S-3ff7bb,A-10b8f2,2024-08-15,,Basic,47,0,0,t,t,f,monthly,t,upgrade
S-b9d674,A-cc98bc,2023-07-09,,Enterprise,32,6368,76416,f,f,f,monthly,t,no_change
S-381917,A-474ad4,2024-07-02,,Pro,17,833,9996,f,f,f,monthly,t,no_change
S-67c1d8,A-328bd0,2024-12-18,,Pro,18,882,10584,f,f,t,annual,t,downgrade
S-c85c63,A-5c046d,2024-12-02,,Basic,93,1767,21204,f,f,f,monthly,f,no_change
S-8dd1cf,A-4d1e75,2024-12-17,,Basic,20,380,4560,f,t,f,monthly,f,upgrade
S-3741b9,A-c16b88,2024-06-20,2024-07-11,Basic,23,0,0,t,f,f,annual,t,no_change
S-90dd19,A-297a2d,2024-03-04,,Pro,27,1323,15876,f,t,f,annual,t,upgrade
S-d62a15,A-089363,2024-08-08,,Enterprise,10,1990,23880,f,f,f,annual,t,no_change
S-2a928c,A-fa3095,2024-12-16,,Basic,70,1330,15960,f,f,f,monthly,t,no_change
S-be86e3,A-3a5ad8,2024-01-14,,Enterprise,11,2189,26268,f,f,t,annual,t,downgrade
S-3dc46b,A-5790f4,2024-12-23,,Pro,12,588,7056,f,f,f,monthly,f,no_change
S-d6106b,A-0a282f,2024-10-16,,Basic,6,114,1368,f,f,f,monthly,t,no_change
S-c5a75d,A-66224b,2024-12-18,,Pro,92,4508,54096,f,f,f,annual,t,no_change
S-2f11bb,A-82d8a6,2024-12-29,,Pro,5,245,2940,f,f,f,annual,t,no_change
S-8f2b13,A-034368,2024-10-14,,Enterprise,28,5572,66864,f,f,f,annual,t,no_change
S-4047a8,A-e19ff6,2024-06-01,,Basic,1,19,228,f,f,f,monthly,f,no_change
S-969c1d,A-5b4ebb,2024-07-13,,Basic,29,551,6612,f,f,f,monthly,t,no_change
S-f41a31,A-659280,2023-11-25,,Enterprise,13,2587,31044,f,f,f,monthly,f,no_change
S-7a36ee,A-b11cd0,2023-02-16,2024-06-22,Basic,26,494,5928,f,f,f,monthly,t,no_change
S-b1d153,A-3793ee,2023-11-23,2024-10-08,Pro,49,2401,28812,f,f,f,monthly,t,no_change
S-515485,A-f3ff05,2024-09-21,,Pro,35,1715,20580,f,f,f,monthly,t,no_change
S-fe910d,A-241e75,2024-10-19,,Basic,5,95,1140,f,f,f,monthly,t,no_change
S-cd74b9,A-157070,2024-01-26,,Enterprise,16,3184,38208,f,t,f,annual,t,upgrade
S-604bd0,A-0e966d,2024-10-27,,Pro,57,2793,33516,f,f,f,monthly,f,no_change
S-cea51e,A-cc1d8d,2024-12-22,,Enterprise,20,0,0,t,f,f,monthly,t,no_change
S-1d63bf,A-69fad4,2024-02-01,2024-08-19,Enterprise,22,4378,52536,f,f,f,monthly,t,no_change
S-951c06,A-0532a9,2024-09-26,,Basic,19,361,4332,f,f,f,annual,t,no_change
S-6e780e,A-de58ca,2024-09-01,,Enterprise,36,7164,85968,f,f,f,annual,t,no_change
S-501046,A-c4ea60,2024-07-20,,Pro,18,882,10584,f,f,f,annual,t,no_change
S-d88f58,A-4ef964,2024-11-11,,Basic,17,323,3876,f,f,f,monthly,t,no_change
S-3012fa,A-902ef7,2024-09-05,,Pro,83,4067,48804,f,f,f,annual,t,no_change
S-936e80,A-5a3eb9,2023-09-21,,Pro,18,882,10584,f,f,f,annual,t,no_change
S-7bebc1,A-054577,2024-08-27,,Basic,24,456,5472,f,f,f,annual,t,no_change
S-cd8a6a,A-96215d,2024-11-04,,Pro,10,490,5880,f,f,f,annual,f,no_change
S-810a67,A-592832,2024-10-15,,Pro,18,882,10584,f,f,f,monthly,t,no_change
S-370135,A-e693b6,2024-05-11,,Pro,55,2695,32340,f,f,f,monthly,f,no_change
S-1ad030,A-92a3af,2024-09-01,,Enterprise,25,4975,59700,f,f,f,annual,f,no_change
S-fc155b,A-ccabf0,2024-09-09,,Enterprise,1,199,2388,f,f,f,annual,t,no_change
S-9c23e1,A-f92792,2024-09-17,,Enterprise,18,3582,42984,f,f,f,annual,t,no_change
S-af5a51,A-ccb686,2024-08-22,,Enterprise,53,10547,126564,f,t,f,annual,t,upgrade
S-7e86a2,A-7c5768,2024-10-29,,Basic,3,57,684,f,f,f,monthly,t,no_change
S-12902a,A-3932db,2024-09-21,,Enterprise,19,3781,45372,f,t,f,monthly,t,upgrade
S-7d4240,A-09316c,2024-11-11,,Basic,70,1330,15960,f,f,f,monthly,t,no_change
S-a94f54,A-e888d1,2023-09-04,2024-05-12,Enterprise,16,3184,38208,f,t,f,monthly,t,upgrade
S-64b181,A-bbe56f,2024-04-16,,Pro,21,1029,12348,f,f,f,annual,t,no_change
S-239429,A-65aeb5,2024-05-11,,Enterprise,9,0,0,t,f,f,monthly,t,no_change
S-c1ad26,A-10b8da,2024-05-09,,Pro,14,686,8232,f,f,f,annual,t,no_change
S-02b3a1,A-e6afc1,2023-08-05,,Basic,18,342,4104,f,f,f,monthly,t,no_change
S-83b45d,A-5a92e7,2024-06-27,,Pro,5,0,0,t,f,f,annual,t,no_change
S-43aa0e,A-4d1e75,2024-10-18,,Basic,36,0,0,t,f,f,monthly,t,no_change
S-ab06f4,A-90a8c8,2024-10-29,,Pro,15,735,8820,f,f,f,annual,t,no_change
S-4d2011,A-751c58,2024-07-29,,Enterprise,15,2985,35820,f,f,f,annual,f,no_change
S-dc28c6,A-e7beab,2024-01-05,,Enterprise,58,0,0,t,f,f,monthly,t,no_change
S-709b46,A-ed510f,2023-03-09,,Pro,42,2058,24696,f,f,f,annual,f,no_change
S-05eff5,A-118f1c,2024-12-23,,Basic,32,608,7296,f,f,f,monthly,t,no_change
S-e11cde,A-0f6450,2024-12-31,,Enterprise,28,5572,66864,f,f,f,monthly,f,no_change
S-db47af,A-d535f6,2024-11-13,,Basic,54,1026,12312,f,f,f,monthly,t,no_change
S-9af385,A-157070,2024-09-26,,Basic,27,513,6156,f,f,f,monthly,t,no_change
S-491caf,A-6f50ae,2024-03-24,,Basic,19,361,4332,f,f,t,annual,f,downgrade
S-6bd30a,A-5c9849,2024-12-01,2024-12-16,Enterprise,91,18109,217308,f,f,f,monthly,t,no_change
S-6cdfb7,A-432483,2024-11-29,,Pro,31,1519,18228,f,f,f,annual,t,no_change
S-2b7664,A-cb6cc6,2023-08-22,,Basic,13,247,2964,f,f,f,monthly,t,no_change
S-e6b35a,A-3c1a3f,2024-03-25,,Basic,4,76,912,f,f,f,monthly,t,no_change
S-221db6,A-1d5444,2024-09-16,,Pro,24,0,0,t,f,f,annual,t,no_change
S-408c2f,A-993085,2023-11-23,,Basic,31,589,7068,f,f,f,annual,t,no_change
S-f690b4,A-dfbd31,2024-12-04,,Pro,35,1715,20580,f,f,t,annual,t,downgrade
S-f4dc54,A-eb1312,2024-12-10,,Basic,25,475,5700,f,f,f,monthly,t,no_change
S-5717da,A-54d94a,2024-10-24,,Pro,27,1323,15876,f,f,f,monthly,t,no_change
S-36c07b,A-2922b6,2024-12-11,,Pro,15,735,8820,f,f,f,annual,t,no_change
S-01afa4,A-a09355,2024-12-05,,Enterprise,14,2786,33432,f,f,t,annual,t,downgrade
S-f7234f,A-5f7781,2024-08-27,,Pro,85,0,0,t,f,f,monthly,f,no_change
S-dd1d46,A-72799b,2023-11-18,,Enterprise,20,0,0,t,f,f,monthly,t,no_change
S-fa0094,A-2bc93d,2024-02-23,,Pro,14,686,8232,f,f,f,annual,t,no_change
S-bf89e6,A-812c5b,2024-05-19,,Pro,130,6370,76440,f,f,f,monthly,t,no_change
S-078c2b,A-354f12,2024-11-08,,Basic,7,133,1596,f,f,f,monthly,t,no_change
S-496c1e,A-f19b24,2024-08-20,,Basic,29,551,6612,f,f,f,annual,t,no_change
S-40dcf4,A-249769,2024-08-05,,Enterprise,56,11144,133728,f,f,f,annual,t,no_change
S-4cd678,A-40de06,2024-03-24,,Pro,28,1372,16464,f,f,f,monthly,f,no_change
S-f981fe,A-3cc791,2024-06-01,,Enterprise,22,4378,52536,f,f,f,monthly,t,no_change
S-5da6e7,A-5a215a,2024-07-29,2024-09-19,Pro,87,4263,51156,f,f,f,annual,t,no_change
S-1a5fa7,A-1f559b,2024-02-27,,Enterprise,26,5174,62088,f,f,f,annual,f,no_change
S-067edc,A-075038,2023-11-30,,Pro,23,0,0,t,t,f,monthly,t,upgrade
S-16ce94,A-c4ea60,2024-09-09,,Pro,18,882,10584,f,f,f,annual,t,no_change
S-f2710b,A-309e54,2024-12-13,,Enterprise,46,0,0,t,f,f,annual,t,no_change
S-709f67,A-484819,2023-05-27,,Enterprise,18,3582,42984,f,f,f,annual,t,no_change
S-1bc5a4,A-560d27,2024-07-31,,Enterprise,23,4577,54924,f,f,f,monthly,f,no_change
S-4d5623,A-d40bf7,2024-11-09,,Enterprise,59,11741,140892,f,f,f,annual,t,no_change
S-91b63c,A-f17767,2023-12-07,,Enterprise,39,7761,93132,f,f,f,annual,t,no_change
S-f5bef8,A-993085,2023-09-22,,Enterprise,40,7960,95520,f,f,t,monthly,t,downgrade
S-e6c900,A-cd458b,2024-09-18,,Pro,10,490,5880,f,f,f,annual,t,no_change
S-3c9115,A-9badbd,2024-07-01,,Enterprise,30,5970,71640,f,f,f,monthly,f,no_change
S-79af01,A-4ae22a,2024-07-24,,Enterprise,6,1194,14328,f,f,f,monthly,t,no_change
S-9fa738,A-977ca0,2024-02-02,,Basic,10,0,0,t,f,f,monthly,f,no_change
S-786ead,A-88c6ca,2024-12-02,,Pro,8,392,4704,f,f,f,monthly,t,no_change
S-9b5be4,A-ffdfd5,2024-10-23,,Enterprise,4,796,9552,f,f,f,monthly,f,no_change
S-3a4336,A-c1dfe1,2024-07-07,,Enterprise,26,5174,62088,f,f,t,monthly,t,downgrade
S-9a410c,A-d535f6,2024-12-11,,Pro,46,2254,27048,f,f,t,annual,t,downgrade
S-cd3f49,A-b2225d,2024-05-22,,Enterprise,47,0,0,t,f,f,annual,t,no_change
S-896293,A-337bc1,2024-09-12,,Basic,30,0,0,t,t,f,monthly,t,upgrade
S-643ccd,A-45ce7a,2024-09-30,,Basic,16,304,3648,f,f,f,annual,f,no_change
S-34f8ad,A-484819,2024-05-22,,Basic,18,342,4104,f,f,f,annual,t,no_change
S-d85c2f,A-e6afc1,2024-08-15,,Pro,85,4165,49980,f,f,f,annual,t,no_change
S-826d19,A-5790f4,2024-12-26,2024-12-29,Enterprise,8,1592,19104,f,f,f,annual,t,no_change
S-323f3e,A-b48f73,2024-12-27,,Pro,80,3920,47040,f,f,f,annual,f,no_change
S-202695,A-d535f6,2024-09-23,,Basic,12,228,2736,f,f,f,monthly,t,no_change
S-905752,A-bcf664,2024-08-29,,Basic,30,570,6840,f,f,f,monthly,t,no_change
S-e53224,A-d82ef9,2024-08-25,,Pro,26,0,0,t,f,t,annual,t,downgrade
S-040422,A-463db0,2024-12-28,,Basic,15,285,3420,f,f,f,annual,t,no_change
S-aef80b,A-ccabf0,2024-01-05,,Enterprise,13,2587,31044,f,f,f,annual,t,no_change
S-dda23d,A-1b707d,2023-11-14,,Pro,7,343,4116,f,f,f,annual,f,no_change
S-d29830,A-684255,2024-07-01,,Basic,9,171,2052,f,f,f,annual,t,no_change
S-fc86d6,A-038089,2024-06-27,,Pro,5,245,2940,f,f,f,annual,t,no_change
S-7179fd,A-bcf664,2023-06-16,,Basic,59,1121,13452,f,f,f,monthly,t,no_change
S-01daf5,A-9affe6,2024-11-14,,Pro,23,1127,13524,f,f,f,monthly,t,no_change
S-916876,A-5ed98d,2024-09-08,,Pro,24,1176,14112,f,f,f,monthly,t,no_change
S-4eef1a,A-3a7284,2024-12-18,,Basic,31,589,7068,f,f,f,monthly,t,no_change
S-166024,A-443b7c,2024-10-20,,Basic,24,456,5472,f,f,f,monthly,t,no_change
S-3ee288,A-05d3b3,2024-10-01,,Enterprise,19,3781,45372,f,f,f,annual,t,no_change
S-4da04b,A-54ecc2,2024-09-16,,Pro,7,343,4116,f,f,t,annual,t,downgrade
S-2d494e,A-922109,2024-12-01,,Basic,5,0,0,t,f,f,monthly,t,no_change
S-a80511,A-993085,2024-09-14,,Pro,31,1519,18228,f,f,f,annual,t,no_change
S-bc4da7,A-02cd81,2024-09-10,,Basic,44,0,0,t,f,f,annual,t,no_change
S-149409,A-0cc442,2024-09-15,2024-10-28,Pro,45,0,0,t,t,t,monthly,t,conflict
S-5488ba,A-d3c88e,2024-12-13,,Enterprise,16,3184,38208,f,f,f,annual,t,no_change
S-d5ce9f,A-acb7f7,2024-02-20,,Basic,39,741,8892,f,f,f,monthly,t,no_change
S-680dbe,A-b07b56,2024-12-18,,Enterprise,25,4975,59700,f,f,f,annual,t,no_change
S-129a62,A-8bde0c,2024-12-15,,Basic,34,0,0,t,f,f,monthly,f,no_change
S-b821f4,A-adc1f3,2024-12-21,,Enterprise,5,995,11940,f,f,f,monthly,t,no_change
S-b5d3cc,A-d3c88e,2024-12-29,,Enterprise,16,3184,38208,f,f,f,monthly,t,no_change
S-115510,A-3b37d9,2024-05-28,,Enterprise,23,0,0,t,f,f,monthly,t,no_change
S-244df8,A-94d3da,2024-10-28,,Basic,41,779,9348,f,f,f,monthly,t,no_change
S-688851,A-50f3f7,2024-04-05,,Basic,51,969,11628,f,f,f,annual,t,no_change
S-36aedb,A-2bc93d,2024-09-10,,Enterprise,14,2786,33432,f,t,f,annual,f,upgrade
S-642365,A-bd4513,2024-12-13,,Basic,50,950,11400,f,f,f,annual,t,no_change
S-4d47e3,A-7f4db3,2023-03-28,2024-06-17,Pro,4,196,2352,f,f,f,monthly,t,no_change
S-69b3ac,A-de58ca,2023-05-07,,Enterprise,80,0,0,t,f,f,annual,f,no_change
S-650c13,A-692f18,2024-08-06,,Basic,6,114,1368,f,f,f,monthly,t,no_change
S-380617,A-b2225d,2024-12-10,,Basic,47,893,10716,f,f,f,annual,t,no_change
S-a1874c,A-9174e0,2024-12-09,,Pro,37,1813,21756,f,f,f,monthly,t,no_change
S-26dbbf,A-432483,2023-12-17,,Pro,19,931,11172,f,f,f,monthly,t,no_change
S-467918,A-396e5f,2024-12-19,,Pro,34,1666,19992,f,f,f,monthly,f,no_change
S-5a4fb5,A-462d45,2024-02-13,,Pro,13,637,7644,f,t,f,annual,t,upgrade
S-023f5f,A-b2225d,2024-08-18,,Basic,47,893,10716,f,f,f,annual,t,no_change
S-4793bb,A-0f7d77,2024-12-08,,Pro,3,147,1764,f,f,f,annual,f,no_change
S-0da8be,A-cc8c8f,2024-07-16,2024-09-05,Basic,23,0,0,t,f,f,monthly,t,no_change
S-6d6ab6,A-54d94a,2024-12-21,,Basic,27,513,6156,f,f,f,annual,t,no_change
S-c033fa,A-151c9a,2024-06-26,,Pro,52,2548,30576,f,f,f,monthly,f,no_change
S-330989,A-671f31,2024-11-27,,Pro,59,2891,34692,f,f,f,annual,t,no_change
S-2632a2,A-5a3eb9,2024-03-15,,Basic,18,342,4104,f,f,t,annual,t,downgrade
S-e195f5,A-956988,2024-12-26,,Enterprise,12,2388,28656,f,f,f,monthly,t,no_change
S-132103,A-a2485e,2024-08-08,,Pro,9,441,5292,f,f,f,monthly,t,no_change
S-53361d,A-1ac5e0,2024-12-30,,Enterprise,33,0,0,t,f,f,monthly,f,no_change
S-0c42bc,A-712426,2024-12-16,,Pro,9,441,5292,f,f,f,annual,t,no_change
S-b2cfac,A-7f8241,2024-12-24,,Enterprise,34,6766,81192,f,f,f,monthly,f,no_change
S-fe2139,A-0f6450,2024-12-28,,Pro,28,1372,16464,f,f,f,monthly,t,no_change
S-0386c2,A-0f6450,2024-12-28,,Enterprise,28,5572,66864,f,f,f,annual,t,no_change
S-3fb8f4,A-118f1c,2024-12-28,,Enterprise,32,6368,76416,f,f,f,annual,f,no_change
S-022a1e,A-c42f1f,2024-07-28,,Pro,11,539,6468,f,f,f,annual,t,no_change
S-a7a7c7,A-2ebb4b,2023-11-02,,Basic,41,0,0,t,f,f,monthly,t,no_change
S-89d586,A-970c97,2024-11-02,,Pro,29,1421,17052,f,f,f,annual,t,no_change
S-fdc127,A-7641d3,2024-03-11,,Pro,76,0,0,t,f,f,monthly,t,no_change
S-5fb9ab,A-7f6b86,2024-10-27,,Enterprise,45,0,0,t,f,f,annual,f,no_change
S-e36ccb,A-30b4ca,2024-06-30,,Enterprise,86,17114,205368,f,f,f,monthly,t,no_change
S-88bc66,A-544d0a,2024-05-24,,Pro,43,2107,25284,f,f,f,monthly,f,no_change
S-6aa72f,A-58b9ff,2024-07-05,,Enterprise,3,0,0,t,f,f,annual,f,no_change
S-029065,A-4c56c9,2024-07-28,,Basic,11,0,0,t,f,f,annual,t,no_change
S-7070de,A-bcbe98,2024-10-24,,Enterprise,46,9154,109848,f,f,f,annual,t,no_change
S-76b06c,A-54d94a,2024-08-06,,Pro,27,1323,15876,f,f,f,monthly,t,no_change
S-a102aa,A-ccc747,2024-06-24,,Pro,37,1813,21756,f,t,f,monthly,f,upgrade
S-79c82e,A-40906c,2024-09-11,,Basic,92,1748,20976,f,f,f,monthly,t,no_change
S-af4059,A-acb7f7,2024-01-07,,Enterprise,32,6368,76416,f,f,f,annual,t,no_change
S-22eb3c,A-0a282f,2024-12-20,,Basic,60,1140,13680,f,f,f,monthly,t,no_change
S-4e0220,A-fa2041,2024-10-18,,Enterprise,15,2985,35820,f,f,f,annual,t,no_change
S-0ecec7,A-756192,2024-07-17,,Enterprise,19,3781,45372,f,f,f,monthly,t,no_change
S-1b8454,A-d4e0d4,2024-10-27,,Enterprise,117,23283,279396,f,f,f,monthly,t,no_change
S-ad8055,A-bc87bc,2024-11-07,,Enterprise,3,597,7164,f,f,f,monthly,t,no_change
S-f762a3,A-158f4e,2024-03-22,,Enterprise,61,12139,145668,f,f,f,annual,t,no_change
S-d29575,A-0cc442,2024-09-01,,Enterprise,45,8955,107460,f,f,f,monthly,t,no_change
S-0756ce,A-9badbd,2024-10-15,,Pro,77,3773,45276,f,f,f,monthly,t,no_change
S-f6bb38,A-b2af2e,2024-08-26,,Basic,11,209,2508,f,f,f,monthly,f,no_change
S-5685bf,A-524364,2024-12-31,,Enterprise,108,0,0,t,f,f,annual,t,no_change
S-7c727c,A-adc1f3,2024-08-28,,Enterprise,8,1592,19104,f,f,f,annual,f,no_change
S-1c643d,A-5a92e7,2024-12-11,,Basic,6,114,1368,f,f,f,monthly,t,no_change
S-7c633c,A-dbc825,2024-07-10,,Basic,19,0,0,t,f,f,annual,t,no_change
S-5de583,A-dbc825,2024-11-12,,Basic,19,361,4332,f,f,f,monthly,t,no_change
S-80af53,A-fd7ad3,2024-12-23,2024-12-29,Enterprise,12,2388,28656,f,t,f,monthly,t,upgrade
S-9210e7,A-dec005,2024-03-03,,Enterprise,21,4179,50148,f,f,f,annual,t,no_change
S-f9bd62,A-66224b,2024-12-27,,Basic,92,0,0,t,f,f,monthly,t,no_change
S-d7c21d,A-8145a0,2024-12-17,,Basic,15,285,3420,f,f,f,monthly,t,no_change
S-0b73bd,A-118d55,2024-11-24,,Enterprise,16,3184,38208,f,f,t,monthly,f,downgrade
S-9a8a30,A-4a267b,2024-09-15,2024-12-24,Enterprise,25,4975,59700,f,f,f,annual,t,no_change
S-50e9f3,A-adc1f3,2024-08-10,,Enterprise,6,1194,14328,f,f,f,annual,t,no_change
S-f5f01f,A-b179bf,2024-12-24,,Basic,43,817,9804,f,f,f,annual,t,no_change
S-0ec1d3,A-86fc1d,2024-08-08,,Pro,56,2744,32928,f,f,f,annual,t,no_change
S-b784a1,A-59f724,2024-05-29,,Pro,6,294,3528,f,f,f,monthly,t,no_change
S-01ae7f,A-b179bf,2024-12-25,,Pro,43,0,0,t,f,f,annual,t,no_change
S-1fabe5,A-0baac2,2024-12-10,,Basic,19,361,4332,f,f,f,monthly,t,no_change
S-2b8a8b,A-9f2731,2024-11-08,,Pro,13,637,7644,f,f,f,annual,t,no_change
S-c455ec,A-856b1e,2023-11-02,,Pro,19,931,11172,f,f,f,monthly,t,no_change
S-f4d491,A-9779ad,2024-05-09,,Enterprise,40,7960,95520,f,f,f,monthly,t,no_change
S-30bb47,A-c16cf7,2024-11-13,,Enterprise,13,2587,31044,f,f,f,annual,f,no_change
S-9dbe8c,A-d3c88e,2024-10-27,,Basic,16,0,0,t,f,f,monthly,t,no_change
S-679c73,A-271f46,2024-01-12,,Pro,38,0,0,t,f,f,monthly,t,no_change
S-d9f26e,A-b7724f,2024-12-27,,Basic,29,551,6612,f,f,f,monthly,t,no_change
S-e6c842,A-8b0451,2024-11-10,,Basic,41,779,9348,f,f,f,annual,t,no_change
S-b53850,A-cd458b,2024-08-18,2024-09-14,Basic,29,551,6612,f,f,f,annual,t,no_change
S-0aba5b,A-180abf,2024-12-16,,Pro,64,0,0,t,f,f,monthly,t,no_change
S-99271f,A-d62e02,2024-11-13,,Enterprise,27,5373,64476,f,f,f,monthly,f,no_change
S-b8a352,A-5f7781,2024-09-07,,Enterprise,22,4378,52536,f,f,f,annual,t,no_change
S-be509c,A-49b828,2023-08-10,,Enterprise,6,0,0,t,f,f,annual,t,no_change
S-07c2c2,A-f1f639,2023-07-03,,Basic,5,95,1140,f,f,f,monthly,t,no_change
S-0e057d,A-cc98bc,2023-06-27,,Pro,57,2793,33516,f,f,f,annual,t,no_change
S-606d6d,A-054577,2024-12-01,,Enterprise,14,2786,33432,f,f,f,monthly,t,no_change
S-2ae21d,A-0f6450,2024-12-28,,Basic,28,532,6384,f,f,f,annual,t,no_change
S-e60f46,A-eb7fac,2024-03-30,,Enterprise,7,1393,16716,f,f,f,annual,t,no_change
S-87e8d3,A-8145a0,2023-08-07,,Enterprise,4,796,9552,f,f,f,monthly,t,no_change
S-b409d1,A-e98302,2024-01-21,,Pro,18,882,10584,f,f,f,annual,t,no_change
S-fb6734,A-bd4513,2024-11-12,,Enterprise,50,9950,119400,f,f,f,annual,t,no_change
S-8a46fe,A-7d514c,2024-12-05,,Enterprise,17,3383,40596,f,f,f,monthly,t,no_change
S-ee3fa2,A-977ca0,2024-03-19,,Pro,6,294,3528,f,f,f,annual,t,no_change
S-8bf576,A-cbbe12,2024-12-16,,Enterprise,40,7960,95520,f,f,f,monthly,t,no_change
S-9fa080,A-c1e51e,2024-12-24,,Enterprise,29,5771,69252,f,t,f,monthly,t,upgrade
S-30e0c1,A-977ca0,2024-08-02,,Pro,35,1715,20580,f,f,f,monthly,t,no_change
S-9eb13e,A-4c38bc,2024-04-30,,Basic,36,684,8208,f,f,f,monthly,t,no_change
S-d1b062,A-a6d261,2024-03-07,,Enterprise,14,2786,33432,f,f,f,monthly,t,no_change
S-9ffb31,A-a8d89d,2024-08-24,,Pro,13,637,7644,f,f,f,annual,t,no_change
S-9e2819,A-e43bf7,2024-07-28,,Enterprise,44,8756,105072,f,f,f,annual,t,no_change
S-f9b1d0,A-65a46c,2024-03-07,,Basic,18,342,4104,f,f,f,monthly,t,no_change
S-7f28f3,A-396e5f,2024-10-18,,Pro,10,490,5880,f,t,t,annual,t,conflict
S-c1164e,A-4ef964,2024-09-06,,Pro,70,3430,41160,f,f,f,monthly,f,no_change
S-a9fb74,A-c45b23,2024-08-04,,Pro,5,0,0,t,f,f,annual,t,no_change
S-3e5a20,A-eafc6e,2024-07-17,,Basic,76,1444,17328,f,f,f,monthly,f,no_change
S-78da0b,A-b20d99,2024-01-26,,Enterprise,20,3980,47760,f,f,f,monthly,t,no_change
S-e9bcb2,A-eb2fdc,2024-05-15,,Basic,43,817,9804,f,f,f,monthly,t,no_change
S-4d30ba,A-600734,2024-02-25,,Basic,29,551,6612,f,f,f,annual,t,no_change
S-654529,A-8b25f2,2024-10-17,,Enterprise,6,0,0,t,f,f,annual,t,no_change
S-342708,A-ffc04f,2024-11-30,2024-12-21,Pro,41,2009,24108,f,f,f,annual,t,no_change
S-c067fc,A-249769,2024-07-18,,Basic,5,95,1140,f,f,f,monthly,t,no_change
S-e31e0c,A-977ca0,2023-04-04,,Pro,92,4508,54096,f,f,f,monthly,t,no_change
S-cd79c0,A-ccabf0,2023-11-07,,Enterprise,16,3184,38208,f,f,f,monthly,t,no_change
S-b69d76,A-b54c01,2024-10-28,,Pro,29,1421,17052,f,f,f,monthly,t,no_change
S-612bfb,A-180abf,2024-04-16,,Enterprise,64,12736,152832,f,t,f,annual,t,upgrade
S-51673a,A-5a92e7,2024-12-17,,Pro,9,0,0,t,f,f,monthly,t,no_change
S-0f9910,A-af0cd2,2023-07-10,2024-07-15,Basic,19,0,0,t,f,f,monthly,t,no_change
S-d4a76b,A-a45270,2024-09-23,,Basic,29,551,6612,f,t,f,monthly,t,upgrade
S-2abffe,A-a8b49c,2024-03-02,,Pro,9,441,5292,f,f,f,monthly,f,no_change
S-938952,A-df1e44,2024-12-18,,Pro,12,588,7056,f,f,f,monthly,t,no_change
S-4f5eb2,A-781cc0,2024-09-07,,Basic,12,228,2736,f,f,f,monthly,f,no_change
S-7f92bd,A-4f18f0,2024-06-04,2024-08-10,Basic,24,456,5472,f,f,t,monthly,t,downgrade
S-ad45ea,A-c1e51e,2024-12-11,,Basic,19,361,4332,f,f,f,monthly,t,no_change
S-f78a1a,A-fd7ad3,2024-11-02,,Basic,3,57,684,f,f,f,annual,t,no_change
S-3ad221,A-6f50ae,2023-11-11,,Basic,19,361,4332,f,f,f,monthly,t,no_change
S-8b3331,A-53f4e3,2024-11-28,,Basic,18,342,4104,f,f,f,annual,t,no_change
S-e4ce2c,A-5ed98d,2024-08-14,,Pro,24,1176,14112,f,f,f,annual,t,no_change
S-8b0498,A-180abf,2024-02-19,,Pro,64,3136,37632,f,f,f,monthly,f,no_change
S-2971ae,A-9c18c4,2024-10-13,,Enterprise,11,2189,26268,f,t,f,monthly,t,upgrade
S-447189,A-378b99,2024-09-19,,Basic,68,1292,15504,f,f,f,monthly,t,no_change
S-474001,A-adc1f3,2024-12-19,,Pro,2,98,1176,f,f,f,annual,f,no_change
S-4c7591,A-17939a,2024-12-30,,Pro,28,1372,16464,f,f,f,monthly,t,no_change
S-477a57,A-ccabf0,2023-11-29,,Enterprise,59,11741,140892,f,f,f,monthly,t,no_change
S-a60299,A-716841,2024-09-20,,Pro,45,0,0,t,f,f,monthly,t,no_change
S-f8bff8,A-71615e,2024-07-20,,Basic,15,285,3420,f,f,f,annual,t,no_change
S-8f181e,A-5790f4,2024-12-24,,Enterprise,18,3582,42984,f,f,f,annual,t,no_change
S-0ec903,A-039727,2024-12-18,,Basic,25,475,5700,f,f,f,annual,t,no_change
S-591a64,A-c7e58b,2023-08-30,,Basic,3,57,684,f,f,f,annual,t,no_change
S-3af70e,A-3b37d9,2024-11-17,,Enterprise,23,4577,54924,f,f,f,annual,t,no_change
S-d44088,A-0651a4,2024-12-21,2024-12-23,Pro,16,0,0,t,f,f,annual,t,no_change
S-fb95f2,A-d4ac0e,2024-10-28,,Enterprise,25,4975,59700,f,f,f,annual,t,no_change
S-d07886,A-0dbdc6,2024-07-02,,Pro,30,1470,17640,f,f,f,annual,t,no_change
S-977d49,A-a865bd,2024-04-11,,Enterprise,38,7562,90744,f,f,f,monthly,t,no_change
S-270e94,A-22f2df,2024-12-21,,Basic,6,114,1368,f,t,f,annual,t,upgrade
S-b8ee76,A-7f4db3,2023-10-31,,Pro,6,294,3528,f,f,f,monthly,t,no_change
S-c3472f,A-038089,2024-07-23,,Pro,36,1764,21168,f,f,f,monthly,t,no_change
S-46dfac,A-6dee43,2024-10-16,,Pro,17,0,0,t,f,f,annual,t,no_change
S-eb8b81,A-1f7acb,2023-10-31,,Basic,64,1216,14592,f,f,f,monthly,t,no_change
S-7ea264,A-10b8f2,2024-04-10,,Enterprise,47,9353,112236,f,f,f,annual,t,no_change
S-209456,A-95b24a,2023-07-18,,Pro,38,1862,22344,f,f,f,annual,t,no_change
S-c63e51,A-cab532,2024-07-07,,Pro,11,539,6468,f,f,f,annual,t,no_change
S-40d87e,A-f03140,2024-05-28,,Pro,28,1372,16464,f,f,f,annual,t,no_change
S-2ee7ec,A-c16101,2024-10-24,,Basic,12,228,2736,f,f,f,monthly,t,no_change
S-2c11c6,A-76fa4d,2024-12-08,2024-12-28,Pro,69,0,0,t,f,f,monthly,t,no_change
S-d232ad,A-1619f8,2024-06-10,,Pro,29,0,0,t,f,f,monthly,f,no_change
S-3a28cc,A-80eeb6,2024-02-16,,Basic,33,627,7524,f,f,f,monthly,t,no_change
S-775dd1,A-378b99,2024-09-10,,Pro,19,931,11172,f,f,f,monthly,t,no_change
S-4c2f78,A-533452,2024-11-24,,Pro,51,2499,29988,f,f,f,monthly,t,no_change
S-91cd9b,A-cdf020,2024-01-31,2024-07-03,Pro,45,2205,26460,f,f,f,annual,t,no_change
S-e0a4c5,A-fabe19,2024-12-26,,Enterprise,1,0,0,t,t,f,monthly,f,upgrade
S-76c065,A-716841,2024-11-14,,Enterprise,45,8955,107460,f,f,f,annual,t,no_change
S-3cae3d,A-ce550d,2024-12-04,,Pro,35,1715,20580,f,f,f,annual,f,no_change
S-71c67c,A-0f6450,2024-12-30,,Pro,28,1372,16464,f,f,f,monthly,t,no_change
S-fe6eb1,A-2446e3,2024-12-09,,Enterprise,27,5373,64476,f,f,f,monthly,t,no_change
S-2dc99d,A-cc102e,2024-11-04,,Basic,22,418,5016,f,f,f,monthly,t,no_change
S-cd4dcd,A-cb5333,2024-07-11,,Pro,33,1617,19404,f,f,f,monthly,t,no_change
S-21ebb6,A-0baac2,2024-10-27,,Enterprise,31,6169,74028,f,f,f,annual,t,no_change
S-94c6a5,A-40de06,2024-08-22,,Pro,28,1372,16464,f,t,f,monthly,t,upgrade
S-89c7ff,A-2f6a32,2024-10-13,,Pro,33,1617,19404,f,f,f,annual,t,no_change
S-6da42f,A-039727,2024-11-30,,Pro,25,1225,14700,f,t,t,monthly,t,conflict
S-ec242e,A-8e47ca,2024-04-26,,Enterprise,31,6169,74028,f,f,f,monthly,t,no_change
S-7003c5,A-038089,2024-12-30,,Basic,5,95,1140,f,f,f,annual,t,no_change
S-ac6f24,A-fdfc91,2024-05-03,,Pro,29,0,0,t,f,f,monthly,t,no_change
S-52b74f,A-249769,2024-08-11,,Enterprise,7,1393,16716,f,f,f,annual,t,no_change
S-e89b90,A-756192,2024-12-12,,Pro,38,1862,22344,f,f,f,annual,t,no_change
S-70d15d,A-8adedc,2024-02-22,2024-03-09,Enterprise,57,11343,136116,f,f,f,monthly,t,no_change
S-0d497d,A-432483,2024-01-10,,Enterprise,41,8159,97908,f,f,f,annual,t,no_change
S-14f672,A-692f18,2024-07-10,,Pro,12,588,7056,f,f,f,monthly,t,no_change
S-7be132,A-cea1f0,2024-10-21,,Basic,14,266,3192,f,f,f,annual,t,no_change
S-0fdcfe,A-4c38bc,2024-08-24,,Enterprise,36,7164,85968,f,t,f,annual,t,upgrade
S-600e05,A-600734,2024-04-17,,Basic,29,551,6612,f,f,f,monthly,f,no_change
S-2b0a2d,A-c1dfe1,2024-02-04,,Basic,26,494,5928,f,t,f,annual,t,upgrade
S-3a6a71,A-462d45,2024-04-19,,Basic,61,1159,13908,f,f,f,monthly,f,no_change
S-c27df9,A-6f50ae,2024-04-05,,Pro,19,0,0,t,f,f,monthly,t,no_change
S-abddce,A-7d514c,2024-07-01,2024-11-12,Enterprise,43,8557,102684,f,f,f,monthly,t,no_change
S-5d0af1,A-977ca0,2023-04-19,,Pro,17,833,9996,f,f,f,monthly,f,no_change
S-a2d132,A-66224b,2024-11-28,,Pro,111,0,0,t,f,f,annual,t,no_change
S-a610f6,A-98a59a,2023-11-25,,Basic,56,1064,12768,f,f,f,annual,f,no_change
S-60890c,A-ff3c73,2023-04-06,,Pro,21,1029,12348,f,f,f,monthly,f,no_change
S-be53ea,A-526d93,2024-07-28,,Pro,43,2107,25284,f,f,f,annual,t,no_change
S-710a78,A-f6b2fb,2024-10-21,,Enterprise,23,0,0,t,f,f,annual,t,no_change
S-9bd0ec,A-fe79a5,2024-12-26,,Enterprise,9,1791,21492,f,f,f,annual,t,no_change
S-f36088,A-8adedc,2024-05-24,,Enterprise,43,0,0,t,f,f,annual,t,no_change
S-a55d16,A-7da956,2024-07-23,,Basic,13,247,2964,f,f,f,monthly,f,no_change
S-7f94c2,A-9bfc9f,2023-10-16,,Pro,53,0,0,t,f,f,monthly,t,no_change
S-bff4f8,A-b07346,2024-11-21,,Enterprise,51,10149,121788,f,f,f,annual,f,no_change
S-07a006,A-40906c,2024-11-18,,Enterprise,92,18308,219696,f,f,f,monthly,t,no_change
S-35a9b6,A-c16cf7,2024-10-27,,Pro,13,637,7644,f,f,f,annual,f,no_change
S-c7190f,A-56962b,2024-09-08,,Pro,163,7987,95844,f,t,f,monthly,t,upgrade
S-7dab19,A-de58ca,2023-12-24,2024-11-04,Basic,47,893,10716,f,f,f,annual,f,no_change
S-a7ce33,A-e89151,2024-03-28,,Enterprise,23,4577,54924,f,t,f,monthly,t,upgrade
S-ddf5ff,A-1f559b,2024-06-21,2024-09-29,Basic,58,1102,13224,f,f,f,monthly,f,no_change
S-b262a1,A-180abf,2024-11-09,,Basic,64,1216,14592,f,f,f,annual,t,no_change
S-db37e1,A-4a267b,2024-10-12,,Enterprise,63,12537,150444,f,f,f,annual,f,no_change
S-a67bb7,A-09316c,2024-09-19,,Enterprise,70,13930,167160,f,f,f,monthly,t,no_change
S-2ec763,A-068fc6,2024-12-03,,Pro,35,1715,20580,f,f,f,monthly,t,no_change
S-142456,A-22d9d2,2024-04-30,2024-09-06,Basic,10,0,0,t,f,f,annual,t,no_change
S-81d580,A-f03140,2024-07-09,,Basic,27,513,6156,f,f,f,annual,f,no_change
S-47cfb3,A-22f2df,2024-12-30,,Basic,11,209,2508,f,f,f,annual,t,no_change
S-d5bf88,A-462d45,2024-02-21,,Enterprise,52,10348,124176,f,f,t,annual,t,downgrade
S-62b93c,A-692f18,2024-09-19,,Enterprise,6,0,0,t,f,f,annual,t,no_change
S-8bac4e,A-558c72,2023-12-17,,Pro,12,588,7056,f,f,f,monthly,t,no_change
S-35cf1c,A-1b9609,2024-02-17,,Basic,49,931,11172,f,f,f,monthly,t,no_change
S-820711,A-71615e,2024-11-05,,Enterprise,60,11940,143280,f,f,f,annual,f,no_change
S-304196,A-bcf664,2024-09-02,,Basic,6,114,1368,f,f,f,monthly,t,no_change
S-39e396,A-443b7c,2024-11-29,,Basic,8,152,1824,f,f,f,annual,t,no_change
S-1e8910,A-9b9fe9,2024-05-26,,Pro,5,0,0,t,f,f,monthly,t,no_change
S-b465a7,A-66224b,2024-10-20,,Enterprise,92,18308,219696,f,f,f,monthly,t,no_change
S-5163bd,A-7988d1,2024-05-18,,Basic,33,627,7524,f,f,f,annual,t,no_change
S-20d02a,A-40a557,2024-01-11,2024-01-16,Enterprise,16,3184,38208,f,f,f,annual,t,no_change
S-34b845,A-432483,2024-05-02,,Pro,8,392,4704,f,f,f,monthly,t,no_change
S-12ca50,A-425e76,2023-06-21,,Enterprise,8,1592,19104,f,t,f,monthly,t,upgrade
S-6dff9e,A-76fa4d,2024-11-27,,Enterprise,69,13731,164772,f,f,f,monthly,t,no_change
S-a24aa1,A-c608c8,2024-03-07,,Pro,21,1029,12348,f,t,f,monthly,t,upgrade
S-a7360b,A-00bed1,2023-11-16,,Basic,61,1159,13908,f,t,f,annual,t,upgrade
S-1082f7,A-c7ffc2,2023-08-21,,Basic,57,1083,12996,f,f,f,annual,t,no_change
S-d747bc,A-068fc6,2024-03-17,,Basic,35,665,7980,f,t,f,monthly,t,upgrade
S-4d1a78,A-7dacce,2024-11-02,,Basic,49,0,0,t,f,f,monthly,t,no_change
S-a79d1f,A-f45426,2024-09-23,,Enterprise,9,0,0,t,f,f,monthly,t,no_change
S-0bd442,A-ad296b,2024-08-08,,Enterprise,38,7562,90744,f,f,f,monthly,t,no_change
S-71cefe,A-cb5333,2024-06-19,,Basic,33,627,7524,f,f,f,annual,t,no_change
S-a36a36,A-4ef964,2024-05-01,,Pro,17,833,9996,f,f,f,annual,f,no_change
S-9d505c,A-8bde0c,2024-12-14,,Basic,61,1159,13908,f,f,f,monthly,t,no_change
S-e7416c,A-6dee43,2024-05-15,,Pro,16,784,9408,f,f,f,annual,t,no_change
S-a7cab8,A-94d3da,2023-12-26,,Basic,41,779,9348,f,f,f,monthly,f,no_change
S-5ae105,A-296d7c,2024-04-21,,Basic,19,361,4332,f,f,f,monthly,t,no_change
S-ed9451,A-bd4513,2024-12-17,2024-12-17,Pro,50,2450,29400,f,f,f,annual,t,no_change
S-bfd04c,A-2e3bad,2024-04-03,,Basic,61,1159,13908,f,f,f,monthly,f,no_change
S-fc2742,A-c9bb3e,2024-08-13,,Enterprise,11,2189,26268,f,f,f,annual,t,no_change
S-8e9e9b,A-4e44e8,2024-09-06,,Basic,3,57,684,f,t,f,annual,f,upgrade
S-2f0291,A-ba6516,2024-11-24,,Enterprise,27,5373,64476,f,f,f,annual,t,no_change
S-74a274,A-02fac6,2024-10-06,,Enterprise,22,4378,52536,f,f,f,monthly,t,no_change
S-82848e,A-bece89,2024-01-18,,Enterprise,26,5174,62088,f,f,f,annual,t,no_change
S-6a0399,A-df1e44,2024-09-08,2024-12-15,Enterprise,12,2388,28656,f,f,t,monthly,t,downgrade
S-29597a,A-0532a9,2024-10-17,,Enterprise,27,5373,64476,f,f,f,annual,f,no_change
S-4c8ab8,A-39ddf4,2024-12-26,,Pro,40,1960,23520,f,f,f,monthly,t,no_change
S-0638dc,A-9779ad,2024-04-07,,Enterprise,40,7960,95520,f,f,f,annual,t,no_change
S-2557d9,A-692f18,2024-12-14,,Enterprise,10,1990,23880,f,t,f,monthly,t,upgrade
S-bd1ee1,A-bd4708,2024-12-18,,Enterprise,37,7363,88356,f,f,f,monthly,t,no_change
S-ee3466,A-7d514c,2024-02-13,,Enterprise,17,0,0,t,t,f,monthly,t,upgrade
S-477317,A-d5a319,2024-01-01,,Enterprise,70,13930,167160,f,t,f,annual,t,upgrade
S-5bb13f,A-089363,2024-01-10,,Enterprise,15,2985,35820,f,f,f,monthly,f,no_change
S-6ee6c9,A-396e5f,2024-10-19,,Pro,53,2597,31164,f,f,f,annual,t,no_change
S-4a2fc6,A-10b8f2,2023-08-05,,Basic,47,0,0,t,f,f,annual,t,no_change
S-e768c6,A-9289f6,2023-07-08,,Basic,22,418,5016,f,f,f,annual,t,no_change
S-5cce27,A-d42431,2024-09-01,,Basic,22,418,5016,f,f,f,annual,t,no_change
S-8707e7,A-17939a,2024-12-31,,Basic,14,266,3192,f,f,f,annual,t,no_change
S-2ff0ab,A-712f1c,2024-05-11,,Basic,17,323,3876,f,t,f,monthly,t,upgrade
S-5b58b1,A-87aa7b,2024-11-19,,Pro,24,1176,14112,f,f,f,annual,t,no_change
S-0ba1fe,A-5a184f,2024-01-15,,Enterprise,46,9154,109848,f,f,t,monthly,t,downgrade
S-c58d66,A-42b791,2024-11-06,,Basic,3,57,684,f,f,f,monthly,t,no_change
S-2cc962,A-3d957b,2024-10-16,,Enterprise,14,2786,33432,f,f,f,annual,f,no_change
S-235670,A-3a7284,2024-12-15,,Enterprise,33,6567,78804,f,f,t,monthly,t,downgrade
S-98126d,A-8145a0,2024-09-09,,Basic,12,228,2736,f,f,f,monthly,t,no_change
S-ebfbbe,A-00cac8,2024-08-04,,Basic,8,152,1824,f,f,f,monthly,t,no_change
S-7a55d9,A-7e0a10,2024-01-03,,Basic,46,874,10488,f,f,f,monthly,t,no_change
S-6ce221,A-65aeb5,2024-10-10,2024-12-03,Basic,9,171,2052,f,f,f,annual,t,no_change
S-4cff80,A-f97b9a,2023-12-24,,Enterprise,16,0,0,t,f,f,monthly,t,no_change
S-7e2e5c,A-7df7a7,2024-04-06,,Basic,7,133,1596,f,f,f,monthly,f,no_change
S-af8f54,A-712426,2024-11-28,2024-12-26,Enterprise,9,1791,21492,f,f,f,monthly,t,no_change
S-b152d6,A-c16101,2024-12-25,,Pro,7,343,4116,f,f,f,monthly,t,no_change
S-276555,A-d792a6,2024-01-26,,Pro,36,1764,21168,f,f,f,annual,t,no_change
S-fcd20b,A-157070,2024-07-07,,Pro,16,784,9408,f,f,f,annual,t,no_change
S-41bb1b,A-993085,2024-08-17,,Basic,31,589,7068,f,f,f,annual,t,no_change
S-0c63de,A-592832,2024-12-31,,Pro,18,882,10584,f,f,f,annual,f,no_change
S-658f5f,A-716841,2024-05-27,,Pro,45,2205,26460,f,f,f,monthly,t,no_change
S-4994d6,A-5a3eb9,2024-08-26,,Basic,44,836,10032,f,f,t,annual,t,downgrade
S-3a897f,A-53f4e3,2024-10-10,,Pro,93,4557,54684,f,f,f,annual,t,no_change
S-afa2a9,A-4f18f0,2024-07-26,,Enterprise,24,4776,57312,f,f,f,annual,t,no_change
S-998ec2,A-f446b6,2024-04-17,,Basic,5,95,1140,f,f,f,annual,t,no_change
S-d19797,A-fd7ad3,2024-11-10,,Basic,1,19,228,f,f,f,monthly,t,no_change
S-40e528,A-a0ca4e,2024-11-19,,Enterprise,19,0,0,t,f,f,annual,t,no_change
S-5c4b5d,A-4bfa33,2024-12-19,,Pro,8,392,4704,f,f,f,annual,t,no_change
S-89c6dc,A-55f257,2024-06-29,,Pro,24,1176,14112,f,t,f,annual,t,upgrade
S-4291f7,A-afa505,2024-11-19,,Enterprise,70,13930,167160,f,t,f,monthly,f,upgrade
S-151fce,A-f03140,2023-12-11,,Basic,27,513,6156,f,f,f,annual,f,no_change
S-dfaf24,A-970c97,2024-12-15,2024-12-21,Basic,27,513,6156,f,f,f,annual,f,no_change
S-1dfa14,A-d3c88e,2024-11-19,,Enterprise,16,3184,38208,f,f,f,annual,f,no_change
S-f9e2ca,A-151c9a,2024-06-10,,Enterprise,23,4577,54924,f,f,f,annual,t,no_change
S-294fb2,A-bb2f49,2023-07-26,,Enterprise,49,9751,117012,f,f,f,annual,t,no_change
S-673c51,A-b7ef83,2024-09-14,,Enterprise,9,1791,21492,f,f,f,monthly,f,no_change
S-c2b60b,A-5a184f,2024-10-20,,Basic,1,19,228,f,f,f,annual,t,no_change
S-2756ac,A-df1e44,2024-03-08,,Enterprise,39,0,0,t,f,f,monthly,t,no_change
S-5e7357,A-9f9299,2024-07-07,,Pro,32,1568,18816,f,f,f,monthly,t,no_change
S-f2be88,A-5c046d,2024-09-07,,Enterprise,93,18507,222084,f,f,f,monthly,t,no_change
S-461334,A-a0ca4e,2024-05-06,,Basic,11,209,2508,f,f,f,annual,t,no_change
S-23dcff,A-aa9511,2024-10-05,,Enterprise,54,10746,128952,f,f,f,monthly,t,no_change
S-ed61a2,A-bb1486,2024-11-17,,Pro,69,3381,40572,f,f,f,monthly,t,no_change
S-28e491,A-337bc1,2024-09-28,,Pro,30,0,0,t,f,t,annual,t,downgrade
S-e32bf8,A-3ce5b8,2024-06-05,,Enterprise,8,1592,19104,f,f,f,annual,t,no_change
S-09251c,A-8adedc,2024-07-17,2024-10-30,Enterprise,16,3184,38208,f,f,f,monthly,t,no_change
S-9a7851,A-4c38bc,2024-12-27,2024-12-28,Pro,36,1764,21168,f,f,f,annual,t,no_change
S-ef398a,A-b44e3e,2024-05-29,,Enterprise,40,7960,95520,f,f,f,annual,t,no_change
S-e3b379,A-1f559b,2024-02-08,,Basic,13,247,2964,f,f,t,monthly,t,downgrade
S-dbf124,A-659280,2024-07-25,,Basic,13,247,2964,f,f,f,monthly,t,no_change
S-df3e3d,A-44dc83,2024-11-26,,Enterprise,13,0,0,t,f,f,annual,t,no_change
S-57f1a7,A-2789e3,2024-11-06,,Enterprise,11,2189,26268,f,f,f,annual,t,no_change
S-991f61,A-5247b3,2024-10-18,,Basic,18,342,4104,f,f,f,monthly,t,no_change
S-8fb49f,A-8e47ca,2024-05-20,,Enterprise,20,3980,47760,f,f,f,monthly,t,no_change
S-450fa9,A-186a44,2024-12-17,2024-12-25,Basic,20,380,4560,f,f,f,monthly,f,no_change
S-2d04a6,A-fda07f,2024-10-04,,Basic,8,152,1824,f,t,f,monthly,t,upgrade
S-7c47af,A-396e5f,2024-10-25,,Basic,18,342,4104,f,f,f,annual,t,no_change
S-fb9972,A-0158bb,2024-12-31,,Pro,45,2205,26460,f,t,f,annual,t,upgrade
S-804fb3,A-b7724f,2024-12-26,,Basic,71,1349,16188,f,f,f,monthly,t,no_change
S-1883dc,A-05f0e5,2024-02-28,,Basic,56,1064,12768,f,f,f,annual,t,no_change
S-a8bed8,A-9badbd,2024-08-28,,Basic,17,323,3876,f,f,f,annual,t,no_change
S-049667,A-ac14bb,2024-07-03,,Basic,28,532,6384,f,t,f,annual,t,upgrade
S-9a952b,A-bcf664,2023-08-30,,Basic,5,0,0,t,f,f,monthly,t,no_change
S-ac462f,A-313be3,2024-12-03,,Basic,47,0,0,t,f,f,monthly,t,no_change
S-ff582b,A-3b5cd1,2023-12-29,,Enterprise,13,2587,31044,f,f,f,monthly,t,no_change
S-05555d,A-4437e4,2024-07-20,,Enterprise,16,3184,38208,f,t,f,annual,t,upgrade
S-9fc9f5,A-970c97,2024-11-04,,Pro,14,686,8232,f,f,f,annual,f,no_change
S-a30f36,A-dcc2f0,2024-10-03,,Pro,15,735,8820,f,f,f,annual,t,no_change
S-5521f5,A-098560,2024-04-13,,Pro,25,1225,14700,f,f,f,monthly,f,no_change
S-9f123c,A-9c18c4,2024-07-30,,Enterprise,11,0,0,t,f,f,annual,t,no_change
S-694aa7,A-779e4e,2024-09-18,,Basic,98,1862,22344,f,f,f,annual,t,no_change
S-b72911,A-7c83a1,2024-07-29,,Basic,12,228,2736,f,f,f,monthly,f,no_change
S-1d5f4e,A-ab438f,2024-12-11,2024-12-15,Pro,13,637,7644,f,f,f,monthly,f,no_change
S-dd85c4,A-65c341,2024-02-26,2024-07-18,Enterprise,31,6169,74028,f,f,f,monthly,t,no_change
S-cdcf4a,A-22d9d2,2024-11-08,,Enterprise,16,3184,38208,f,f,f,annual,f,no_change
S-c8fedf,A-fd9422,2024-11-01,,Enterprise,58,11542,138504,f,f,f,monthly,t,no_change
S-fa8c75,A-43a9e3,2024-07-08,,Pro,18,882,10584,f,f,f,monthly,t,no_change
S-3abf3f,A-6a7c9d,2024-12-09,,Basic,27,513,6156,f,f,f,annual,t,no_change
S-58c146,A-e3bd71,2024-06-21,,Basic,41,779,9348,f,f,f,annual,f,no_change
S-0e594f,A-af0cd2,2024-09-21,,Basic,45,0,0,t,f,f,annual,t,no_change
S-d3ecc2,A-9123ac,2024-10-19,,Enterprise,10,1990,23880,f,f,f,monthly,t,no_change
S-7252b5,A-5247b3,2024-09-25,,Pro,16,784,9408,f,f,f,monthly,t,no_change
S-da0c62,A-d4ac0e,2024-07-02,,Enterprise,21,0,0,t,f,f,monthly,t,no_change
S-e2a10c,A-118d55,2024-12-24,,Basic,18,342,4104,f,t,t,annual,t,conflict
S-e8a2fa,A-bf7919,2024-12-26,,Basic,10,0,0,t,f,f,annual,t,no_change
S-198dbe,A-18793f,2024-12-19,,Pro,148,7252,87024,f,f,f,monthly,t,no_change
S-4a8ce0,A-5a184f,2024-01-21,,Basic,6,114,1368,f,f,f,monthly,t,no_change
S-be05fd,A-32728c,2024-03-23,,Enterprise,20,0,0,t,f,f,monthly,t,no_change
S-afed2d,A-726cfa,2024-05-30,2024-12-12,Pro,11,539,6468,f,f,f,annual,t,no_change
S-22e21a,A-ad296b,2024-09-18,,Enterprise,38,7562,90744,f,f,f,annual,t,no_change
S-a2da20,A-ac9111,2024-11-13,,Enterprise,32,6368,76416,f,f,f,monthly,t,no_change
S-342037,A-bb3bd4,2024-04-05,,Enterprise,23,4577,54924,f,t,f,annual,t,upgrade
S-e7c172,A-6a4e2d,2024-03-12,,Basic,22,418,5016,f,f,f,monthly,t,no_change
S-b37b2a,A-78f02b,2024-12-08,,Pro,11,539,6468,f,t,f,annual,t,upgrade
S-3c87b4,A-2ebb4b,2024-12-10,,Pro,41,2009,24108,f,f,f,monthly,t,no_change
S-4522a0,A-0aaf6e,2024-07-16,,Basic,18,0,0,t,f,f,annual,f,no_change
S-628884,A-f3ff05,2024-08-03,,Basic,19,361,4332,f,f,f,annual,t,no_change
S-bf893c,A-6965e1,2024-12-07,,Enterprise,38,7562,90744,f,f,f,monthly,f,no_change
S-305a67,A-6da850,2024-04-12,,Basic,12,228,2736,f,f,f,annual,t,no_change
S-58a7c0,A-18793f,2024-12-24,,Enterprise,148,0,0,t,f,f,monthly,t,no_change
S-4d8612,A-f97b9a,2023-09-10,,Enterprise,16,0,0,t,f,f,monthly,f,no_change
S-eadebb,A-87aa7b,2024-08-23,,Pro,24,1176,14112,f,f,f,annual,t,no_change
S-f61f42,A-72799b,2024-05-17,,Enterprise,20,3980,47760,f,f,f,monthly,t,no_change
S-d3f138,A-560d27,2024-10-21,2024-11-18,Enterprise,23,4577,54924,f,f,f,monthly,f,no_change
S-0f3df6,A-68f37c,2023-07-24,,Enterprise,121,24079,288948,f,f,f,annual,t,no_change
S-7791c3,A-856b1e,2024-01-13,,Pro,19,931,11172,f,f,f,monthly,t,no_change
S-1bbdb1,A-0651a4,2024-12-13,,Basic,54,0,0,t,f,f,annual,f,no_change
S-cc4bf0,A-a1bbb6,2023-05-10,,Enterprise,28,5572,66864,f,f,f,annual,f,no_change
S-46b63b,A-d5a319,2024-09-29,,Enterprise,31,6169,74028,f,f,t,monthly,t,downgrade
S-f020d4,A-50f3f7,2024-12-17,,Enterprise,31,6169,74028,f,f,f,annual,t,no_change
S-63671f,A-df1e44,2024-06-12,,Pro,12,588,7056,f,f,f,annual,t,no_change
S-6c9763,A-f9cc74,2024-11-29,,Basic,30,570,6840,f,f,f,annual,t,no_change
S-e78857,A-432483,2023-09-09,2024-12-30,Enterprise,10,1990,23880,f,t,f,monthly,t,upgrade
S-5bb58e,A-5a215a,2024-01-31,,Basic,87,1653,19836,f,f,f,annual,f,no_change
S-cd13b5,A-6e7827,2024-04-30,,Pro,35,1715,20580,f,f,f,monthly,t,no_change
S-7554c2,A-d40bf7,2024-12-13,,Pro,59,0,0,t,f,f,annual,t,no_change
S-06c096,A-eb2fdc,2024-11-02,,Pro,31,1519,18228,f,f,f,annual,t,no_change
S-883efd,A-089363,2024-06-09,,Pro,2,0,0,t,f,f,monthly,t,no_change
S-a9762e,A-902ef7,2024-12-05,,Pro,83,4067,48804,f,f,f,annual,t,no_change
S-85c06f,A-bb2f49,2023-12-13,,Enterprise,8,1592,19104,f,t,f,annual,t,upgrade
S-cccce3,A-3b5cd1,2023-11-18,,Pro,13,637,7644,f,t,f,monthly,t,upgrade
S-d69e2c,A-39ddf4,2024-12-27,,Pro,40,1960,23520,f,f,f,annual,f,no_change
S-16fb78,A-6843f2,2024-12-15,,Enterprise,21,4179,50148,f,f,f,monthly,t,no_change
S-b01b1c,A-76fa4d,2024-12-24,,Pro,69,3381,40572,f,f,f,monthly,t,no_change
S-574b52,A-039727,2024-11-15,,Enterprise,25,4975,59700,f,f,f,monthly,t,no_change
S-de705a,A-f44180,2024-12-10,,Basic,17,0,0,t,f,f,annual,f,no_change
S-0ae114,A-309e54,2024-12-27,,Basic,71,1349,16188,f,f,f,monthly,t,no_change
S-8e701b,A-4437e4,2024-04-21,,Enterprise,3,597,7164,f,f,f,monthly,f,no_change
S-374be8,A-b7ef83,2024-06-12,,Basic,23,437,5244,f,f,f,annual,f,no_change
S-737994,A-712533,2024-11-27,,Basic,24,456,5472,f,f,f,monthly,t,no_change
S-41acf0,A-378b99,2024-11-05,,Enterprise,16,3184,38208,f,f,f,annual,t,no_change
S-faf395,A-a6d261,2024-07-08,,Basic,9,171,2052,f,f,f,annual,t,no_change
S-ab7022,A-7df7a7,2023-03-03,,Basic,85,0,0,t,f,f,monthly,t,no_change
S-76cdf1,A-aa9511,2024-06-16,,Pro,23,1127,13524,f,f,f,monthly,t,no_change
S-cb5020,A-2ebb4b,2024-06-02,,Enterprise,41,8159,97908,f,f,f,monthly,t,no_change
S-b7cbc2,A-940b8b,2024-11-11,,Enterprise,7,0,0,t,f,f,annual,t,no_change
S-6b97b7,A-50f3f7,2024-11-09,,Enterprise,31,6169,74028,f,f,f,annual,t,no_change
S-3c853b,A-22d9d2,2024-03-27,,Basic,8,152,1824,f,f,f,monthly,t,no_change
S-21bd25,A-7f8241,2023-07-16,,Pro,34,1666,19992,f,f,f,monthly,t,no_change
S-a175c2,A-d40bf7,2024-12-15,,Enterprise,59,0,0,t,t,f,annual,t,upgrade
S-2f2ba3,A-50f3f7,2024-12-11,,Enterprise,31,6169,74028,f,f,f,monthly,t,no_change
S-f29e7f,A-bbe56f,2024-10-15,,Basic,22,418,5016,f,f,f,annual,t,no_change
S-783131,A-51ec1b,2024-10-03,2024-11-27,Enterprise,7,1393,16716,f,f,f,annual,t,no_change
S-c87441,A-b07b56,2024-11-16,,Basic,25,475,5700,f,f,f,annual,t,no_change
S-39a28e,A-08e34e,2024-12-26,,Enterprise,14,0,0,t,f,f,monthly,t,no_change
S-775719,A-34d880,2024-04-21,,Pro,4,196,2352,f,f,f,annual,f,no_change
S-8e3b74,A-08e34e,2024-11-06,,Enterprise,29,5771,69252,f,f,f,monthly,f,no_change
S-7553fb,A-54d94a,2023-11-29,2024-01-28,Enterprise,52,0,0,t,f,f,monthly,f,no_change
S-8e5ceb,A-7f4db3,2024-11-07,2024-11-18,Enterprise,9,0,0,t,f,f,monthly,t,no_change
S-9c8d9e,A-5f2961,2024-12-20,,Pro,24,1176,14112,f,f,f,monthly,t,no_change
S-c2c321,A-684255,2024-06-18,2024-08-09,Enterprise,14,0,0,t,t,f,monthly,t,upgrade
S-43af5a,A-f3ff05,2024-11-26,,Pro,4,196,2352,f,f,f,monthly,t,no_change
S-39539d,A-2bc93d,2023-07-19,,Enterprise,14,2786,33432,f,f,f,annual,t,no_change
S-aa0c6b,A-702032,2024-07-07,2024-10-23,Basic,28,0,0,t,f,f,monthly,f,no_change
S-a01486,A-52dd88,2023-12-25,,Basic,23,437,5244,f,f,f,annual,f,no_change
S-951053,A-4814a3,2024-11-24,,Pro,87,4263,51156,f,t,f,monthly,f,upgrade
S-b5e9e7,A-e7a1e2,2024-10-26,,Enterprise,12,2388,28656,f,f,f,annual,t,no_change
S-246942,A-0b0d6d,2024-12-31,,Enterprise,45,8955,107460,f,f,f,monthly,t,no_change
S-1d7003,A-a33200,2024-09-27,,Enterprise,29,5771,69252,f,f,f,monthly,t,no_change
S-3e24ed,A-e2cd1b,2024-02-22,,Basic,44,836,10032,f,f,f,monthly,t,no_change
S-4bfab2,A-544d0a,2024-12-07,,Basic,2,38,456,f,f,f,monthly,t,no_change
S-003fc0,A-65c341,2024-10-03,,Basic,11,0,0,t,f,f,annual,t,no_change
S-b7f657,A-019782,2023-08-28,,Enterprise,13,2587,31044,f,f,f,annual,t,no_change
S-3d6100,A-854864,2024-12-24,,Pro,20,980,11760,f,f,f,annual,t,no_change
S-5818be,A-692f18,2024-06-19,,Pro,5,245,2940,f,f,f,annual,t,no_change
S-125201,A-7f8241,2023-11-29,,Enterprise,34,0,0,t,t,f,annual,t,upgrade
S-987539,A-9c18c4,2023-12-20,,Enterprise,19,3781,45372,f,f,f,monthly,t,no_change
S-127844,A-f446b6,2024-02-11,,Enterprise,7,1393,16716,f,f,f,monthly,t,no_change
S-bc5755,A-ffdfd5,2024-10-20,,Enterprise,7,1393,16716,f,f,f,monthly,t,no_change
S-882f1d,A-249769,2024-11-21,,Basic,7,133,1596,f,f,f,annual,t,no_change
S-0ec442,A-d4e0d4,2024-12-12,,Pro,117,5733,68796,f,f,f,monthly,t,no_change
S-62c824,A-0e966d,2024-11-26,2024-11-30,Basic,11,209,2508,f,f,f,annual,t,no_change
S-11dba6,A-9badbd,2024-11-02,,Basic,41,779,9348,f,f,f,annual,f,no_change
S-8fd62c,A-8145a0,2024-03-27,,Enterprise,2,398,4776,f,f,f,monthly,t,no_change
S-05ad41,A-139c3b,2024-12-12,,Pro,41,2009,24108,f,f,f,monthly,f,no_change
S-77ca30,A-82d8a6,2024-12-12,,Pro,37,1813,21756,f,t,f,monthly,t,upgrade
S-6450ac,A-b2225d,2024-09-17,,Basic,47,0,0,t,f,f,annual,t,no_change
S-d2863b,A-ac9111,2023-10-04,2024-01-01,Basic,21,399,4788,f,f,f,annual,t,no_change
S-fade3d,A-2edab2,2024-07-24,,Basic,17,323,3876,f,t,f,annual,t,upgrade
S-2223bf,A-5a215a,2024-10-23,2024-11-26,Pro,87,4263,51156,f,f,f,monthly,t,no_change
S-6bbf29,A-a09355,2024-08-22,,Basic,14,266,3192,f,f,f,annual,t,no_change
S-d76f8b,A-e1b9cd,2024-03-30,,Basic,40,760,9120,f,f,f,annual,t,no_change
S-b7d290,A-7920cc,2024-12-06,,Enterprise,69,13731,164772,f,f,f,annual,t,no_change
S-b36569,A-ff3c73,2024-09-23,,Basic,21,399,4788,f,t,f,annual,t,upgrade
S-79d1e0,A-ce550d,2024-12-31,2024-12-31,Enterprise,109,21691,260292,f,f,f,monthly,t,no_change
S-089fa7,A-9174e0,2024-12-16,,Enterprise,37,7363,88356,f,f,f,annual,t,no_change
S-de059a,A-35083d,2024-05-11,,Enterprise,19,3781,45372,f,f,f,monthly,t,no_change
S-eccbe0,A-e3bd71,2024-12-07,,Pro,31,1519,18228,f,f,f,annual,f,no_change
S-9a4589,A-3a7284,2024-12-15,,Pro,31,1519,18228,f,f,f,annual,t,no_change
S-e83351,A-bd4708,2024-10-02,,Pro,69,3381,40572,f,t,f,annual,t,upgrade
S-6e8126,A-560d27,2024-11-04,,Basic,23,437,5244,f,f,f,annual,f,no_change
S-134439,A-cbd1a3,2024-11-30,,Pro,6,294,3528,f,f,f,annual,f,no_change
S-8bab7f,A-72799b,2024-04-21,2024-09-30,Basic,20,380,4560,f,f,t,monthly,t,downgrade
S-dd3b36,A-1b7577,2024-11-26,2024-12-06,Basic,4,76,912,f,f,f,monthly,t,no_change
S-085f96,A-2bc93d,2023-12-31,,Enterprise,40,7960,95520,f,t,f,annual,t,upgrade
S-6895d0,A-5a92e7,2024-06-13,,Pro,29,1421,17052,f,f,f,monthly,f,no_change
S-670476,A-8b0451,2024-11-18,2024-12-31,Enterprise,41,8159,97908,f,f,f,monthly,t,no_change
S-2d807a,A-34d880,2024-04-18,,Enterprise,53,10547,126564,f,f,f,monthly,t,no_change
S-2245c0,A-6f50ae,2024-11-19,,Enterprise,19,3781,45372,f,f,f,monthly,t,no_change
S-0a5cd7,A-ffdfd5,2024-11-16,,Enterprise,30,5970,71640,f,f,f,annual,t,no_change
S-f93185,A-7df7a7,2024-12-05,,Enterprise,10,1990,23880,f,f,f,monthly,f,no_change
S-3c072b,A-ced9aa,2024-12-01,,Basic,3,57,684,f,f,f,monthly,t,no_change
S-7c81dd,A-104f1a,2024-09-05,,Pro,40,1960,23520,f,f,f,monthly,t,no_change
S-a7a9c3,A-fd9422,2024-10-01,,Basic,58,1102,13224,f,f,f,annual,t,no_change
S-8856af,A-c70870,2024-12-09,,Basic,31,0,0,t,f,f,annual,t,no_change
S-0a8acf,A-55f257,2024-02-16,,Pro,13,637,7644,f,t,f,monthly,t,upgrade
S-dbad62,A-58b9ff,2024-10-16,,Basic,12,228,2736,f,f,f,annual,f,no_change
S-7134c2,A-544d0a,2024-09-02,,Pro,29,1421,17052,f,f,f,annual,f,no_change
S-18f80d,A-484819,2023-02-23,,Enterprise,18,3582,42984,f,f,f,annual,t,no_change
S-92d873,A-e83938,2024-04-25,,Enterprise,13,0,0,t,f,f,monthly,t,no_change
S-37bdb4,A-6dee43,2024-04-05,,Enterprise,80,15920,191040,f,t,f,annual,f,upgrade
S-c226ae,A-b20d99,2024-03-27,,Basic,34,646,7752,f,f,f,annual,f,no_change
S-16b6dc,A-794a0b,2024-04-02,,Pro,23,1127,13524,f,f,f,monthly,t,no_change
S-3b98b1,A-0a282f,2024-10-10,,Enterprise,29,5771,69252,f,f,f,monthly,t,no_change
S-234115,A-bd4513,2024-11-28,,Basic,50,950,11400,f,f,f,monthly,f,no_change
S-862572,A-6e08f3,2024-07-14,,Basic,8,152,1824,f,f,f,monthly,t,no_change
S-aad754,A-902ef7,2024-11-07,,Basic,83,1577,18924,f,f,f,annual,t,no_change
S-59fe1d,A-9badbd,2024-10-21,,Basic,21,0,0,t,f,f,monthly,t,no_change
S-3a3d0f,A-751c58,2024-09-20,,Basic,18,342,4104,f,f,f,annual,t,no_change
S-575bef,A-68f37c,2024-08-01,,Pro,15,735,8820,f,f,f,annual,t,no_change
S-74761f,A-9123ac,2023-12-23,,Enterprise,42,8358,100296,f,f,f,annual,t,no_change
S-79123c,A-4c38bc,2024-10-19,,Enterprise,36,7164,85968,f,f,f,annual,t,no_change
S-600ea7,A-726cfa,2023-11-21,,Pro,11,539,6468,f,f,f,annual,t,no_change
S-fc7e8e,A-0a282f,2024-10-11,,Enterprise,2,398,4776,f,f,f,monthly,t,no_change
S-b2f038,A-1b707d,2024-01-24,,Pro,13,637,7644,f,f,f,monthly,t,no_change
S-1170cb,A-84ebe4,2024-04-19,,Pro,18,882,10584,f,f,f,annual,t,no_change
S-ba69a4,A-0158bb,2024-05-30,,Basic,25,0,0,t,f,f,monthly,t,no_change
S-56122a,A-ac85cd,2024-11-30,,Enterprise,61,12139,145668,f,f,f,annual,t,no_change
S-29a901,A-378b99,2024-10-24,,Pro,8,392,4704,f,f,f,annual,t,no_change
S-c6c2f6,A-4e0e85,2024-08-22,,Enterprise,104,0,0,t,f,f,monthly,t,no_change
S-13b606,A-5b1bcd,2024-10-04,,Pro,73,3577,42924,f,t,f,annual,t,upgrade
S-1dceca,A-f92792,2024-08-01,,Basic,15,285,3420,f,f,f,monthly,f,no_change
S-c14f97,A-7e0a10,2024-02-05,,Pro,46,2254,27048,f,t,f,monthly,t,upgrade
S-8a7e47,A-c7ffc2,2024-12-27,,Basic,49,931,11172,f,f,f,monthly,f,no_change
S-feba2a,A-e3bd71,2024-03-09,,Pro,69,0,0,t,f,f,monthly,t,no_change
S-02d46a,A-8ed5dd,2024-11-01,,Pro,5,245,2940,f,f,f,annual,t,no_change
S-b5165e,A-bcf664,2023-08-11,,Pro,32,1568,18816,f,f,f,monthly,t,no_change
S-bb47b9,A-e4144b,2024-11-10,,Enterprise,41,8159,97908,f,f,f,monthly,t,no_change
S-4920e0,A-52dd88,2023-12-05,,Basic,23,437,5244,f,f,f,annual,t,no_change
S-3781d0,A-5a215a,2024-05-10,2024-12-06,Enterprise,87,17313,207756,f,f,f,annual,t,no_change
S-fec1cd,A-186a44,2024-12-04,,Enterprise,20,3980,47760,f,t,f,monthly,f,upgrade
S-75cba6,A-5a215a,2024-09-18,,Enterprise,87,17313,207756,f,f,f,monthly,t,no_change
S-f5ce8e,A-8b25f2,2024-12-15,,Enterprise,13,2587,31044,f,f,f,monthly,t,no_change
S-444c6a,A-95b24a,2023-10-07,,Basic,38,722,8664,f,f,f,annual,f,no_change
S-1a2f35,A-832ec2,2024-04-07,,Basic,12,228,2736,f,f,f,monthly,f,no_change
S-9d8525,A-cab532,2023-04-21,,Enterprise,11,2189,26268,f,f,f,monthly,f,no_change
S-9b8421,A-6a4e2d,2023-05-29,2024-07-19,Pro,56,0,0,t,f,f,annual,f,no_change
S-704cf3,A-5a215a,2024-11-24,,Basic,87,1653,19836,f,f,f,monthly,t,no_change
S-d31de5,A-f45426,2024-11-22,,Pro,17,833,9996,f,f,t,monthly,t,downgrade
S-383fc5,A-474ad4,2024-07-03,,Enterprise,8,0,0,t,f,f,monthly,t,no_change
S-ce0d60,A-712426,2024-11-17,,Pro,14,686,8232,f,f,f,annual,t,no_change
S-5e8d9f,A-df10db,2024-05-30,,Enterprise,33,6567,78804,f,f,f,annual,t,no_change
S-5bbfe3,A-1ac5e0,2024-11-29,,Basic,33,627,7524,f,f,f,monthly,t,no_change
S-c935b8,A-684255,2024-04-14,,Basic,32,608,7296,f,f,f,annual,t,no_change
S-e4b79e,A-2e3bad,2024-01-06,,Pro,61,2989,35868,f,f,f,annual,f,no_change
S-76767f,A-068fc6,2023-10-28,,Pro,35,1715,20580,f,f,f,monthly,t,no_change
S-e07b30,A-029f69,2024-11-13,,Pro,3,147,1764,f,t,f,annual,t,upgrade
S-da78bb,A-712426,2024-11-17,,Basic,9,171,2052,f,f,f,monthly,t,no_change
S-1862f2,A-098560,2024-07-29,2024-10-21,Basic,29,551,6612,f,f,f,annual,t,no_change
S-f9cb2b,A-6965e1,2024-12-18,,Enterprise,34,6766,81192,f,f,f,annual,f,no_change
S-02a3aa,A-e2cd1b,2024-06-24,,Basic,15,0,0,t,f,f,annual,t,no_change
S-ce61e0,A-f3ff05,2024-08-02,2024-09-01,Basic,2,38,456,f,t,f,monthly,t,upgrade
S-e98bfd,A-8adedc,2024-05-18,,Basic,4,76,912,f,f,f,annual,t,no_change
S-1b524a,A-4a4c2d,2023-08-11,,Basic,54,1026,12312,f,f,t,annual,t,downgrade
S-bc2633,A-ba6516,2024-11-03,,Pro,27,1323,15876,f,f,f,monthly,t,no_change
S-1d69ca,A-cea1f0,2024-06-24,,Basic,30,570,6840,f,f,f,monthly,f,no_change
S-dcf449,A-adc1f3,2024-11-20,,Enterprise,50,9950,119400,f,f,f,annual,t,no_change
S-67965d,A-bc87bc,2024-12-07,,Pro,3,147,1764,f,f,f,annual,t,no_change
S-c86cb0,A-4ae22a,2024-10-17,,Enterprise,6,1194,14328,f,f,f,monthly,t,no_change
S-9c4090,A-6f50ae,2024-05-01,,Basic,19,361,4332,f,f,f,annual,f,no_change
S-162441,A-249769,2024-09-06,,Enterprise,4,796,9552,f,f,f,monthly,t,no_change
S-a63da6,A-157070,2024-09-10,,Pro,30,1470,17640,f,f,f,monthly,f,no_change
S-4b5470,A-b78bf8,2024-11-17,,Enterprise,33,6567,78804,f,f,f,monthly,t,no_change
S-fd2307,A-bbe56f,2023-08-29,,Enterprise,21,4179,50148,f,f,f,annual,t,no_change
S-78f738,A-c70870,2024-12-29,,Enterprise,170,33830,405960,f,f,t,monthly,t,downgrade
S-81d174,A-271f46,2024-05-02,,Enterprise,38,7562,90744,f,f,f,annual,t,no_change
S-cfd4a3,A-8bde0c,2024-12-23,,Pro,93,4557,54684,f,f,f,annual,t,no_change
S-86673a,A-ced9aa,2024-11-08,,Basic,22,418,5016,f,f,f,monthly,t,no_change
S-df262a,A-43a9e3,2023-11-06,,Enterprise,28,5572,66864,f,t,f,monthly,t,upgrade
S-58d2c8,A-a6d261,2024-11-19,,Basic,13,247,2964,f,t,f,annual,t,upgrade
S-02949d,A-bd4708,2024-12-02,,Pro,37,1813,21756,f,f,f,annual,t,no_change
S-d5c6cc,A-34ea2f,2024-10-10,,Pro,83,4067,48804,f,f,f,annual,t,no_change
S-35c7c8,A-f51f16,2024-02-23,,Basic,4,76,912,f,f,f,monthly,t,no_change
S-f9ec8f,A-30b4ca,2024-10-03,,Basic,86,1634,19608,f,f,f,annual,t,no_change
S-5da1b8,A-684255,2024-06-28,2024-08-01,Pro,20,980,11760,f,f,f,annual,f,no_change
S-0e9f1e,A-7c83a1,2024-11-24,,Basic,12,228,2736,f,f,f,monthly,t,no_change
S-8d516f,A-d535f6,2024-09-29,,Enterprise,12,2388,28656,f,f,f,monthly,t,no_change
S-34a131,A-2e4581,2024-11-29,,Enterprise,9,1791,21492,f,f,f,annual,f,no_change
S-ee4c5c,A-5b1bcd,2023-10-28,,Enterprise,73,14527,174324,f,f,f,annual,t,no_change
S-9781fe,A-40de06,2023-09-21,2024-12-23,Pro,28,1372,16464,f,f,f,annual,t,no_change
S-527d18,A-5b1bcd,2023-10-15,,Enterprise,73,14527,174324,f,f,f,monthly,t,no_change
S-060019,A-d535f6,2024-10-18,,Basic,19,0,0,t,f,t,annual,t,downgrade
S-bc2ca5,A-7988d1,2024-04-29,,Basic,33,627,7524,f,f,f,monthly,t,no_change
S-abdeb7,A-40de06,2024-06-02,,Enterprise,28,0,0,t,f,f,annual,t,no_change
S-d55d8a,A-dec005,2024-08-28,,Enterprise,21,4179,50148,f,f,f,monthly,t,no_change
S-99aaa4,A-f6b2fb,2024-08-14,,Basic,23,437,5244,f,t,f,annual,t,upgrade
S-cb117a,A-671f31,2024-12-07,,Enterprise,59,11741,140892,f,f,f,annual,t,no_change
S-e5fdf9,A-9208f0,2024-08-09,,Basic,17,0,0,t,f,f,annual,t,no_change
S-455183,A-22d9d2,2024-06-05,,Pro,8,392,4704,f,f,f,monthly,t,no_change
S-57bdc2,A-c70870,2024-11-14,,Pro,31,0,0,t,f,f,monthly,t,no_change
S-96b8d5,A-659280,2024-02-15,,Basic,20,380,4560,f,f,f,annual,f,no_change
S-bc7cab,A-cc8c8f,2024-12-19,,Basic,48,0,0,t,f,t,annual,t,downgrade
S-751802,A-592832,2024-11-03,,Basic,18,342,4104,f,f,f,monthly,t,no_change
S-2e2d6c,A-f6b2fb,2024-08-01,,Enterprise,24,4776,57312,f,f,f,monthly,t,no_change
S-90a2c8,A-44dc83,2024-06-17,,Basic,24,456,5472,f,f,f,annual,t,no_change
S-08fc73,A-7df7a7,2024-05-07,,Enterprise,7,1393,16716,f,f,f,annual,t,no_change
S-89e27e,A-94f8c9,2024-12-23,,Basic,13,247,2964,f,f,t,monthly,t,downgrade
S-e4df5d,A-65c341,2024-02-15,,Pro,17,833,9996,f,f,f,annual,t,no_change
S-73d0eb,A-592832,2024-10-09,,Basic,60,1140,13680,f,f,f,monthly,t,no_change
S-cb38be,A-f92792,2024-09-05,,Basic,2,38,456,f,f,t,annual,t,downgrade
S-415065,A-9174e0,2024-12-24,,Enterprise,37,7363,88356,f,f,f,monthly,t,no_change
S-0e1d53,A-016043,2024-08-02,,Basic,6,114,1368,f,f,f,annual,f,no_change
S-20a297,A-34ea2f,2024-09-05,,Basic,8,152,1824,f,f,f,monthly,t,no_change
S-bf424e,A-8b0451,2024-12-22,,Enterprise,41,8159,97908,f,f,f,annual,t,no_change
S-0b80b4,A-659280,2024-02-08,,Pro,47,2303,27636,f,t,f,annual,t,upgrade
S-c5cfb0,A-8b0451,2024-10-05,,Basic,41,0,0,t,f,f,monthly,f,no_change
S-f4a4c8,A-c37cab,2024-10-05,2024-12-13,Enterprise,98,19502,234024,f,t,f,monthly,t,upgrade
S-16a545,A-592832,2024-09-30,,Basic,35,665,7980,f,f,f,annual,t,no_change
S-f95951,A-02fac6,2024-09-10,,Pro,22,1078,12936,f,f,f,monthly,t,no_change
S-1e349b,A-2e4581,2024-11-13,,Basic,102,1938,23256,f,f,f,monthly,t,no_change
S-d660d6,A-cab532,2024-05-01,,Basic,33,627,7524,f,f,t,annual,t,downgrade
S-1bb4f4,A-6843f2,2024-12-19,,Basic,21,399,4788,f,f,f,annual,t,no_change
S-c43200,A-94c3cd,2024-12-15,,Enterprise,32,6368,76416,f,f,f,monthly,t,no_change
S-1da72c,A-4bfa33,2024-12-12,,Basic,20,380,4560,f,f,f,monthly,t,no_change
S-9e15d0,A-02fac6,2024-01-19,,Pro,22,1078,12936,f,f,f,monthly,t,no_change
S-9e7060,A-c62e55,2024-01-15,,Basic,10,190,2280,f,f,f,annual,f,no_change
S-15a8c0,A-700ade,2024-12-29,,Basic,50,950,11400,f,f,f,monthly,f,no_change
S-27ab7f,A-dcc2f0,2023-12-23,,Basic,25,475,5700,f,f,f,annual,t,no_change
S-bedd26,A-20736a,2024-09-03,,Enterprise,50,9950,119400,f,f,f,monthly,t,no_change
S-1319ac,A-e3bd71,2024-06-02,,Basic,91,1729,20748,f,f,f,annual,t,no_change
S-abd9be,A-2b9d3e,2024-03-23,,Pro,18,882,10584,f,t,f,monthly,t,upgrade
S-56ed05,A-bbc346,2024-12-24,,Pro,19,0,0,t,f,t,annual,t,downgrade
S-d20d7c,A-970c97,2024-07-14,,Enterprise,28,5572,66864,f,f,f,monthly,f,no_change
S-da4a98,A-d4e0d4,2024-10-18,,Basic,117,2223,26676,f,f,f,monthly,t,no_change
S-4a90fd,A-d27f50,2024-08-26,,Pro,44,2156,25872,f,f,f,annual,f,no_change
S-cd4d67,A-40de06,2024-09-08,,Basic,28,532,6384,f,t,f,monthly,t,upgrade
S-d6cffe,A-e7a1e2,2024-10-10,,Enterprise,6,0,0,t,f,f,annual,t,no_change
S-53bced,A-a1bbb6,2023-07-06,2023-11-13,Pro,5,245,2940,f,f,f,monthly,f,no_change
S-772ef0,A-c7ffc2,2024-02-25,,Pro,30,1470,17640,f,f,f,annual,t,no_change
S-f4059b,A-c70870,2024-12-15,,Pro,43,0,0,t,t,f,annual,t,upgrade
S-71827b,A-65c341,2024-11-15,2024-11-23,Pro,39,1911,22932,f,f,f,monthly,t,no_change
S-063586,A-13466a,2024-05-23,2024-09-27,Enterprise,22,4378,52536,f,f,f,annual,t,no_change
S-478ae9,A-e4bf56,2024-11-26,,Pro,35,1715,20580,f,f,t,monthly,f,downgrade
S-018501,A-a865bd,2024-09-19,,Pro,56,2744,32928,f,f,f,monthly,f,no_change
S-7536e5,A-3f9cc0,2024-06-25,,Basic,22,418,5016,f,f,f,annual,t,no_change
S-c80ac4,A-43a9e3,2023-11-29,,Basic,18,342,4104,f,f,f,annual,t,no_change
S-9f4914,A-417d2f,2024-10-31,,Basic,37,703,8436,f,f,f,monthly,t,no_change
S-67c2c9,A-396e5f,2024-11-15,,Pro,7,343,4116,f,f,f,monthly,t,no_change
S-5eeb46,A-37f969,2024-06-05,,Basic,30,570,6840,f,f,f,annual,t,no_change
S-e71f4a,A-5a184f,2024-01-20,,Basic,7,133,1596,f,f,f,monthly,t,no_change
S-812c7c,A-f5641b,2024-06-08,,Basic,31,0,0,t,f,f,monthly,f,no_change
S-18356d,A-779e4e,2023-01-28,,Enterprise,18,3582,42984,f,t,f,annual,t,upgrade
S-23a6c5,A-dfbd31,2023-12-31,,Enterprise,24,0,0,t,f,f,monthly,t,no_change
S-934bd4,A-ccc747,2024-11-04,,Basic,16,304,3648,f,f,f,annual,t,no_change
S-695606,A-0f3e88,2023-12-31,,Basic,16,304,3648,f,f,f,monthly,t,no_change
S-c59d50,A-7a0d69,2024-07-21,,Basic,40,0,0,t,f,f,monthly,f,no_change
S-009027,A-1b7577,2024-10-28,,Enterprise,9,1791,21492,f,f,f,annual,t,no_change
S-f6f97e,A-02cd81,2024-06-29,2024-08-03,Pro,44,2156,25872,f,f,f,annual,t,no_change
S-8b3e35,A-e693b6,2024-07-19,,Enterprise,55,0,0,t,f,f,annual,t,no_change
S-d1201a,A-b2af2e,2024-08-27,,Pro,18,882,10584,f,f,f,monthly,f,no_change
S-c7c366,A-9208f0,2023-07-11,,Enterprise,38,0,0,t,f,f,monthly,t,no_change
S-c1d6cf,A-dcc2f0,2024-01-15,,Enterprise,16,3184,38208,f,f,f,monthly,t,no_change
S-ba672b,A-1b9609,2024-05-01,,Pro,4,196,2352,f,f,f,annual,f,no_change
S-1f149a,A-5a3eb9,2024-08-18,,Pro,21,1029,12348,f,f,f,annual,t,no_change
S-e14e00,A-a7bd4b,2023-10-05,,Pro,6,294,3528,f,f,f,monthly,t,no_change
S-7b3464,A-c16101,2024-09-17,,Enterprise,7,1393,16716,f,f,t,annual,f,downgrade
S-ea3c2c,A-d792a6,2023-05-31,,Enterprise,9,1791,21492,f,f,f,monthly,t,no_change
S-d90f5e,A-bd4513,2024-12-15,2024-12-22,Basic,50,950,11400,f,f,f,annual,t,no_change
S-9cca23,A-3a5ad8,2024-12-20,,Enterprise,9,1791,21492,f,f,f,monthly,t,no_change
S-b7d291,A-f6b2fb,2024-10-17,2024-12-17,Pro,23,1127,13524,f,f,f,annual,t,no_change
S-ae1278,A-2ebb4b,2024-07-02,2024-08-13,Pro,41,2009,24108,f,f,f,monthly,t,no_change
S-a5d949,A-e19ff6,2024-08-11,,Enterprise,2,0,0,t,f,f,annual,f,no_change
S-cfa635,A-503d5a,2024-03-07,,Basic,50,950,11400,f,f,f,monthly,t,no_change
S-001561,A-1b7577,2024-12-12,,Enterprise,6,1194,14328,f,f,f,annual,t,no_change
S-c5e371,A-956988,2024-12-15,,Pro,41,2009,24108,f,f,f,monthly,t,no_change
S-539566,A-4e960a,2024-03-11,,Basic,12,228,2736,f,f,f,monthly,t,no_change
S-36b46e,A-202b67,2024-03-27,,Pro,11,539,6468,f,f,f,monthly,t,no_change
S-b94bce,A-f51f16,2024-04-06,,Enterprise,2,0,0,t,f,f,monthly,t,no_change
S-f8357e,A-f17767,2023-11-01,,Basic,2,38,456,f,f,f,monthly,t,no_change
S-1bdc35,A-bcf87c,2024-10-28,,Basic,10,190,2280,f,f,f,monthly,t,no_change
S-56c529,A-856b1e,2023-12-17,,Pro,30,1470,17640,f,f,f,monthly,t,no_change
S-cdfe99,A-296d7c,2024-11-26,,Pro,6,294,3528,f,f,f,annual,t,no_change
S-e11518,A-3ce5b8,2023-12-15,,Pro,189,9261,111132,f,f,f,annual,t,no_change
S-82a7dd,A-309e54,2024-12-20,,Basic,15,285,3420,f,f,f,monthly,t,no_change
S-f110db,A-86902e,2024-06-22,,Enterprise,34,6766,81192,f,f,f,monthly,t,no_change
S-651c01,A-bd4708,2024-08-28,,Basic,37,0,0,t,f,f,annual,t,no_change
S-531970,A-ff3c73,2024-09-17,,Basic,45,855,10260,f,f,f,annual,f,no_change
S-93ce26,A-726cfa,2023-12-03,2024-07-27,Enterprise,11,0,0,t,f,f,monthly,t,no_change
S-b520e9,A-427b69,2024-09-15,,Enterprise,26,5174,62088,f,f,f,monthly,t,no_change
S-ade2d5,A-bcbe98,2024-09-22,,Enterprise,46,0,0,t,f,f,monthly,f,no_change
S-767957,A-751c58,2024-08-28,,Enterprise,15,0,0,t,t,f,annual,t,upgrade
S-2c80ba,A-4ae22a,2024-11-26,,Basic,6,114,1368,f,f,f,annual,t,no_change
S-cd0f21,A-b78bf8,2024-12-08,,Enterprise,49,9751,117012,f,t,t,annual,t,conflict
S-18f498,A-684255,2024-10-29,,Basic,28,532,6384,f,f,f,monthly,f,no_change
S-d61475,A-89ee83,2024-12-20,,Basic,3,57,684,f,t,f,monthly,t,upgrade
S-66ffe0,A-625d0b,2024-11-21,,Pro,38,1862,22344,f,f,f,monthly,t,no_change
S-fd790e,A-7920cc,2023-11-30,,Basic,39,0,0,t,f,f,annual,t,no_change
S-d1a6c6,A-443b7c,2024-12-26,2024-12-29,Basic,17,323,3876,f,f,f,monthly,f,no_change
S-6c1ca5,A-977ca0,2024-01-07,2024-06-06,Basic,6,114,1368,f,f,f,monthly,t,no_change
S-ea71b5,A-bad8c1,2023-12-12,,Enterprise,10,0,0,t,t,f,annual,t,upgrade
S-61c27e,A-158f4e,2023-06-02,,Basic,61,1159,13908,f,f,f,monthly,t,no_change
S-a7d34e,A-a7bd4b,2024-05-31,,Pro,51,2499,29988,f,f,f,annual,t,no_change
S-0eba5a,A-fb186e,2024-12-22,,Enterprise,29,5771,69252,f,f,f,monthly,t,no_change
S-1d661c,A-9c18c4,2023-11-30,,Enterprise,12,2388,28656,f,t,f,annual,t,upgrade
S-6a56f1,A-684255,2024-10-17,,Pro,12,588,7056,f,f,f,annual,f,no_change
S-ff4a47,A-f03140,2024-10-04,,Enterprise,27,5373,64476,f,t,f,monthly,t,upgrade
S-9e74ba,A-b48f73,2024-12-06,,Enterprise,80,0,0,t,f,f,annual,t,no_change
S-d53c0a,A-8e47ca,2024-03-28,,Enterprise,19,3781,45372,f,t,f,annual,f,upgrade
S-22cbb3,A-92a3af,2024-10-30,,Pro,77,3773,45276,f,f,t,monthly,f,downgrade
S-5313fa,A-e40f45,2024-05-17,,Enterprise,21,4179,50148,f,f,f,monthly,t,no_change
S-d8fa45,A-5a215a,2024-10-18,,Basic,87,1653,19836,f,f,f,monthly,t,no_change
S-24d19a,A-34ea2f,2024-09-10,,Pro,8,392,4704,f,f,f,annual,f,no_change
S-c87391,A-fe79a5,2024-12-08,,Pro,9,0,0,t,f,f,monthly,t,no_change
S-a9952f,A-0aaf6e,2024-08-18,,Pro,11,0,0,t,f,f,monthly,t,no_change
S-3867d6,A-e60f9d,2024-12-23,,Pro,29,0,0,t,f,f,annual,t,no_change
S-60cb51,A-4c38bc,2024-04-21,2024-10-25,Basic,36,684,8208,f,f,f,monthly,f,no_change
S-8ba974,A-cc98bc,2024-07-03,2024-08-23,Pro,32,1568,18816,f,f,f,annual,t,no_change
S-f7e37f,A-794a0b,2023-08-07,,Pro,23,0,0,t,f,f,annual,t,no_change
S-ff1b11,A-dcc2f0,2024-11-30,,Basic,32,608,7296,f,f,f,annual,f,no_change
S-f6e116,A-4d1e75,2024-10-31,,Pro,20,980,11760,f,f,t,monthly,t,downgrade
S-ed7a72,A-533452,2024-11-21,,Pro,25,1225,14700,f,f,f,monthly,t,no_change
S-27e42e,A-600734,2024-03-02,,Pro,29,1421,17052,f,f,f,monthly,t,no_change
S-bd3e24,A-ffc04f,2024-12-21,2024-12-21,Pro,13,637,7644,f,f,f,annual,t,no_change
S-9e64bd,A-c7e58b,2024-09-07,,Pro,16,0,0,t,f,f,monthly,t,no_change
S-ad5d94,A-35083d,2023-11-30,,Basic,19,0,0,t,f,f,annual,f,no_change
S-44483e,A-bbc346,2024-09-30,2024-10-22,Enterprise,19,0,0,t,f,t,monthly,t,downgrade
S-b75a31,A-a8b49c,2023-11-10,,Pro,7,343,4116,f,f,f,annual,t,no_change
S-731ee3,A-9077b0,2024-11-09,2024-12-07,Enterprise,14,2786,33432,f,f,f,annual,t,no_change
S-0c91c4,A-2789e3,2024-10-11,,Enterprise,11,2189,26268,f,f,t,annual,t,downgrade
S-148506,A-3a5ad8,2024-01-01,,Basic,9,171,2052,f,f,f,annual,t,no_change
S-23d802,A-ad64c6,2024-07-24,,Basic,54,0,0,t,f,f,monthly,t,no_change
S-3e3033,A-e60f9d,2024-12-11,,Pro,31,0,0,t,f,f,annual,t,no_change
S-d5ac8c,A-ef84cf,2024-05-22,,Enterprise,34,6766,81192,f,f,f,annual,t,no_change
S-ad31b0,A-5b051a,2024-12-29,,Pro,22,1078,12936,f,f,f,monthly,t,no_change
S-a61006,A-8bde0c,2024-12-24,,Enterprise,12,2388,28656,f,t,f,monthly,t,upgrade
S-467d4a,A-1b7577,2024-11-14,,Pro,9,441,5292,f,f,f,annual,t,no_change
S-e1dc0b,A-e5d6ab,2023-09-16,,Pro,17,0,0,t,f,f,monthly,t,no_change
S-4b7873,A-0651a4,2024-11-25,,Basic,16,304,3648,f,f,f,annual,t,no_change
S-9f57f5,A-96e141,2024-05-04,,Enterprise,14,2786,33432,f,f,f,monthly,t,no_change
S-a82473,A-fda07f,2024-09-12,,Enterprise,16,3184,38208,f,f,f,annual,t,no_change
S-15582c,A-600734,2024-09-05,,Basic,29,551,6612,f,f,f,monthly,t,no_change
S-caca4f,A-e83938,2024-12-06,,Basic,54,1026,12312,f,f,f,annual,f,no_change
S-4911f9,A-bb2f49,2024-12-07,,Basic,8,152,1824,f,f,f,annual,t,no_change
S-f7f6d7,A-425e76,2024-05-07,,Basic,14,266,3192,f,f,f,monthly,t,no_change
S-1a0f22,A-d26ab4,2024-12-20,,Enterprise,18,3582,42984,f,f,f,monthly,t,no_change
S-3037ab,A-b9eed8,2024-08-27,,Basic,17,323,3876,f,f,t,annual,t,downgrade
S-722103,A-a09355,2024-10-27,,Enterprise,14,0,0,t,f,f,monthly,t,no_change
S-ca1cb9,A-5a215a,2024-09-16,2024-11-13,Enterprise,87,17313,207756,f,f,f,annual,f,no_change
S-00f31d,A-410e86,2024-12-02,,Pro,24,1176,14112,f,f,f,annual,f,no_change
S-3236ee,A-0b0d6d,2024-12-31,,Basic,13,247,2964,f,f,f,monthly,t,no_change
S-5cb87c,A-e89151,2024-04-20,,Pro,24,1176,14112,f,f,f,monthly,t,no_change
S-3baf90,A-5a3eb9,2024-06-19,,Basic,40,760,9120,f,f,f,annual,f,no_change
S-3110d9,A-692f18,2024-08-20,,Enterprise,17,3383,40596,f,f,t,annual,f,downgrade
S-a0a5e3,A-6a7c9d,2024-11-29,,Enterprise,26,5174,62088,f,f,f,monthly,t,no_change
S-fc2bf2,A-f3ff05,2024-08-01,,Basic,28,532,6384,f,f,f,monthly,t,no_change
S-9c67ab,A-c62e55,2024-04-04,,Basic,8,152,1824,f,t,f,annual,t,upgrade
S-f22b7f,A-b44e3e,2024-12-27,2024-12-27,Enterprise,40,7960,95520,f,f,f,annual,t,no_change
S-71d31c,A-bd4708,2024-12-16,,Basic,37,0,0,t,f,f,annual,f,no_change
S-64d8c9,A-34ea2f,2024-11-30,,Basic,41,779,9348,f,t,f,monthly,t,upgrade
S-f4335b,A-075038,2024-08-19,,Enterprise,17,3383,40596,f,f,f,annual,f,no_change
S-1ad9cb,A-4d1e75,2024-10-10,,Pro,20,980,11760,f,f,f,monthly,t,no_change
S-866608,A-88c6ca,2024-12-23,,Pro,23,1127,13524,f,f,f,annual,t,no_change
S-fccc09,A-1f0ac7,2024-12-20,,Pro,24,1176,14112,f,t,f,monthly,t,upgrade
S-19858e,A-92a3af,2024-09-17,,Pro,30,1470,17640,f,f,t,annual,t,downgrade
S-db0f41,A-afa505,2024-07-26,,Enterprise,70,13930,167160,f,f,f,monthly,f,no_change
S-897d69,A-0a282f,2024-12-20,,Pro,55,2695,32340,f,f,f,monthly,t,no_change
S-b57dcd,A-e5d6ab,2023-05-11,,Basic,5,95,1140,f,f,f,annual,t,no_change
S-6d3477,A-cd458b,2024-10-25,,Enterprise,47,9353,112236,f,f,f,annual,t,no_change
S-6c3700,A-9779ad,2024-06-24,,Enterprise,40,7960,95520,f,f,f,annual,t,no_change
S-50334b,A-f17767,2024-08-21,,Pro,12,588,7056,f,f,f,monthly,t,no_change
S-9f9dfe,A-c62e55,2024-11-28,,Pro,30,1470,17640,f,f,f,monthly,t,no_change
S-fa2170,A-ad3abd,2024-10-14,,Pro,44,2156,25872,f,f,f,monthly,t,no_change
S-f50851,A-c58f49,2024-11-07,,Enterprise,70,13930,167160,f,f,f,monthly,t,no_change
S-89e98a,A-c222ab,2024-12-27,,Pro,32,1568,18816,f,f,f,monthly,t,no_change
S-51dd23,A-7c6b6b,2024-12-14,,Basic,6,114,1368,f,f,f,monthly,t,no_change
S-532e80,A-993085,2023-09-30,,Enterprise,31,6169,74028,f,f,f,annual,f,no_change
S-1682d4,A-c16b88,2024-12-26,,Enterprise,23,4577,54924,f,f,f,annual,f,no_change
S-dcbf45,A-0f3e88,2024-01-01,,Pro,22,1078,12936,f,t,f,monthly,t,upgrade
S-7151d9,A-eb7c38,2024-04-12,,Basic,102,1938,23256,f,t,f,annual,t,upgrade
S-523cce,A-1b9609,2024-08-28,,Enterprise,30,5970,71640,f,f,f,monthly,t,no_change
S-c069ab,A-956988,2024-12-05,,Enterprise,55,10945,131340,f,f,f,annual,t,no_change
S-d66d63,A-6c093d,2023-08-25,,Pro,13,637,7644,f,f,f,annual,t,no_change
S-6f75be,A-65a46c,2024-03-05,,Enterprise,78,15522,186264,f,f,f,monthly,t,no_change
S-ea3d54,A-439b2f,2024-05-30,,Enterprise,1,199,2388,f,f,f,monthly,f,no_change
S-dc6a2a,A-309e54,2024-12-21,,Pro,15,0,0,t,f,f,monthly,t,no_change
S-e21910,A-50f3f7,2024-02-02,,Basic,31,589,7068,f,f,f,monthly,t,no_change
S-6cfb27,A-a8d89d,2024-09-29,,Basic,13,247,2964,f,f,f,monthly,t,no_change
S-37a280,A-40906c,2024-05-28,,Basic,92,0,0,t,f,f,monthly,t,no_change
S-81caea,A-3932db,2024-02-15,,Basic,19,361,4332,f,t,t,monthly,t,conflict
S-af430c,A-1b7577,2024-12-29,,Pro,11,539,6468,f,f,f,monthly,t,no_change
S-e2c20a,A-3be56b,2023-12-16,,Pro,62,3038,36456,f,f,f,monthly,t,no_change
S-cbfd83,A-fa2041,2024-06-16,,Pro,52,2548,30576,f,f,f,monthly,t,no_change
S-864157,A-039727,2024-12-15,,Pro,25,1225,14700,f,f,f,annual,t,no_change
S-d9d6ac,A-054577,2024-07-17,,Enterprise,3,597,7164,f,f,t,annual,t,downgrade
S-67da25,A-5a92e7,2024-07-22,,Basic,7,133,1596,f,f,f,annual,t,no_change
S-80016a,A-1b9609,2024-01-11,,Enterprise,5,995,11940,f,f,f,monthly,t,no_change
S-817cf0,A-378b99,2024-10-14,,Pro,9,441,5292,f,f,f,annual,t,no_change
S-c9e261,A-dcc3f1,2024-10-29,,Enterprise,21,4179,50148,f,f,t,monthly,t,downgrade
S-49b0da,A-fe79a5,2024-11-14,,Enterprise,9,1791,21492,f,f,f,annual,t,no_change
S-765100,A-b7ef83,2024-06-29,,Basic,43,817,9804,f,f,f,monthly,t,no_change
S-62fb8e,A-ef84cf,2024-03-12,,Enterprise,8,0,0,t,f,f,monthly,t,no_change
S-3e0382,A-425e76,2024-05-24,,Basic,27,513,6156,f,f,f,monthly,t,no_change
S-fc4ac6,A-ac14bb,2024-02-22,2024-06-13,Basic,21,399,4788,f,f,f,monthly,t,no_change
S-798707,A-6e7827,2023-08-02,,Pro,8,392,4704,f,t,f,annual,t,upgrade
S-039a8e,A-331424,2024-02-16,2024-08-12,Basic,11,209,2508,f,f,f,annual,f,no_change
S-d9f518,A-09540c,2024-11-14,,Pro,67,3283,39396,f,f,f,annual,t,no_change
S-eb23dd,A-4ef964,2024-09-27,2024-10-29,Basic,38,722,8664,f,f,f,monthly,t,no_change
S-816354,A-186a44,2024-05-20,,Pro,20,0,0,t,f,f,monthly,t,no_change
S-4e4b10,A-4e631b,2024-08-22,,Basic,22,418,5016,f,f,f,monthly,f,no_change
S-2fd486,A-18793f,2024-12-29,,Pro,148,7252,87024,f,f,f,annual,t,no_change
S-70a8d6,A-bcbe98,2024-11-20,,Pro,46,2254,27048,f,t,f,annual,t,upgrade
S-f973d4,A-5247b3,2024-07-27,,Pro,24,1176,14112,f,t,f,monthly,t,upgrade
S-3bb8a2,A-659280,2024-04-28,,Enterprise,19,3781,45372,f,f,f,monthly,f,no_change
S-b0e621,A-ced9aa,2024-11-23,,Pro,3,147,1764,f,f,f,monthly,t,no_change
S-7018bf,A-625d0b,2024-10-17,,Pro,42,2058,24696,f,f,f,monthly,f,no_change
S-326577,A-fda07f,2024-09-22,,Basic,7,133,1596,f,f,f,annual,t,no_change
S-26deeb,A-8adedc,2024-09-07,,Pro,68,3332,39984,f,f,f,annual,t,no_change
S-59c612,A-aa9511,2023-10-25,,Basic,23,437,5244,f,f,f,monthly,t,no_change
S-d933e7,A-fdfc91,2024-03-31,,Pro,29,1421,17052,f,f,f,monthly,t,no_change
S-45ee20,A-1619f8,2024-07-21,,Basic,29,551,6612,f,f,f,monthly,t,no_change
S-8c9649,A-c9bb3e,2024-09-30,,Pro,10,490,5880,f,f,f,monthly,f,no_change
S-83b708,A-2d1036,2024-09-02,,Basic,69,1311,15732,f,f,f,monthly,t,no_change
S-f84a6f,A-d27f50,2024-07-22,2024-10-14,Enterprise,44,8756,105072,f,f,f,monthly,t,no_change
S-369495,A-b3fe05,2024-10-20,2024-11-18,Pro,8,392,4704,f,f,f,monthly,t,no_change
S-6f0aa3,A-1986ca,2023-11-16,,Enterprise,20,0,0,t,f,f,monthly,t,no_change
S-da198f,A-b07346,2024-11-06,,Basic,51,969,11628,f,f,f,annual,t,no_change
S-c0a7d8,A-0dbdc6,2024-10-26,,Enterprise,30,5970,71640,f,f,f,monthly,t,no_change
S-b6aefa,A-6da850,2024-09-01,,Pro,5,245,2940,f,f,f,annual,t,no_change
S-d19216,A-17939a,2024-12-28,2024-12-29,Basic,86,1634,19608,f,f,f,monthly,t,no_change
S-330457,A-ad3abd,2024-07-20,,Pro,44,2156,25872,f,f,f,monthly,f,no_change
S-495d33,A-50f3f7,2024-07-24,,Basic,31,589,7068,f,f,f,monthly,t,no_change
S-adf00a,A-de24d5,2024-11-15,,Enterprise,17,3383,40596,f,f,f,annual,t,no_change
S-a54381,A-149a69,2024-12-05,,Basic,34,646,7752,f,f,f,monthly,f,no_change
S-21b68e,A-4f18f0,2024-04-25,,Enterprise,25,0,0,t,f,f,monthly,t,no_change
S-4040a9,A-6f50ae,2024-05-14,,Pro,19,931,11172,f,f,f,monthly,f,no_change
S-8966c9,A-cd458b,2024-09-26,,Basic,27,513,6156,f,f,f,monthly,t,no_change
S-70275b,A-f45426,2024-08-09,,Basic,20,380,4560,f,f,t,annual,t,downgrade
S-6cff51,A-c37601,2024-12-23,,Pro,28,1372,16464,f,f,f,annual,t,no_change
S-0185ce,A-50f3f7,2024-06-01,,Pro,31,0,0,t,f,f,annual,f,no_change
S-e5bed6,A-05f0e5,2024-11-23,,Pro,58,2842,34104,f,f,f,annual,t,no_change
S-3e453b,A-883b7d,2024-04-21,,Pro,17,833,9996,f,f,f,annual,f,no_change
S-c341e1,A-bb2f49,2024-09-04,,Pro,14,686,8232,f,f,f,monthly,t,no_change
S-2bef13,A-c16b88,2024-06-10,,Enterprise,45,8955,107460,f,f,f,monthly,f,no_change
S-ccf9c8,A-956988,2024-12-14,,Basic,1,19,228,f,f,f,monthly,f,no_change
S-8eff6d,A-9b9fe9,2023-11-20,,Pro,9,441,5292,f,f,t,annual,t,downgrade
S-927235,A-e61e98,2024-01-15,,Basic,19,361,4332,f,f,f,monthly,t,no_change
S-0ff1eb,A-cb5333,2024-09-30,,Enterprise,33,6567,78804,f,f,f,monthly,t,no_change
S-c287ef,A-6dee43,2024-07-29,,Basic,23,437,5244,f,f,f,annual,f,no_change
S-8eb955,A-bcbe98,2024-08-09,,Basic,46,874,10488,f,f,f,monthly,t,no_change
S-0891f1,A-e1b9cd,2024-01-03,,Basic,40,760,9120,f,f,t,annual,f,downgrade
S-266ada,A-794a0b,2024-06-24,,Pro,23,1127,13524,f,f,f,monthly,t,no_change
S-e50f43,A-4a4c2d,2023-09-20,,Enterprise,54,10746,128952,f,f,f,annual,t,no_change
S-3647aa,A-94d3da,2023-09-09,,Pro,41,0,0,t,f,f,monthly,t,no_change
S-cfb886,A-54d94a,2024-12-19,,Pro,27,1323,15876,f,f,f,annual,t,no_change
S-15d2d2,A-96bbc6,2024-06-07,,Enterprise,39,7761,93132,f,f,f,monthly,t,no_change
S-462bd2,A-e7a1e2,2024-10-23,,Enterprise,3,0,0,t,f,f,annual,t,no_change
S-83e7bb,A-781cc0,2024-10-09,,Pro,16,0,0,t,t,f,annual,t,upgrade
S-5178de,A-e61e98,2023-12-06,,Pro,40,1960,23520,f,f,f,annual,f,no_change
S-375190,A-d4ac0e,2024-06-01,,Pro,25,1225,14700,f,f,f,monthly,t,no_change
S-2c5e1c,A-4814a3,2024-12-08,,Enterprise,87,17313,207756,f,f,t,monthly,t,downgrade
S-84e146,A-d82ef9,2024-07-21,2024-11-24,Basic,53,1007,12084,f,f,f,monthly,t,no_change
S-5fea89,A-2e3bad,2023-08-19,,Enterprise,61,12139,145668,f,f,f,monthly,t,no_change
S-a18bb2,A-09540c,2024-12-22,,Pro,67,3283,39396,f,f,f,monthly,t,no_change
S-41d4ca,A-90a8c8,2024-09-19,,Pro,21,0,0,t,t,f,monthly,t,upgrade
S-c6acda,A-1e1b80,2024-07-10,,Enterprise,50,0,0,t,f,f,annual,t,no_change
S-918151,A-855a48,2024-05-29,,Enterprise,27,5373,64476,f,f,f,annual,f,no_change
S-38a5fb,A-6843f2,2024-12-14,,Enterprise,21,4179,50148,f,f,f,monthly,t,no_change
S-dea1f5,A-bb1eaa,2024-07-14,,Basic,21,399,4788,f,f,t,annual,t,downgrade
S-fee7b2,A-1986ca,2024-05-07,,Enterprise,31,6169,74028,f,t,f,monthly,t,upgrade
S-875645,A-2d1036,2024-09-24,,Basic,69,1311,15732,f,f,f,monthly,t,no_change
S-f018e9,A-019782,2024-06-25,,Basic,14,266,3192,f,f,f,annual,t,no_change
S-8a74bb,A-ac9111,2024-10-30,,Enterprise,36,0,0,t,f,f,monthly,t,no_change
S-2aa395,A-c45b23,2024-07-31,,Basic,5,95,1140,f,f,f,monthly,f,no_change
S-7de656,A-f17767,2023-02-15,2023-08-25,Pro,14,686,8232,f,f,f,annual,t,no_change
S-f2ccdd,A-956988,2024-12-30,,Enterprise,32,6368,76416,f,f,f,annual,t,no_change
S-e2fd71,A-158f4e,2023-11-29,,Basic,61,1159,13908,f,f,f,monthly,t,no_change
S-9b493e,A-5b051a,2024-11-23,,Basic,22,418,5016,f,f,f,monthly,t,no_change
S-742e23,A-aa9511,2024-06-23,,Pro,23,1127,13524,f,f,f,annual,t,no_change
S-e7fe6f,A-35083d,2024-07-22,,Pro,42,2058,24696,f,t,f,annual,t,upgrade
S-2940a5,A-b2225d,2024-04-02,,Enterprise,47,0,0,t,f,t,annual,f,downgrade
S-0fc93f,A-5fe118,2024-12-04,,Basic,39,741,8892,f,f,f,annual,f,no_change
S-81a509,A-8b25f2,2024-09-10,,Basic,11,209,2508,f,t,f,annual,t,upgrade
S-62f5b1,A-20736a,2024-11-23,,Enterprise,50,9950,119400,f,t,f,annual,t,upgrade
S-a801d1,A-4c38bc,2024-04-03,,Enterprise,36,7164,85968,f,f,f,monthly,t,no_change
S-ad1e4a,A-d3c88e,2024-11-01,,Basic,16,0,0,t,t,f,monthly,t,upgrade
S-ad3ef7,A-35083d,2023-06-03,,Enterprise,19,0,0,t,f,f,annual,t,no_change
S-a5a40b,A-180abf,2023-09-16,2023-11-06,Enterprise,64,12736,152832,f,f,f,annual,f,no_change
S-05b245,A-e61e98,2024-09-01,,Enterprise,34,6766,81192,f,f,f,annual,t,no_change
S-3cc641,A-3be56b,2024-05-14,,Basic,7,133,1596,f,t,f,monthly,f,upgrade
S-f25e72,A-66224b,2024-11-13,,Pro,92,4508,54096,f,f,f,annual,t,no_change
S-4f81c2,A-ed510f,2024-09-18,,Pro,42,2058,24696,f,f,f,monthly,f,no_change
S-b65ff3,A-c37601,2024-11-11,,Enterprise,6,1194,14328,f,f,f,annual,t,no_change
S-5f5b36,A-d42431,2024-08-26,,Enterprise,22,4378,52536,f,f,f,monthly,t,no_change
S-e5c35c,A-66224b,2024-11-27,,Enterprise,92,18308,219696,f,f,f,monthly,t,no_change
S-bc66af,A-157070,2024-02-12,2024-10-02,Pro,18,882,10584,f,f,f,monthly,t,no_change
S-eff39c,A-118f1c,2024-10-31,,Enterprise,32,6368,76416,f,f,f,annual,t,no_change
S-3c0075,A-9123ac,2024-05-27,,Basic,11,209,2508,f,f,f,monthly,t,no_change
S-aaaa83,A-712533,2024-04-26,,Basic,45,0,0,t,f,f,monthly,t,no_change
S-a09141,A-e3bd71,2023-04-03,,Enterprise,31,6169,74028,f,f,f,annual,f,no_change
S-19edee,A-55f257,2024-08-19,,Enterprise,21,4179,50148,f,f,f,monthly,f,no_change
S-6f0169,A-86cdb4,2024-10-23,2024-11-06,Pro,3,147,1764,f,f,f,monthly,t,no_change
S-bfdb45,A-cb6cc6,2023-04-20,,Enterprise,13,0,0,t,f,f,annual,t,no_change
S-9da0f3,A-1d5444,2024-05-13,,Enterprise,41,8159,97908,f,t,f,monthly,t,upgrade
S-68adfa,A-7f29a7,2024-10-06,,Basic,41,0,0,t,f,f,monthly,t,no_change
S-fcd231,A-712426,2024-12-31,,Enterprise,63,0,0,t,f,f,annual,t,no_change
S-9a1e04,A-de24d5,2024-12-06,,Enterprise,5,995,11940,f,f,f,annual,t,no_change
S-38b3b4,A-533452,2024-11-28,,Enterprise,26,5174,62088,f,f,f,annual,t,no_change
S-b69fa2,A-029f69,2024-09-09,,Pro,27,1323,15876,f,f,f,monthly,f,no_change
S-a924c2,A-3cc791,2024-07-08,,Pro,6,294,3528,f,f,f,annual,t,no_change
S-05553e,A-bc87bc,2024-11-26,,Enterprise,31,6169,74028,f,f,f,annual,t,no_change
S-6ace80,A-6f8ad2,2024-09-16,,Enterprise,7,1393,16716,f,f,f,monthly,t,no_change
S-0b2faf,A-c45b23,2024-07-05,,Basic,15,0,0,t,f,f,monthly,t,no_change
S-c01d79,A-296d7c,2024-07-19,,Basic,24,0,0,t,f,f,monthly,t,no_change
S-df69fe,A-e7a1e2,2024-12-29,,Enterprise,44,8756,105072,f,f,f,annual,t,no_change
S-f9d635,A-a1b80b,2024-03-11,,Enterprise,52,10348,124176,f,f,f,monthly,f,no_change
S-d96652,A-503d5a,2024-05-01,,Enterprise,7,0,0,t,f,f,monthly,t,no_change
S-869bba,A-b9f5b1,2023-10-31,,Enterprise,15,0,0,t,f,f,annual,f,no_change
S-7c1eb9,A-d3c88e,2024-12-24,,Basic,21,399,4788,f,f,f,annual,f,no_change
S-3f00dc,A-6f50ae,2024-09-02,,Pro,19,931,11172,f,f,f,annual,t,no_change
S-60ea07,A-3be56b,2024-08-22,,Pro,14,686,8232,f,f,f,annual,t,no_change
S-7052a5,A-d5a319,2023-11-15,,Basic,16,304,3648,f,f,f,annual,t,no_change
S-1b713e,A-1d5444,2024-11-26,,Basic,24,0,0,t,t,f,annual,f,upgrade
S-63e79e,A-7c5768,2024-10-20,,Enterprise,25,0,0,t,f,f,annual,t,no_change
S-a54fb2,A-8ae05d,2024-06-01,,Basic,86,1634,19608,f,f,f,annual,f,no_change
S-07734f,A-b7ef83,2024-11-20,,Basic,8,152,1824,f,f,f,annual,t,no_change
S-6015db,A-b179bf,2024-11-15,,Enterprise,43,8557,102684,f,f,f,annual,t,no_change
S-1e3a06,A-2b9d3e,2024-12-26,,Enterprise,2,398,4776,f,f,f,monthly,t,no_change
S-82a67a,A-712426,2024-12-11,2024-12-13,Pro,15,735,8820,f,f,f,annual,t,no_change
S-531e3a,A-e5d6ab,2024-07-22,,Basic,39,741,8892,f,f,f,monthly,t,no_change
S-7d8dde,A-3932db,2024-11-29,,Enterprise,35,6965,83580,f,f,f,monthly,t,no_change
S-f00f7e,A-35083d,2024-09-09,,Pro,25,1225,14700,f,f,f,monthly,t,no_change
S-92f78a,A-6e08f3,2024-02-22,,Enterprise,11,2189,26268,f,f,f,monthly,t,no_change
S-1200b3,A-32fb14,2023-11-19,,Basic,26,494,5928,f,f,f,annual,f,no_change
S-e2799b,A-4c56c9,2024-05-13,,Enterprise,13,2587,31044,f,f,f,monthly,f,no_change
S-155b3e,A-18793f,2024-12-19,,Enterprise,148,29452,353424,f,f,f,annual,f,no_change
S-691bff,A-9174e0,2024-12-27,,Basic,37,703,8436,f,f,f,annual,f,no_change
S-5ddf8d,A-7f6b86,2024-12-06,,Basic,45,855,10260,f,f,f,annual,t,no_change
S-57019e,A-ad296b,2024-07-23,,Pro,38,0,0,t,f,f,annual,t,no_change
S-36480d,A-52dd88,2024-12-04,,Pro,30,1470,17640,f,f,f,annual,t,no_change
S-ad7716,A-af0cd2,2023-04-13,,Pro,19,931,11172,f,f,f,annual,f,no_change
S-6cd38d,A-202b67,2024-08-28,,Basic,22,418,5016,f,f,f,annual,t,no_change
S-88c79e,A-e3bd71,2024-02-18,2024-04-29,Enterprise,31,6169,74028,f,f,f,monthly,t,no_change
S-42fb01,A-bece89,2024-02-08,,Pro,28,1372,16464,f,f,f,monthly,t,no_change
S-393c51,A-ba6516,2024-04-02,,Basic,27,513,6156,f,f,t,annual,t,downgrade
S-29ec80,A-625d0b,2024-12-29,,Enterprise,9,1791,21492,f,f,f,annual,t,no_change
S-9bf16e,A-533452,2024-11-23,2024-12-20,Pro,9,441,5292,f,f,f,monthly,t,no_change
S-5d5a8d,A-2922b6,2024-12-17,2024-12-28,Pro,15,735,8820,f,f,f,annual,t,no_change
S-b18d59,A-bd4708,2024-10-20,,Pro,37,1813,21756,f,f,f,annual,t,no_change
S-56cb4f,A-cab532,2024-07-23,,Pro,23,1127,13524,f,f,f,annual,t,no_change
S-3fa87d,A-81edc3,2023-11-13,,Enterprise,5,995,11940,f,f,f,monthly,t,no_change
S-96e3e8,A-d3c88e,2024-12-10,,Basic,16,304,3648,f,t,f,monthly,t,upgrade
S-b834a9,A-dcc3f1,2024-05-29,,Basic,26,494,5928,f,f,f,annual,t,no_change
S-7452a4,A-118d55,2024-12-30,2024-12-31,Enterprise,29,5771,69252,f,f,f,monthly,t,no_change
S-7b65f4,A-7f29a7,2024-11-07,2024-12-02,Basic,41,779,9348,f,f,f,monthly,f,no_change
S-a3300f,A-81edc3,2024-12-16,,Enterprise,5,995,11940,f,f,f,annual,t,no_change
S-a9b904,A-7641d3,2023-04-12,,Basic,8,152,1824,f,f,f,monthly,t,no_change
S-43b6e9,A-bbc346,2024-12-13,,Enterprise,27,5373,64476,f,f,f,monthly,t,no_change
S-eec4d5,A-0532a9,2024-12-10,,Basic,19,361,4332,f,f,f,annual,t,no_change
S-7ac30a,A-54ecc2,2024-10-16,,Enterprise,5,995,11940,f,f,f,annual,t,no_change
S-c696fa,A-db5e9e,2024-11-12,,Basic,9,171,2052,f,f,f,monthly,t,no_change
S-86ed20,A-3f9cc0,2024-07-25,,Enterprise,22,4378,52536,f,f,f,monthly,f,no_change
S-dda681,A-8bde0c,2024-12-21,,Pro,12,588,7056,f,f,f,monthly,f,no_change
S-88d746,A-0aaf6e,2024-12-26,,Enterprise,18,3582,42984,f,f,f,monthly,t,no_change
S-fc01ba,A-ba6516,2024-09-14,,Pro,35,0,0,t,f,t,monthly,t,downgrade
S-0586ad,A-7920cc,2024-07-28,,Enterprise,39,7761,93132,f,f,f,monthly,t,no_change
S-24631a,A-4d1e75,2024-09-07,,Basic,20,380,4560,f,f,f,monthly,t,no_change
S-3d0e5c,A-dcc2f0,2023-11-22,,Enterprise,19,0,0,t,f,f,monthly,t,no_change
S-519509,A-1ac5e0,2024-11-15,,Basic,33,627,7524,f,f,f,annual,f,no_change
S-8b9deb,A-6c093d,2024-09-12,2024-11-01,Pro,7,343,4116,f,f,f,monthly,t,no_change
S-31178d,A-b7ef83,2024-06-29,,Pro,26,1274,15288,f,f,f,annual,t,no_change
S-b29d83,A-51ec1b,2024-02-10,,Basic,11,209,2508,f,f,f,annual,t,no_change
S-a384d2,A-d62e02,2024-12-10,,Enterprise,21,4179,50148,f,f,f,monthly,t,no_change
S-a61485,A-d922bf,2023-11-21,,Enterprise,32,6368,76416,f,f,f,monthly,t,no_change
S-d1f12e,A-3a5ad8,2024-02-15,,Enterprise,31,6169,74028,f,f,f,monthly,t,no_change
S-021985,A-66224b,2024-12-22,2024-12-30,Enterprise,92,18308,219696,f,f,f,monthly,f,no_change
S-6cb472,A-922109,2024-09-27,,Pro,8,392,4704,f,f,f,annual,t,no_change
S-fdb8f1,A-09316c,2024-09-23,,Enterprise,70,13930,167160,f,f,f,annual,t,no_change
S-d9d52b,A-22d9d2,2024-08-09,,Pro,30,1470,17640,f,f,f,annual,t,no_change
S-6754a4,A-1f559b,2024-10-17,,Basic,10,190,2280,f,f,f,annual,f,no_change
S-b11cdb,A-05d3b3,2024-08-05,2024-08-12,Basic,24,456,5472,f,f,f,annual,t,no_change
S-a84e7f,A-e89151,2023-11-14,,Enterprise,8,1592,19104,f,f,f,annual,t,no_change
S-4f3f73,A-1b9609,2024-08-04,2024-08-12,Pro,4,196,2352,f,f,f,annual,t,no_change
S-164594,A-c42f1f,2024-10-26,,Basic,15,285,3420,f,f,f,annual,f,no_change
S-aef18a,A-4a267b,2024-11-06,,Pro,25,0,0,t,t,f,annual,t,upgrade
S-16dc40,A-ce550d,2024-11-16,,Pro,51,2499,29988,f,t,f,monthly,t,upgrade
S-a8299c,A-e60f9d,2024-12-03,,Enterprise,29,5771,69252,f,f,f,monthly,t,no_change
S-842582,A-104f1a,2024-09-24,,Pro,45,0,0,t,f,f,annual,t,no_change
S-6956dc,A-40906c,2024-06-06,,Pro,92,4508,54096,f,f,f,annual,t,no_change
S-2aad81,A-700ade,2024-11-25,,Basic,7,133,1596,f,f,f,annual,t,no_change
S-f09511,A-4437e4,2024-05-14,,Enterprise,3,597,7164,f,t,f,monthly,t,upgrade
S-52d03a,A-342303,2024-11-30,,Enterprise,10,0,0,t,f,f,annual,t,no_change
S-70b537,A-526d93,2024-09-26,,Enterprise,43,8557,102684,f,t,f,annual,f,upgrade
S-8e7d28,A-7f6b86,2024-07-05,,Pro,45,0,0,t,f,f,monthly,t,no_change
S-3128b4,A-30b4ca,2024-05-27,,Enterprise,86,17114,205368,f,f,f,monthly,f,no_change
S-ce9977,A-42e5e1,2024-08-02,,Enterprise,53,0,0,t,t,f,monthly,t,upgrade
S-16486d,A-0651a4,2024-12-15,,Pro,16,784,9408,f,f,f,monthly,t,no_change
S-c5835c,A-812c5b,2024-06-25,,Basic,55,0,0,t,f,f,monthly,t,no_change
S-890baf,A-6e7827,2024-04-22,,Pro,3,147,1764,f,f,f,monthly,t,no_change
S-ec0efa,A-45ce7a,2024-04-04,,Basic,22,418,5016,f,f,f,monthly,t,no_change
S-09ada1,A-87aa7b,2024-11-23,,Basic,24,456,5472,f,f,f,annual,t,no_change
S-2ecaea,A-756192,2024-06-28,,Enterprise,25,4975,59700,f,f,f,monthly,t,no_change
S-0d86a4,A-700ade,2024-11-11,,Pro,12,588,7056,f,f,f,monthly,f,no_change
S-a2f231,A-1f559b,2024-04-21,,Pro,59,2891,34692,f,f,f,monthly,f,no_change
S-dbcf87,A-a8d89d,2024-09-26,,Enterprise,13,2587,31044,f,f,f,monthly,t,no_change
S-d6e421,A-fd7ad3,2024-11-17,,Pro,10,0,0,t,f,f,annual,t,no_change
S-50815c,A-e3bd71,2024-01-11,,Basic,31,589,7068,f,f,f,monthly,t,no_change
S-25ec8c,A-6965e1,2024-12-05,,Pro,16,0,0,t,f,f,monthly,f,no_change
S-180b6c,A-f3ff05,2024-12-02,,Basic,30,570,6840,f,f,f,monthly,t,no_change
S-ae20d8,A-9289f6,2023-07-04,2023-07-09,Basic,12,228,2736,f,t,f,annual,t,upgrade
S-cb3c72,A-69b156,2024-06-16,,Enterprise,13,2587,31044,f,f,f,monthly,t,no_change
S-7bb339,A-fa3095,2023-12-06,,Enterprise,70,13930,167160,f,f,f,annual,t,no_change
S-374d5f,A-fabe19,2024-11-24,,Enterprise,5,995,11940,f,f,f,annual,t,no_change
S-2f7250,A-3ce5b8,2024-03-05,,Pro,36,1764,21168,f,f,f,monthly,t,no_change
S-1d081a,A-ad3abd,2023-05-10,2024-07-20,Pro,44,2156,25872,f,f,f,annual,t,no_change
S-0e9f04,A-7c83a1,2024-05-24,,Enterprise,12,2388,28656,f,f,f,monthly,t,no_change
S-d7163c,A-118d55,2024-12-27,,Pro,11,539,6468,f,f,t,monthly,t,downgrade
S-3bdedd,A-378b99,2024-11-03,,Basic,59,1121,13452,f,f,f,monthly,t,no_change
S-14a95a,A-ffc04f,2024-10-22,,Pro,20,980,11760,f,f,f,monthly,t,no_change
S-f15008,A-0aaf6e,2024-12-07,2024-12-15,Pro,12,588,7056,f,f,f,annual,f,no_change
S-c76699,A-f9cc74,2024-11-26,,Basic,30,570,6840,f,f,f,monthly,f,no_change
S-7456c5,A-8ae3fc,2024-09-09,,Basic,9,171,2052,f,f,f,monthly,t,no_change
S-947b62,A-34ea2f,2024-12-25,,Enterprise,16,3184,38208,f,f,f,annual,f,no_change
S-7b2efe,A-af0cd2,2024-09-27,,Basic,19,361,4332,f,f,f,monthly,f,no_change
S-92421b,A-4e631b,2024-11-12,,Pro,22,0,0,t,f,f,monthly,t,no_change
S-ede618,A-463db0,2024-12-15,,Pro,15,735,8820,f,f,f,annual,t,no_change
S-65b963,A-e888d1,2024-03-04,,Basic,22,0,0,t,f,f,monthly,t,no_change
S-adbb41,A-9289f6,2024-12-11,,Enterprise,24,0,0,t,f,f,annual,f,no_change
S-ce6528,A-4a4c2d,2023-07-04,,Basic,54,1026,12312,f,f,f,annual,t,no_change
S-c45df0,A-a45270,2024-11-15,,Enterprise,3,597,7164,f,f,f,monthly,f,no_change
S-faee8b,A-56962b,2024-05-15,,Pro,163,0,0,t,f,f,monthly,f,no_change
S-9bb9da,A-0be015,2024-12-24,,Pro,26,0,0,t,f,f,monthly,t,no_change
S-913134,A-bbc346,2024-11-29,,Basic,40,760,9120,f,f,f,monthly,t,no_change
S-0ada66,A-c4ea60,2024-07-29,,Enterprise,18,3582,42984,f,f,f,monthly,f,no_change
S-75fe32,A-3793ee,2024-03-13,,Pro,49,2401,28812,f,f,f,annual,t,no_change
S-1dfdd0,A-712426,2024-12-30,,Basic,13,247,2964,f,f,f,monthly,t,no_change
S-4815a3,A-19b2c8,2023-08-01,,Basic,22,418,5016,f,f,f,monthly,t,no_change
S-691d69,A-cea1f0,2024-10-18,,Enterprise,22,4378,52536,f,t,f,monthly,t,upgrade
S-e90e70,A-f51f16,2024-08-27,,Basic,2,38,456,f,f,f,annual,t,no_change
S-8eb6df,A-c7ffc2,2024-02-17,,Enterprise,30,5970,71640,f,f,f,monthly,t,no_change
S-4dae4f,A-6e08f3,2024-05-09,,Enterprise,20,3980,47760,f,f,f,monthly,t,no_change
S-f4376f,A-9ee962,2024-05-21,,Basic,9,171,2052,f,f,f,annual,f,no_change
S-ce5e0e,A-158f4e,2023-09-17,,Pro,61,2989,35868,f,f,f,annual,t,no_change
S-5bc71c,A-d77f4c,2023-10-24,2024-02-19,Basic,8,152,1824,f,f,f,monthly,t,no_change
S-80af85,A-2edab2,2023-11-22,,Basic,17,323,3876,f,f,f,annual,t,no_change
S-9a115f,A-f5641b,2024-12-29,,Enterprise,45,8955,107460,f,f,f,monthly,t,no_change
S-a959a3,A-ad3abd,2023-03-18,,Enterprise,44,8756,105072,f,f,f,monthly,f,no_change
S-6def60,A-1e1b80,2023-10-11,,Basic,50,950,11400,f,f,f,monthly,t,no_change
S-2a57b3,A-7e0a10,2024-06-29,,Basic,46,874,10488,f,f,f,annual,t,no_change
S-b39049,A-4e44e8,2024-11-08,,Pro,18,0,0,t,f,f,monthly,t,no_change
S-802cc6,A-eafc6e,2023-11-15,,Enterprise,34,6766,81192,f,f,f,annual,t,no_change
S-19c44c,A-8b0451,2024-12-09,,Basic,41,779,9348,f,f,f,monthly,t,no_change
S-396a83,A-1b7577,2024-11-28,,Enterprise,4,796,9552,f,f,f,monthly,t,no_change
S-d1aacf,A-c70870,2024-12-06,,Basic,31,589,7068,f,t,f,annual,t,upgrade
S-2beaee,A-ffdfd5,2024-09-14,,Pro,92,4508,54096,f,f,f,annual,f,no_change
S-16e21f,A-82d8a6,2024-12-13,,Enterprise,27,5373,64476,f,f,f,annual,f,no_change
S-a918f3,A-d27f50,2024-12-05,,Enterprise,44,8756,105072,f,f,f,monthly,t,no_change
S-b4b400,A-35083d,2024-04-16,,Pro,19,931,11172,f,t,f,annual,t,upgrade
S-52699f,A-df10db,2023-08-25,2024-12-03,Basic,14,266,3192,f,f,f,monthly,t,no_change
S-52404a,A-cd458b,2024-10-26,,Basic,26,494,5928,f,f,f,annual,t,no_change
S-dacc80,A-6965e1,2024-12-30,,Basic,13,247,2964,f,f,f,monthly,t,no_change
S-91c435,A-dfbd31,2024-12-09,,Basic,14,266,3192,f,f,f,monthly,t,no_change
S-64d514,A-65aeb5,2024-09-06,,Enterprise,56,11144,133728,f,f,f,annual,f,no_change
S-006fed,A-ac9111,2023-10-09,2024-06-20,Basic,21,399,4788,f,f,f,monthly,t,no_change
S-2aafa6,A-bbc346,2024-10-03,,Enterprise,19,3781,45372,f,f,f,annual,t,no_change
S-1577c3,A-544d0a,2024-11-29,,Basic,3,0,0,t,f,f,monthly,t,no_change
S-3ea3af,A-019782,2024-05-16,,Pro,11,539,6468,f,f,f,monthly,f,no_change
S-615537,A-7f4db3,2024-03-30,,Pro,16,784,9408,f,f,f,annual,t,no_change
S-fc8463,A-4e44e8,2024-10-16,,Basic,10,190,2280,f,f,f,annual,t,no_change
S-8106d9,A-3a5ad8,2024-11-06,,Pro,36,1764,21168,f,f,f,monthly,f,no_change
S-5b699e,A-b7b7b7,2024-09-16,,Basic,24,456,5472,f,f,f,annual,t,no_change
S-021297,A-5ed98d,2024-06-28,,Enterprise,24,4776,57312,f,f,f,annual,t,no_change
S-0f7a92,A-700ade,2024-12-23,,Pro,1,49,588,f,f,f,monthly,f,no_change
S-85caaf,A-089363,2023-06-03,,Pro,2,98,1176,f,t,f,annual,t,upgrade
S-d8a52e,A-cc102e,2024-11-19,,Enterprise,15,2985,35820,f,f,f,monthly,t,no_change
S-7b3fd3,A-5a92e7,2024-07-08,2024-10-15,Enterprise,4,796,9552,f,f,f,annual,t,no_change
S-9a1297,A-b11cd0,2024-07-20,,Pro,26,1274,15288,f,f,f,annual,t,no_change
S-858aa0,A-6da850,2024-10-09,,Enterprise,25,4975,59700,f,f,f,annual,f,no_change
S-8b345c,A-c43359,2024-12-10,,Pro,38,0,0,t,f,t,monthly,t,downgrade
S-456829,A-f92792,2024-07-07,,Pro,26,1274,15288,f,f,f,annual,f,no_change
S-c2cc5c,A-2bc93d,2023-11-24,,Enterprise,20,3980,47760,f,f,f,annual,t,no_change
S-2126cd,A-f45426,2024-12-29,,Pro,9,441,5292,f,f,f,monthly,f,no_change
S-91ab2e,A-c62e55,2023-11-15,,Pro,34,1666,19992,f,f,f,annual,f,no_change
S-8cba1c,A-4814a3,2024-10-19,,Enterprise,87,0,0,t,f,f,monthly,f,no_change
S-6ee525,A-9badbd,2024-09-05,,Enterprise,23,4577,54924,f,f,f,annual,t,no_change
S-400e62,A-0f3e88,2024-04-18,,Basic,14,266,3192,f,f,f,annual,f,no_change
S-5f2554,A-81edc3,2023-11-07,,Pro,12,588,7056,f,f,f,monthly,f,no_change
S-877508,A-b3fe05,2024-06-06,,Pro,11,0,0,t,f,f,annual,t,no_change
S-37b367,A-a8d89d,2024-09-17,,Basic,13,247,2964,f,f,f,annual,t,no_change
S-ac6547,A-b20d99,2024-07-19,,Basic,20,380,4560,f,f,f,annual,t,no_change
S-525864,A-a09355,2024-12-29,,Pro,14,686,8232,f,f,f,monthly,t,no_change
S-856627,A-b48f73,2024-11-24,,Pro,80,3920,47040,f,f,f,annual,f,no_change
S-195cd5,A-ae052e,2024-11-28,2024-12-06,Pro,40,1960,23520,f,f,f,monthly,t,no_change
S-4e4ab7,A-eb1312,2024-10-08,,Basic,25,475,5700,f,f,f,monthly,f,no_change
S-cfca40,A-7d514c,2024-04-01,,Enterprise,34,6766,81192,f,f,f,monthly,t,no_change
S-a82909,A-3a5ad8,2024-11-19,,Enterprise,70,13930,167160,f,f,f,annual,t,no_change
S-ab212b,A-f1f639,2024-01-16,,Basic,2,38,456,f,t,f,monthly,t,upgrade
S-92e1fc,A-45ce7a,2024-04-13,,Pro,16,0,0,t,f,f,monthly,t,no_change
S-add36b,A-e3bd71,2024-03-20,,Enterprise,31,6169,74028,f,t,t,monthly,t,conflict
S-dcde3f,A-ffc04f,2024-08-05,,Pro,13,0,0,t,f,f,monthly,f,no_change
S-94fa70,A-1b7577,2024-12-30,,Pro,41,2009,24108,f,f,f,monthly,t,no_change
S-80f65d,A-474ad4,2024-01-06,,Basic,23,437,5244,f,f,f,monthly,t,no_change
S-1b373c,A-5b1bcd,2024-07-04,,Pro,73,3577,42924,f,f,f,annual,f,no_change
S-54a3ed,A-f446b6,2024-07-21,,Pro,5,245,2940,f,f,f,monthly,t,no_change
S-77c22b,A-6c093d,2024-03-13,,Enterprise,7,1393,16716,f,f,f,annual,t,no_change
S-bf9e6d,A-9779ad,2024-10-23,,Enterprise,40,7960,95520,f,f,f,annual,t,no_change
S-9daaad,A-e693b6,2024-03-21,,Enterprise,55,0,0,t,f,f,monthly,t,no_change
S-d316df,A-726cfa,2024-07-12,,Basic,33,627,7524,f,f,f,annual,t,no_change
S-d106d4,A-19b2c8,2023-11-06,,Enterprise,20,3980,47760,f,f,f,monthly,t,no_change
S-4757c8,A-32728c,2024-09-17,,Basic,42,798,9576,f,f,f,annual,t,no_change
S-504bce,A-474ad4,2024-11-28,2024-12-30,Enterprise,41,0,0,t,f,f,annual,t,no_change
S-16be20,A-9c18c4,2024-03-03,,Pro,11,539,6468,f,f,f,monthly,t,no_change
S-2ae5d8,A-c9bb3e,2024-06-08,,Pro,5,245,2940,f,f,f,monthly,t,no_change
S-6522e4,A-9f0b68,2024-05-17,,Basic,22,418,5016,f,f,f,annual,f,no_change
S-bc736c,A-d49cc5,2024-09-28,,Basic,50,950,11400,f,f,f,monthly,t,no_change
S-1b7677,A-ced9aa,2024-12-04,2024-12-20,Enterprise,6,1194,14328,f,f,f,annual,t,no_change
S-b8d2f6,A-17939a,2024-12-28,2024-12-30,Basic,19,0,0,t,f,f,monthly,t,no_change
S-509f0d,A-794a0b,2024-02-05,,Pro,35,1715,20580,f,f,f,monthly,t,no_change
S-708ac6,A-ab438f,2024-10-23,,Enterprise,30,5970,71640,f,f,f,monthly,t,no_change
S-81510a,A-b54c01,2024-10-29,,Pro,29,1421,17052,f,f,f,annual,t,no_change
S-80c24c,A-139c3b,2024-11-26,2024-12-31,Pro,17,833,9996,f,t,f,monthly,t,upgrade
S-843a53,A-bb1eaa,2024-09-11,,Enterprise,21,4179,50148,f,f,f,annual,t,no_change
S-3b5031,A-dcc2f0,2024-03-13,,Pro,22,1078,12936,f,t,f,annual,t,upgrade
S-a29ba3,A-95b24a,2023-10-12,,Enterprise,38,7562,90744,f,f,f,monthly,f,no_change
S-ce7c30,A-075038,2024-07-02,,Enterprise,17,3383,40596,f,f,f,monthly,t,no_change
S-90c2a9,A-ced9aa,2024-11-07,,Pro,3,147,1764,f,f,f,annual,t,no_change
S-3c52a6,A-2f6a32,2024-09-25,2024-11-16,Basic,19,361,4332,f,f,f,annual,t,no_change
S-44ed0c,A-993085,2023-10-30,,Enterprise,31,6169,74028,f,f,t,annual,f,downgrade
S-2c9cea,A-df1e44,2024-06-03,,Basic,35,0,0,t,f,f,annual,t,no_change
S-47cf94,A-e5d6ab,2023-10-02,2024-05-03,Basic,35,665,7980,f,f,f,annual,t,no_change
S-f3d5d7,A-49b828,2024-11-22,,Enterprise,20,3980,47760,f,f,f,annual,t,no_change
S-519f1c,A-0354fe,2024-11-03,,Basic,34,646,7752,f,f,f,monthly,f,no_change
S-b75eaa,A-bf7919,2024-12-24,,Basic,12,228,2736,f,f,f,monthly,f,no_change
S-106283,A-a45270,2024-07-27,,Enterprise,23,4577,54924,f,f,f,annual,t,no_change
S-f093d0,A-f19b24,2024-03-17,,Pro,29,1421,17052,f,f,f,monthly,t,no_change
S-9c19fe,A-bd4513,2024-12-20,,Enterprise,50,9950,119400,f,f,f,monthly,f,no_change
S-f27134,A-d4ac0e,2024-09-17,,Basic,29,551,6612,f,f,f,annual,t,no_change
S-ef83b4,A-a09355,2024-11-04,,Enterprise,33,6567,78804,f,f,f,monthly,t,no_change
S-00fcc5,A-40de06,2023-06-23,,Basic,62,1178,14136,f,f,f,annual,f,no_change
S-a6f0f1,A-d792a6,2024-04-26,,Pro,4,196,2352,f,f,f,annual,t,no_change
S-2c4527,A-6965e1,2024-12-22,,Pro,13,637,7644,f,f,f,annual,t,no_change
S-0144ac,A-5a215a,2024-03-13,,Enterprise,87,17313,207756,f,f,f,monthly,t,no_change
S-8a50a0,A-cb5333,2024-12-11,,Basic,33,627,7524,f,f,f,monthly,t,no_change
S-363c29,A-e7beab,2023-10-23,2024-08-21,Enterprise,21,4179,50148,f,f,f,annual,t,no_change
S-f28cde,A-cdf020,2024-07-13,,Pro,23,1127,13524,f,t,f,annual,t,upgrade
S-ef00f5,A-e36807,2024-09-06,,Basic,6,114,1368,f,f,f,annual,t,no_change
S-dbe2ac,A-5f7781,2024-09-13,,Basic,22,418,5016,f,t,f,annual,t,upgrade
S-b8fcc5,A-dbc825,2024-06-29,2024-11-20,Basic,85,1615,19380,f,t,f,annual,f,upgrade
S-37b6b2,A-4c6f11,2024-05-10,,Pro,24,1176,14112,f,f,f,annual,f,no_change
S-a83bf1,A-089363,2023-11-04,,Basic,40,760,9120,f,f,f,monthly,f,no_change
S-e301c9,A-1e1b80,2024-09-22,,Enterprise,50,0,0,t,f,f,monthly,t,no_change
S-762cae,A-6e08f3,2024-08-11,,Pro,18,882,10584,f,f,f,annual,t,no_change
S-261a8d,A-b2225d,2024-09-01,,Pro,47,2303,27636,f,t,f,monthly,t,upgrade
S-1c5955,A-378b99,2024-10-07,,Pro,12,588,7056,f,f,f,annual,t,no_change
S-a99771,A-3c1a3f,2023-12-18,,Basic,25,0,0,t,f,f,annual,t,no_change
S-ad02b5,A-c58f49,2024-10-05,,Enterprise,70,13930,167160,f,t,f,monthly,t,upgrade
S-e267d1,A-4a4c2d,2023-12-25,,Enterprise,54,10746,128952,f,f,f,annual,f,no_change
S-0c4162,A-a8b49c,2023-11-24,,Basic,19,0,0,t,f,f,monthly,t,no_change
S-49b640,A-956988,2024-12-02,,Enterprise,9,1791,21492,f,f,f,monthly,t,no_change
S-327a60,A-1f0ac7,2024-05-03,,Basic,47,893,10716,f,f,f,annual,t,no_change
S-9a41e6,A-9289f6,2024-03-14,,Enterprise,10,1990,23880,f,f,f,annual,t,no_change
S-e1081c,A-5fe118,2024-12-05,,Enterprise,39,7761,93132,f,f,f,monthly,t,no_change
S-f44c76,A-58b9ff,2024-09-24,,Pro,14,686,8232,f,f,f,monthly,t,no_change
S-8e169f,A-0dbdc6,2023-06-14,,Pro,30,0,0,t,f,f,annual,t,no_change
S-68e134,A-dbc825,2024-05-20,,Basic,19,361,4332,f,f,f,monthly,t,no_change
S-7820a5,A-019782,2023-08-16,,Pro,15,735,8820,f,f,f,monthly,t,no_change
S-d8c527,A-0a62f5,2024-12-21,,Basic,25,475,5700,f,f,f,monthly,t,no_change
S-d30894,A-71615e,2024-06-27,,Enterprise,15,2985,35820,f,f,f,annual,t,no_change
S-632337,A-7da956,2024-09-26,2024-12-29,Enterprise,14,2786,33432,f,f,f,monthly,t,no_change
S-3d4f7a,A-ed510f,2024-12-21,,Pro,42,2058,24696,f,f,f,monthly,t,no_change
S-956036,A-d922bf,2023-10-29,,Enterprise,30,5970,71640,f,f,f,annual,t,no_change
S-873a22,A-fabe19,2024-12-16,,Enterprise,12,2388,28656,f,t,f,monthly,f,upgrade
S-868325,A-ac85cd,2024-08-02,,Basic,53,1007,12084,f,f,f,monthly,t,no_change
S-0e8b21,A-8adedc,2024-08-21,,Basic,22,418,5016,f,f,f,monthly,t,no_change
S-f50afe,A-117171,2024-11-11,,Basic,45,855,10260,f,f,f,annual,t,no_change
S-28a4b7,A-1e1b80,2023-12-16,,Enterprise,50,9950,119400,f,f,f,annual,t,no_change
S-3d46f8,A-3932db,2023-12-10,,Basic,23,437,5244,f,f,f,monthly,t,no_change
S-bc0806,A-d792a6,2024-07-04,,Enterprise,4,796,9552,f,f,f,monthly,t,no_change
S-9171f0,A-43a9e3,2024-03-26,,Basic,27,513,6156,f,f,f,annual,t,no_change
S-38eb77,A-417d2f,2024-02-02,2024-05-03,Enterprise,26,5174,62088,f,t,f,monthly,t,upgrade
S-f3ff06,A-249769,2024-10-18,,Pro,8,392,4704,f,f,f,annual,t,no_change
S-ecb8d5,A-df1e44,2024-12-17,,Basic,35,665,7980,f,f,f,annual,t,no_change
S-1fddda,A-51ec1b,2024-08-05,,Enterprise,18,3582,42984,f,f,f,monthly,f,no_change
S-876f0b,A-4c56c9,2024-05-21,,Basic,9,171,2052,f,f,f,annual,t,no_change
S-5a5bdb,A-96bbc6,2024-09-08,,Pro,64,3136,37632,f,f,f,annual,t,no_change
S-76a214,A-00bed1,2024-05-14,,Enterprise,49,9751,117012,f,f,f,annual,t,no_change
S-4a89a7,A-10b8f2,2023-04-19,,Basic,47,893,10716,f,f,f,monthly,f,no_change
S-c43a91,A-0e966d,2024-09-06,,Pro,13,637,7644,f,f,f,annual,t,no_change
S-0a8200,A-5b1bcd,2024-01-20,,Enterprise,73,14527,174324,f,f,f,annual,t,no_change
S-ece5a5,A-9ee962,2023-08-27,,Pro,30,1470,17640,f,f,f,annual,f,no_change
S-80ed6b,A-b7b7b7,2024-07-29,,Pro,24,1176,14112,f,f,f,annual,t,no_change
S-19950d,A-f9cc74,2024-10-28,,Pro,30,1470,17640,f,f,f,annual,f,no_change
S-aaf847,A-ffc04f,2024-09-19,,Enterprise,13,2587,31044,f,f,f,monthly,f,no_change
S-5d0f41,A-956988,2024-12-18,,Pro,23,1127,13524,f,f,f,monthly,t,no_change
S-d041d2,A-054577,2024-12-01,,Pro,2,0,0,t,f,f,monthly,t,no_change
S-4c6ee1,A-8bde0c,2024-12-23,,Pro,15,735,8820,f,f,f,annual,t,no_change
S-991d05,A-cdf020,2024-01-25,,Pro,39,1911,22932,f,f,f,annual,f,no_change
S-a3ab14,A-fdfc91,2024-07-31,2024-11-10,Pro,29,1421,17052,f,f,f,annual,f,no_change
S-70c743,A-a2485e,2024-08-17,,Pro,68,3332,39984,f,f,f,annual,f,no_change
S-c52d77,A-6e7827,2023-11-05,,Pro,1,49,588,f,t,f,monthly,f,upgrade
S-5d5250,A-afa505,2024-08-12,,Pro,70,3430,41160,f,f,t,monthly,t,downgrade
S-5f40a3,A-6da850,2024-12-28,,Basic,5,0,0,t,f,f,monthly,f,no_change
S-b23d8d,A-2d1036,2024-11-21,,Basic,69,1311,15732,f,f,f,annual,t,no_change
S-87db32,A-526d93,2024-04-24,,Enterprise,49,9751,117012,f,f,f,monthly,f,no_change
S-38dcab,A-ad3abd,2024-03-25,2024-09-11,Basic,44,836,10032,f,f,f,annual,t,no_change
S-aa7247,A-c7ffc2,2024-08-15,,Basic,30,570,6840,f,f,f,monthly,t,no_change
S-58ccb4,A-bb1486,2024-11-18,,Pro,41,2009,24108,f,f,t,monthly,t,downgrade
S-3b5458,A-98a59a,2024-09-12,,Enterprise,56,11144,133728,f,f,f,monthly,t,no_change
S-a9b8a2,A-b78bf8,2024-11-25,,Pro,33,1617,19404,f,f,f,annual,t,no_change
S-41cf50,A-fa2041,2024-07-23,,Enterprise,15,2985,35820,f,f,f,monthly,f,no_change
S-48d2b5,A-9c18c4,2023-08-09,2024-10-14,Basic,12,228,2736,f,f,f,monthly,t,no_change
S-be655e,A-7f29a7,2024-11-24,,Basic,41,779,9348,f,f,f,annual,t,no_change
S-8985d3,A-016043,2024-12-02,,Basic,26,494,5928,f,f,f,monthly,f,no_change
S-9bf1a0,A-3932db,2024-03-06,,Basic,41,779,9348,f,f,f,monthly,t,no_change
S-4571b1,A-df1e44,2024-06-28,,Basic,12,228,2736,f,f,f,annual,f,no_change
S-1b4be3,A-b44e3e,2024-04-15,,Pro,40,1960,23520,f,t,f,annual,t,upgrade
S-ab37ae,A-f92792,2024-09-11,,Basic,6,0,0,t,f,f,monthly,t,no_change
S-c23126,A-a45270,2024-10-31,,Enterprise,11,2189,26268,f,f,f,annual,f,no_change
S-150930,A-592832,2024-09-26,,Enterprise,42,8358,100296,f,f,f,monthly,f,no_change
S-7dcec3,A-c37601,2024-12-17,2024-12-29,Enterprise,15,2985,35820,f,f,f,annual,t,no_change
S-88338a,A-503d5a,2024-12-19,,Enterprise,56,11144,133728,f,f,f,annual,f,no_change
S-869430,A-9affe6,2024-02-16,,Pro,29,1421,17052,f,f,f,monthly,t,no_change
S-5e6790,A-ba6516,2024-03-17,,Pro,27,1323,15876,f,f,f,monthly,f,no_change
S-55ef07,A-94f8c9,2024-08-11,,Enterprise,13,2587,31044,f,f,f,annual,t,no_change
S-8cc2e2,A-4437e4,2024-02-12,,Pro,27,1323,15876,f,f,f,monthly,t,no_change
S-f71bb0,A-e51ec7,2024-04-18,,Enterprise,2,398,4776,f,t,f,annual,f,upgrade
S-cb7ea9,A-51ec1b,2024-04-01,,Enterprise,7,1393,16716,f,t,t,monthly,t,conflict
S-9c06f8,A-692f18,2024-04-05,,Pro,19,931,11172,f,f,f,annual,t,no_change
S-637b20,A-ac9111,2024-02-18,,Enterprise,56,0,0,t,f,f,monthly,t,no_change
S-0b46b0,A-de24d5,2024-11-19,,Enterprise,7,1393,16716,f,f,f,monthly,t,no_change
S-071ade,A-aa9511,2024-11-07,,Basic,23,437,5244,f,f,t,annual,t,downgrade
S-08a5fd,A-b9eed8,2024-10-24,,Enterprise,34,6766,81192,f,f,f,monthly,t,no_change
S-acf8ce,A-78f02b,2024-12-06,,Pro,179,8771,105252,f,f,f,monthly,f,no_change
S-104941,A-fdfc91,2023-07-30,,Basic,29,551,6612,f,t,f,monthly,t,upgrade
S-a91e0c,A-22f2df,2024-12-29,,Enterprise,5,995,11940,f,f,t,monthly,t,downgrade
S-115423,A-7f8241,2023-08-05,,Pro,34,1666,19992,f,f,f,annual,t,no_change
S-6ef81d,A-0b0d6d,2024-12-30,2024-12-31,Basic,25,475,5700,f,f,f,annual,t,no_change
S-fe25ff,A-410e86,2024-11-29,,Enterprise,24,4776,57312,f,f,f,annual,t,no_change
S-c3d2f9,A-1d5444,2024-04-04,,Basic,24,456,5472,f,f,f,annual,t,no_change
S-decbf7,A-a33200,2024-11-26,,Enterprise,29,5771,69252,f,f,f,annual,f,no_change
S-ae4310,A-5790f4,2024-12-22,,Pro,20,0,0,t,f,f,monthly,t,no_change
S-9e8ce0,A-7f29a7,2024-11-28,,Pro,41,2009,24108,f,f,f,annual,t,no_change
S-6d51c5,A-2f6a32,2024-10-25,,Pro,23,1127,13524,f,f,f,annual,t,no_change
S-c0127d,A-5c9849,2024-12-03,,Enterprise,19,0,0,t,f,f,monthly,t,no_change
S-9b08ae,A-ccabf0,2023-12-29,,Pro,21,1029,12348,f,f,f,monthly,t,no_change
S-26836c,A-4437e4,2023-11-20,,Basic,9,0,0,t,f,f,monthly,t,no_change
S-a603dd,A-560d27,2024-11-12,,Basic,23,437,5244,f,f,f,monthly,t,no_change
S-94b283,A-186a44,2024-10-28,,Basic,20,0,0,t,f,f,monthly,t,no_change
S-f7b517,A-427b69,2024-12-09,,Pro,17,0,0,t,f,f,monthly,t,no_change
S-09c1df,A-b7724f,2024-09-15,2024-10-02,Pro,1,49,588,f,f,f,annual,t,no_change
S-50aaaa,A-af0cd2,2023-01-12,,Pro,19,931,11172,f,f,f,monthly,t,no_change
S-fbee8e,A-8ed5dd,2024-04-25,,Enterprise,5,995,11940,f,t,f,annual,t,upgrade
S-7e145e,A-0b0d6d,2024-12-31,,Enterprise,52,10348,124176,f,f,f,annual,t,no_change
S-0e12c9,A-bcf87c,2024-12-10,,Basic,51,0,0,t,f,f,monthly,t,no_change
S-4f3461,A-b78bf8,2024-12-18,,Enterprise,33,0,0,t,f,f,monthly,t,no_change
S-56886a,A-e19ff6,2024-08-11,,Enterprise,3,0,0,t,f,f,annual,f,no_change
S-fd0d21,A-2446e3,2024-09-02,,Basic,27,0,0,t,f,f,annual,f,no_change
S-f0081e,A-b7ef83,2024-12-06,2024-12-10,Enterprise,45,8955,107460,f,f,f,monthly,t,no_change
S-cf30e2,A-2789e3,2024-12-14,,Pro,11,0,0,t,f,f,monthly,t,no_change
S-3c9178,A-17939a,2024-12-29,,Basic,11,209,2508,f,f,f,monthly,f,no_change
S-86a4e3,A-e693b6,2023-08-01,,Basic,55,1045,12540,f,f,f,annual,t,no_change
S-27514e,A-3f9cc0,2024-07-21,,Basic,22,418,5016,f,f,t,monthly,t,downgrade
S-aea1bf,A-d49cc5,2024-05-10,,Pro,50,2450,29400,f,f,f,monthly,t,no_change
S-41128b,A-45ce7a,2024-11-13,,Enterprise,16,3184,38208,f,f,f,monthly,t,no_change
S-a80c62,A-bad8c1,2024-02-22,,Enterprise,12,2388,28656,f,t,f,monthly,t,upgrade
S-d7497b,A-39b19f,2024-11-07,,Basic,13,247,2964,f,f,f,monthly,t,no_change
S-0e7e70,A-50f3f7,2024-05-15,,Pro,31,1519,18228,f,f,f,annual,t,no_change
S-2f0815,A-22d9d2,2024-10-14,,Pro,8,392,4704,f,f,f,monthly,t,no_change
S-06770c,A-1b7577,2024-11-15,,Basic,81,1539,18468,f,f,f,monthly,t,no_change
S-a525b3,A-df10db,2023-12-05,,Pro,7,343,4116,f,t,f,monthly,f,upgrade
S-f030d4,A-7e0a10,2024-12-30,,Enterprise,70,13930,167160,f,f,f,annual,t,no_change
S-b83d8d,A-86902e,2024-12-11,,Enterprise,34,6766,81192,f,f,f,annual,t,no_change
S-e78c09,A-b9f5b1,2024-10-15,,Enterprise,15,2985,35820,f,f,f,annual,t,no_change
S-19465f,A-039727,2024-11-12,,Basic,25,475,5700,f,f,f,monthly,t,no_change
S-b45bc6,A-425e76,2023-08-18,2023-11-01,Enterprise,32,6368,76416,f,f,f,monthly,t,no_change
S-35ff7e,A-271f46,2024-06-09,,Basic,38,722,8664,f,f,f,annual,t,no_change
S-f932c0,A-1b7577,2024-11-02,,Basic,14,0,0,t,f,f,annual,t,no_change
S-c58b17,A-e1462e,2024-07-07,,Pro,46,2254,27048,f,f,f,annual,t,no_change
S-b32a70,A-3ce5b8,2024-09-30,,Basic,8,152,1824,f,f,f,monthly,t,no_change
S-e3dff3,A-e98302,2024-07-14,,Pro,23,1127,13524,f,f,f,annual,t,no_change
S-2b2fa8,A-ed510f,2024-05-16,,Pro,42,2058,24696,f,t,f,annual,t,upgrade
S-6b3ac8,A-7641d3,2024-08-03,,Pro,61,2989,35868,f,f,t,monthly,t,downgrade
S-e964b6,A-bcbe98,2024-12-30,,Basic,46,874,10488,f,f,f,monthly,t,no_change
S-6c1ca6,A-e1b9cd,2024-12-05,,Pro,40,1960,23520,f,f,f,monthly,f,no_change
S-ce887e,A-cd458b,2024-10-04,,Enterprise,10,1990,23880,f,f,f,annual,t,no_change
S-95c2e3,A-86cdb4,2024-12-19,,Pro,8,392,4704,f,f,f,monthly,t,no_change
S-f55146,A-417d2f,2024-09-21,,Enterprise,14,0,0,t,f,f,annual,t,no_change
S-04ec2f,A-faa28c,2024-02-11,,Pro,48,2352,28224,f,f,f,annual,t,no_change
S-89a8a2,A-72799b,2024-10-21,,Pro,61,2989,35868,f,f,f,annual,t,no_change
S-ac8fd3,A-484819,2024-11-13,,Enterprise,18,3582,42984,f,t,f,monthly,t,upgrade
S-70addb,A-692f18,2024-10-05,,Basic,10,190,2280,f,f,f,monthly,f,no_change
S-1261fb,A-fd7ad3,2024-11-29,,Pro,1,49,588,f,f,f,monthly,f,no_change
S-561d54,A-0a282f,2024-11-10,,Pro,1,49,588,f,f,f,annual,t,no_change
S-f6f848,A-c37601,2024-12-28,,Pro,6,294,3528,f,f,f,annual,t,no_change
S-c021c2,A-bd4708,2024-07-24,,Enterprise,37,7363,88356,f,f,f,annual,t,no_change
S-b91501,A-ce66f8,2024-07-19,,Pro,29,1421,17052,f,f,f,annual,t,no_change
S-d507da,A-aa9511,2023-11-01,,Enterprise,23,4577,54924,f,f,f,annual,t,no_change
S-6bf118,A-50f3f7,2024-11-06,,Basic,117,2223,26676,f,f,f,monthly,t,no_change
S-f2f40c,A-7f4db3,2024-06-29,,Enterprise,45,8955,107460,f,f,f,annual,t,no_change
S-a9bfe0,A-4bfa33,2024-12-12,2024-12-29,Pro,9,441,5292,f,f,f,monthly,f,no_change
S-96bb5c,A-832ec2,2024-05-26,,Basic,12,228,2736,f,t,f,monthly,f,upgrade
S-fd12a3,A-ed510f,2023-07-17,2023-10-09,Basic,42,798,9576,f,f,f,annual,f,no_change
S-7e5af5,A-1d5444,2024-03-19,,Basic,24,456,5472,f,f,f,annual,t,no_change
S-3a5c75,A-a8d89d,2024-12-05,,Basic,17,323,3876,f,f,f,annual,t,no_change
S-211bc2,A-3b5cd1,2024-11-24,,Enterprise,13,2587,31044,f,f,f,annual,f,no_change
S-1f5faf,A-34ea2f,2024-10-03,2024-12-20,Enterprise,8,0,0,t,f,f,monthly,f,no_change
S-54b286,A-0532a9,2024-12-20,,Pro,26,1274,15288,f,t,f,monthly,f,upgrade
S-8cfc1b,A-798a3f,2024-08-14,,Enterprise,26,5174,62088,f,f,f,annual,t,no_change
S-3c3a3e,A-0baac2,2024-06-02,2024-09-13,Enterprise,29,5771,69252,f,f,f,annual,t,no_change
S-d735d1,A-0f3e88,2023-09-23,,Basic,24,456,5472,f,f,f,monthly,t,no_change
S-87b9f7,A-39868b,2024-11-28,,Basic,17,0,0,t,f,f,annual,f,no_change
S-bfc2c2,A-7f8241,2023-09-06,,Pro,34,1666,19992,f,f,f,monthly,t,no_change
S-d19da0,A-7da956,2024-11-04,,Basic,13,247,2964,f,f,f,annual,t,no_change
S-683e1e,A-91e948,2024-11-09,,Enterprise,41,8159,97908,f,f,f,monthly,t,no_change
S-b38152,A-f97b9a,2024-04-14,,Enterprise,30,5970,71640,f,f,f,annual,t,no_change
S-5f4cc6,A-378b99,2024-10-14,,Pro,16,0,0,t,f,f,monthly,t,no_change
S-0fa88d,A-54ecc2,2024-09-27,,Basic,6,114,1368,f,f,f,monthly,t,no_change
S-0d4d11,A-d77f4c,2023-11-10,,Basic,41,0,0,t,f,t,monthly,t,downgrade
S-21393c,A-65a46c,2024-04-14,,Enterprise,9,1791,21492,f,t,f,monthly,t,upgrade
S-cdde2b,A-c7ffc2,2023-07-19,,Basic,30,570,6840,f,t,f,monthly,f,upgrade
S-965b1c,A-a8d89d,2024-06-16,,Pro,14,686,8232,f,f,f,monthly,t,no_change
S-b4dd00,A-4c56c9,2024-12-24,,Basic,52,988,11856,f,f,f,annual,t,no_change
S-c284ce,A-0f3e88,2024-02-03,,Enterprise,11,2189,26268,f,f,f,monthly,t,no_change
S-4d260c,A-d5a319,2023-06-27,,Pro,15,0,0,t,f,f,annual,t,no_change
S-d9821f,A-faa28c,2024-06-20,,Basic,48,912,10944,f,f,f,annual,t,no_change
S-dd8371,A-fa2041,2024-07-25,,Basic,15,285,3420,f,f,f,annual,t,no_change
S-7ab68f,A-bcbe98,2024-09-18,,Basic,46,0,0,t,f,f,annual,t,no_change
S-c619d6,A-ae052e,2024-09-02,,Pro,39,1911,22932,f,f,f,annual,t,no_change
S-4e00a0,A-eb7c38,2024-11-01,,Pro,14,686,8232,f,f,f,annual,t,no_change
S-a0af0a,A-e60f9d,2024-12-19,,Enterprise,29,5771,69252,f,f,f,monthly,t,no_change
S-a67e83,A-c4ea60,2024-10-28,,Pro,18,882,10584,f,f,f,monthly,t,no_change
S-9c735f,A-d49cc5,2024-07-06,,Basic,50,950,11400,f,f,f,annual,t,no_change
S-4970c1,A-56962b,2024-09-03,,Basic,163,3097,37164,f,f,f,annual,t,no_change
S-a46dd4,A-5a215a,2024-09-18,,Enterprise,87,17313,207756,f,f,f,annual,t,no_change
S-96ead2,A-6a4e2d,2024-09-13,,Basic,26,494,5928,f,f,f,annual,t,no_change
S-4d8633,A-e83938,2024-07-17,,Pro,31,1519,18228,f,f,f,monthly,t,no_change
S-788739,A-700ade,2024-11-07,,Enterprise,13,2587,31044,f,f,f,monthly,t,no_change
S-0380a3,A-922109,2024-04-06,,Pro,3,147,1764,f,f,f,annual,t,no_change
S-e8eb5c,A-dfbd31,2024-09-17,,Pro,43,2107,25284,f,t,f,monthly,t,upgrade
S-cb100e,A-ff79f2,2024-10-21,,Basic,53,1007,12084,f,t,f,annual,t,upgrade
S-c26c22,A-dec005,2023-10-17,,Basic,21,0,0,t,f,f,annual,f,no_change
S-1cf9b0,A-922109,2024-07-15,2024-12-27,Pro,9,441,5292,f,f,f,monthly,f,no_change
S-26bf58,A-65a46c,2024-05-05,,Pro,37,1813,21756,f,f,f,monthly,t,no_change
S-106bf6,A-09540c,2024-08-04,,Basic,67,1273,15276,f,f,f,monthly,t,no_change
S-511e50,A-3c1a3f,2024-10-13,,Enterprise,1,199,2388,f,f,f,annual,t,no_change
S-69b070,A-a6d261,2024-09-18,,Enterprise,27,5373,64476,f,t,f,annual,t,upgrade
S-648397,A-5fe118,2024-12-02,,Pro,123,6027,72324,f,f,f,monthly,t,no_change
S-3ceff3,A-029f69,2024-09-14,,Enterprise,15,2985,35820,f,f,f,annual,t,no_change
S-3d8c2f,A-51ec1b,2024-10-20,2024-11-27,Pro,23,1127,13524,f,t,t,monthly,t,conflict
S-1be5a9,A-d26ab4,2024-11-21,,Enterprise,27,5373,64476,f,f,f,monthly,t,no_change
S-507731,A-e43bf7,2024-06-02,,Pro,44,2156,25872,f,f,f,annual,t,no_change
S-04b127,A-a6d261,2023-12-13,,Basic,9,171,2052,f,f,f,monthly,t,no_change
S-e27e43,A-700ade,2024-11-19,,Enterprise,48,9552,114624,f,f,f,monthly,t,no_change
S-6100a4,A-b30291,2024-10-21,,Pro,47,0,0,t,f,f,annual,t,no_change
S-b099ea,A-ac9111,2024-12-21,,Enterprise,21,4179,50148,f,f,f,monthly,t,no_change
S-dcc084,A-526d93,2024-10-01,,Basic,43,817,9804,f,f,f,monthly,t,no_change
S-165850,A-d5a319,2023-09-25,,Pro,15,735,8820,f,f,f,annual,t,no_change
S-367d84,A-68f37c,2023-12-31,,Pro,11,539,6468,f,f,f,monthly,t,no_change
S-db7c1d,A-4814a3,2024-10-05,,Basic,87,1653,19836,f,f,f,monthly,t,no_change
S-303f63,A-ba6516,2024-04-03,,Basic,27,513,6156,f,f,f,monthly,t,no_change
S-f2b79f,A-65aeb5,2024-05-08,,Pro,9,441,5292,f,f,t,monthly,f,downgrade
S-806d7b,A-cb5333,2024-07-29,,Basic,37,703,8436,f,f,f,annual,t,no_change
S-04fd47,A-0a282f,2024-10-27,,Basic,12,228,2736,f,f,f,annual,t,no_change
S-cc9b9d,A-94f8c9,2024-11-25,,Enterprise,13,2587,31044,f,f,f,annual,t,no_change
S-76bf6c,A-1f559b,2023-12-21,,Pro,5,245,2940,f,f,f,annual,t,no_change
S-46852c,A-58b9ff,2024-09-26,,Enterprise,76,15124,181488,f,f,f,monthly,t,no_change
S-9a0b2f,A-756192,2023-09-17,,Pro,19,0,0,t,t,f,monthly,t,upgrade
S-06447b,A-17939a,2024-12-27,,Pro,1,49,588,f,f,f,annual,t,no_change
S-c6e62c,A-a09355,2024-10-21,,Enterprise,14,2786,33432,f,f,f,annual,t,no_change
S-b5162d,A-202b67,2024-10-09,,Enterprise,29,5771,69252,f,f,f,monthly,t,no_change
S-e98121,A-56962b,2024-12-15,,Enterprise,163,32437,389244,f,f,f,monthly,t,no_change
S-2852dd,A-e51ec7,2024-12-19,,Enterprise,10,1990,23880,f,f,f,monthly,t,no_change
S-128f55,A-751c58,2024-09-16,,Pro,45,2205,26460,f,f,f,annual,t,no_change
S-615487,A-fa3095,2024-05-16,,Basic,70,1330,15960,f,f,f,annual,t,no_change
S-c95ecc,A-bb1eaa,2024-06-30,,Enterprise,21,4179,50148,f,f,f,monthly,t,no_change
S-a2ee32,A-2922b6,2024-12-15,,Basic,15,285,3420,f,f,f,monthly,t,no_change
S-8eab5b,A-2e3bad,2024-01-14,2024-03-01,Pro,61,2989,35868,f,f,f,annual,t,no_change
S-3223a2,A-13466a,2024-09-20,,Basic,9,171,2052,f,f,f,annual,t,no_change
S-b81ed3,A-ee42db,2024-02-10,,Pro,13,0,0,t,f,f,annual,t,no_change
S-d031a4,A-cdf020,2024-10-09,,Pro,44,2156,25872,f,f,f,monthly,t,no_change
S-5a2a05,A-9f9299,2024-04-04,,Basic,28,532,6384,f,f,f,monthly,t,no_change
S-aa3dd4,A-aa9511,2024-09-23,,Enterprise,58,0,0,t,f,f,monthly,t,no_change
S-cfcb11,A-b3fe05,2024-12-20,,Basic,19,0,0,t,f,f,annual,f,no_change
S-a5a9b8,A-94c3cd,2024-09-29,,Basic,45,855,10260,f,f,f,annual,f,no_change
S-b559da,A-e19ff6,2023-08-09,,Basic,8,152,1824,f,f,f,annual,t,no_change
S-43c80c,A-118d55,2024-12-25,,Pro,12,588,7056,f,f,f,annual,t,no_change
S-5d5699,A-1b9609,2024-06-16,,Enterprise,35,6965,83580,f,f,f,annual,t,no_change
S-e44044,A-eb2fdc,2024-12-19,,Basic,31,589,7068,f,f,f,annual,t,no_change
S-83f2e5,A-e1462e,2023-12-01,,Enterprise,29,5771,69252,f,t,f,monthly,t,upgrade
S-ba3fc7,A-dcc2f0,2024-10-25,,Enterprise,15,2985,35820,f,f,f,annual,t,no_change
S-b51d34,A-2d1036,2024-10-13,2024-11-24,Enterprise,69,13731,164772,f,f,f,annual,t,no_change
S-8a3abd,A-6f8ad2,2024-08-23,,Pro,26,1274,15288,f,f,f,annual,t,no_change
S-f677d3,A-dec005,2024-09-22,,Basic,21,399,4788,f,f,f,monthly,t,no_change
S-e7e4bd,A-1f0ac7,2024-02-15,,Enterprise,24,4776,57312,f,f,f,annual,t,no_change
S-1c23d2,A-186a44,2024-11-14,,Pro,20,0,0,t,f,f,monthly,t,no_change
S-22778a,A-328bd0,2024-02-28,,Basic,18,342,4104,f,f,f,monthly,f,no_change
S-c3b622,A-82d8a6,2024-12-29,,Pro,5,0,0,t,t,f,annual,t,upgrade
S-33598f,A-32fb14,2024-11-09,,Enterprise,26,5174,62088,f,f,f,annual,t,no_change
S-32e881,A-029f69,2024-10-10,2024-11-16,Pro,3,0,0,t,f,f,monthly,t,no_change
S-0b054a,A-4e960a,2024-06-01,,Basic,40,760,9120,f,f,f,annual,t,no_change
S-71c55a,A-296d7c,2024-06-08,,Basic,2,38,456,f,f,f,annual,f,no_change
S-269b4a,A-5b1bcd,2024-02-15,,Enterprise,73,14527,174324,f,f,f,monthly,t,no_change
S-93592e,A-202b67,2024-05-18,,Pro,61,2989,35868,f,f,f,monthly,t,no_change
S-bba658,A-e4bf56,2024-12-17,,Basic,17,323,3876,f,f,f,monthly,f,no_change
S-073381,A-2bc93d,2024-09-11,2024-09-27,Basic,14,266,3192,f,f,f,monthly,f,no_change
S-c0820a,A-6a7c9d,2024-12-26,,Pro,26,1274,15288,f,f,f,annual,t,no_change
S-dd73ac,A-39b19f,2024-05-17,,Enterprise,14,2786,33432,f,f,f,monthly,f,no_change
S-e32b16,A-d77f4c,2024-11-20,,Enterprise,29,5771,69252,f,f,f,annual,t,no_change
S-070d42,A-684255,2024-05-23,,Pro,23,1127,13524,f,t,f,annual,t,upgrade
S-396546,A-832ec2,2024-02-02,,Enterprise,19,3781,45372,f,f,f,monthly,f,no_change
S-c22c29,A-692f18,2024-12-15,2024-12-17,Enterprise,28,5572,66864,f,f,f,annual,t,no_change
S-e73cdf,A-b7ef83,2024-11-08,,Enterprise,44,8756,105072,f,f,f,annual,f,no_change
S-1976bb,A-eb2fdc,2024-06-13,,Basic,31,589,7068,f,f,f,monthly,t,no_change
S-3f08d7,A-d792a6,2023-10-13,,Enterprise,4,796,9552,f,f,t,monthly,t,downgrade
S-db6454,A-0f3e88,2024-10-08,,Basic,11,209,2508,f,f,f,monthly,t,no_change
S-6ab430,A-b07b56,2024-11-24,,Pro,25,1225,14700,f,f,f,monthly,t,no_change
S-04d260,A-d82ef9,2024-07-14,,Pro,26,0,0,t,f,f,annual,f,no_change
S-77f7fd,A-425e76,2024-08-06,,Pro,27,1323,15876,f,f,f,monthly,t,no_change
S-456d47,A-7da956,2024-10-08,,Enterprise,13,2587,31044,f,f,f,monthly,t,no_change
S-9780e9,A-dcc2f0,2024-09-02,,Basic,15,0,0,t,f,f,annual,t,no_change
S-e477e9,A-c16101,2024-09-06,,Pro,7,343,4116,f,f,f,monthly,t,no_change
S-020dce,A-10b8da,2024-07-05,,Enterprise,14,2786,33432,f,f,f,monthly,f,no_change
S-ae6295,A-50f3f7,2024-05-06,,Pro,31,1519,18228,f,f,t,annual,t,downgrade
S-067c38,A-3b5cd1,2024-01-03,,Basic,16,304,3648,f,f,f,monthly,t,no_change
S-0aedf8,A-a7bd4b,2024-01-13,,Basic,48,912,10944,f,f,f,monthly,t,no_change
S-8bb388,A-883b7d,2024-08-22,,Enterprise,50,9950,119400,f,f,f,annual,t,no_change
S-e8d48e,A-2edab2,2024-06-19,,Enterprise,17,3383,40596,f,f,f,annual,t,no_change
S-2d63e2,A-4e960a,2024-08-03,,Pro,12,588,7056,f,f,f,monthly,t,no_change
S-4695b8,A-ad64c6,2024-08-15,2024-11-11,Pro,12,588,7056,f,f,f,annual,t,no_change
S-2e84f2,A-ee42db,2024-08-10,,Enterprise,13,2587,31044,f,f,f,annual,t,no_change
S-9de4eb,A-039727,2024-12-06,,Enterprise,25,4975,59700,f,f,f,monthly,t,no_change
S-18565e,A-463db0,2024-12-26,,Enterprise,42,8358,100296,f,f,f,monthly,f,no_change
S-012b26,A-df1e44,2024-10-29,,Enterprise,13,2587,31044,f,f,f,annual,t,no_change
S-7b7e04,A-7f8241,2023-10-12,,Enterprise,34,6766,81192,f,f,f,annual,t,no_change
S-896e2f,A-712426,2024-11-28,,Pro,18,882,10584,f,t,f,annual,t,upgrade
S-f482de,A-cdf020,2024-04-11,,Basic,23,0,0,t,f,f,monthly,t,no_change
S-140813,A-2b9d3e,2023-11-21,,Enterprise,5,995,11940,f,f,f,annual,t,no_change
S-a7524a,A-54ecc2,2024-08-25,,Pro,13,637,7644,f,f,f,monthly,t,no_change
S-2fc028,A-3b37d9,2023-11-13,2024-11-27,Enterprise,23,4577,54924,f,t,f,annual,t,upgrade
S-606747,A-65aeb5,2024-08-04,,Enterprise,9,1791,21492,f,f,f,monthly,t,no_change
S-92a38d,A-779e4e,2024-09-14,,Basic,19,361,4332,f,f,f,monthly,t,no_change
S-c89bff,A-68f37c,2024-02-23,,Basic,12,228,2736,f,f,f,monthly,t,no_change
S-3d5e0c,A-b07b56,2024-11-26,,Basic,25,0,0,t,f,f,monthly,t,no_change
S-2359a2,A-c7ffc2,2024-03-12,,Enterprise,30,5970,71640,f,f,f,annual,f,no_change
S-63c794,A-158f4e,2023-10-11,,Pro,61,2989,35868,f,f,f,annual,t,no_change
S-87ebe6,A-d27f50,2024-10-20,,Enterprise,44,8756,105072,f,f,f,monthly,f,no_change
S-12c163,A-bb3bd4,2024-12-16,,Enterprise,23,0,0,t,f,f,annual,t,no_change
S-684915,A-bd4708,2024-12-05,,Enterprise,37,0,0,t,f,f,annual,t,no_change
S-6b7487,A-e61e98,2024-05-13,,Pro,19,931,11172,f,t,f,annual,t,upgrade
S-911e27,A-4c6f11,2024-07-14,,Basic,35,665,7980,f,f,f,monthly,f,no_change
S-a0a358,A-af0cd2,2023-10-25,,Basic,19,361,4332,f,f,f,annual,t,no_change
S-373490,A-756192,2024-09-28,,Enterprise,19,0,0,t,f,f,monthly,t,no_change
S-94aaef,A-098560,2023-12-10,,Pro,35,1715,20580,f,t,f,annual,f,upgrade
S-ea66df,A-712533,2024-10-01,,Pro,36,1764,21168,f,f,f,monthly,t,no_change
S-2176da,A-cbd1a3,2024-11-26,,Enterprise,18,3582,42984,f,f,f,monthly,t,no_change
S-a64940,A-2922b6,2024-12-23,,Enterprise,35,6965,83580,f,f,f,monthly,t,no_change
S-289702,A-00bed1,2024-09-01,,Enterprise,28,5572,66864,f,f,f,annual,f,no_change
S-30fa6f,A-e1b9cd,2023-03-21,2024-12-04,Pro,40,1960,23520,f,f,f,monthly,t,no_change
S-65bb33,A-157070,2024-08-26,,Enterprise,16,3184,38208,f,f,f,annual,f,no_change
S-5d434f,A-82861f,2024-05-18,,Pro,41,2009,24108,f,f,f,monthly,t,no_change
S-9ea111,A-0354fe,2024-12-10,,Enterprise,34,6766,81192,f,f,f,monthly,f,no_change
S-46526e,A-39ddf4,2024-12-10,,Pro,44,2156,25872,f,f,f,annual,f,no_change
S-f713a1,A-cb5333,2024-07-26,,Basic,33,627,7524,f,f,f,annual,t,no_change
S-5a5338,A-5ed98d,2024-12-21,,Basic,38,0,0,t,f,f,annual,t,no_change
S-a94ec7,A-f92792,2024-09-17,,Basic,18,342,4104,f,f,f,monthly,f,no_change
S-f9e5e9,A-f19409,2024-10-27,,Pro,23,1127,13524,f,f,f,annual,t,no_change
S-8486d2,A-7df7a7,2024-12-28,,Enterprise,30,5970,71640,f,f,f,annual,t,no_change
S-b479cd,A-f17767,2023-07-30,,Pro,9,441,5292,f,f,f,monthly,t,no_change
S-a5d1e3,A-e19ff6,2024-07-01,,Basic,18,342,4104,f,f,f,monthly,t,no_change
S-c1eb68,A-81edc3,2024-11-02,,Basic,32,608,7296,f,t,f,monthly,f,upgrade
S-f429e0,A-b44e3e,2024-02-28,,Enterprise,79,15721,188652,f,t,f,annual,t,upgrade
S-0ed0cb,A-cc102e,2024-12-11,,Pro,13,0,0,t,f,f,monthly,t,no_change
S-0c43c2,A-0f6450,2024-12-30,,Pro,28,1372,16464,f,f,f,monthly,f,no_change
S-73fc8f,A-0dbdc6,2024-10-25,,Enterprise,30,5970,71640,f,f,f,monthly,f,no_change
S-4ad7b1,A-3c1a3f,2024-04-28,,Enterprise,2,398,4776,f,f,t,monthly,t,downgrade
S-909b7f,A-eafc6e,2024-08-16,,Enterprise,27,5373,64476,f,f,f,monthly,t,no_change
S-2de449,A-702032,2024-04-24,,Enterprise,28,5572,66864,f,f,f,annual,t,no_change
S-7bcd95,A-9123ac,2023-10-25,,Basic,9,171,2052,f,f,f,monthly,t,no_change
S-3fb251,A-87aa7b,2024-07-22,,Enterprise,50,0,0,t,t,f,monthly,f,upgrade
S-69a807,A-40de06,2023-10-28,,Pro,28,1372,16464,f,f,f,annual,t,no_change
S-cfaa97,A-c9bb3e,2024-09-13,,Basic,26,494,5928,f,f,f,monthly,t,no_change
S-0e6b77,A-7c5768,2024-11-04,,Basic,50,950,11400,f,f,f,annual,t,no_change
S-224bca,A-3b5cd1,2024-02-27,,Enterprise,18,3582,42984,f,f,f,monthly,f,no_change
S-a68b52,A-e89151,2024-12-17,,Enterprise,44,8756,105072,f,f,f,annual,t,no_change
S-aabbf4,A-54d94a,2024-01-06,,Pro,52,2548,30576,f,t,f,annual,t,upgrade
S-1cefc9,A-10b8f2,2024-12-16,,Pro,48,2352,28224,f,f,f,annual,t,no_change
S-61cc6f,A-d4e0d4,2024-12-14,,Enterprise,117,23283,279396,f,t,f,annual,t,upgrade
S-3b7f8e,A-625d0b,2024-10-07,,Enterprise,9,1791,21492,f,f,f,monthly,t,no_change
S-104ed3,A-855a48,2024-03-02,,Basic,14,266,3192,f,f,f,annual,t,no_change
S-b86304,A-462d45,2024-05-07,,Pro,19,931,11172,f,f,f,annual,t,no_change
S-b192d9,A-ffdfd5,2024-09-09,,Pro,14,0,0,t,t,f,monthly,t,upgrade
S-b156cf,A-625d0b,2024-11-22,,Pro,9,441,5292,f,f,f,annual,t,no_change
S-b859e7,A-ffdfd5,2024-11-24,,Enterprise,4,0,0,t,f,f,annual,t,no_change
S-4c9107,A-9208f0,2023-09-19,,Basic,4,76,912,f,t,f,annual,t,upgrade
S-57e129,A-b11cd0,2024-02-17,,Pro,36,1764,21168,f,f,f,monthly,t,no_change
S-79ab7e,A-956988,2024-12-13,2024-12-22,Enterprise,72,0,0,t,f,f,monthly,f,no_change
S-8f4f5b,A-7f6b86,2023-08-30,,Pro,45,0,0,t,f,f,annual,t,no_change
S-2574a3,A-40de06,2024-10-09,,Enterprise,28,5572,66864,f,f,f,annual,t,no_change
S-f30a79,A-ff3c73,2024-10-20,,Basic,21,399,4788,f,f,f,annual,t,no_change
S-e702a4,A-78f02b,2024-11-26,,Enterprise,18,3582,42984,f,f,f,annual,t,no_change
S-5e0619,A-0b0d6d,2024-12-31,,Pro,6,294,3528,f,f,f,annual,t,no_change
S-4fc5ca,A-712f1c,2024-03-11,,Enterprise,75,14925,179100,f,f,f,annual,t,no_change
S-457217,A-104f1a,2024-12-18,,Pro,24,1176,14112,f,f,f,monthly,t,no_change
S-113e86,A-96bbc6,2024-05-23,,Pro,39,1911,22932,f,t,f,monthly,t,upgrade
S-9f479f,A-d5a319,2023-12-01,,Basic,17,323,3876,f,t,f,monthly,f,upgrade
S-3ec165,A-019782,2023-08-19,2023-11-27,Enterprise,16,3184,38208,f,f,f,annual,t,no_change
S-7fa78f,A-0651a4,2024-12-13,,Enterprise,16,3184,38208,f,f,f,monthly,t,no_change
S-1b4693,A-cd458b,2024-12-23,,Enterprise,15,2985,35820,f,f,f,monthly,t,no_change
S-15c444,A-6965e1,2024-12-07,,Pro,13,637,7644,f,f,t,monthly,t,downgrade
S-d8c6a0,A-af0cd2,2024-10-05,,Basic,57,1083,12996,f,f,f,annual,t,no_change
S-e874c1,A-92a3af,2024-07-24,,Pro,34,1666,19992,f,f,f,monthly,f,no_change
S-80fa36,A-55f257,2024-01-18,,Pro,9,441,5292,f,f,f,monthly,f,no_change
S-5ed335,A-7df7a7,2023-10-17,2024-01-18,Enterprise,13,2587,31044,f,f,f,monthly,t,no_change
S-ec56f3,A-92a333,2024-07-03,,Basic,67,1273,15276,f,f,f,monthly,t,no_change
S-527b39,A-3d957b,2024-08-18,2024-10-28,Enterprise,14,2786,33432,f,f,f,monthly,t,no_change
S-bc5908,A-0354fe,2024-11-15,,Enterprise,34,6766,81192,f,f,f,monthly,t,no_change
S-af4e84,A-798a3f,2023-12-25,,Enterprise,12,2388,28656,f,f,f,annual,f,no_change
S-6ce794,A-45ce7a,2024-02-20,,Basic,18,342,4104,f,t,f,monthly,f,upgrade
S-f17152,A-7f6b86,2024-09-16,,Enterprise,59,11741,140892,f,f,f,annual,t,no_change
S-0a59be,A-328bd0,2023-08-24,,Enterprise,18,3582,42984,f,f,f,monthly,t,no_change
S-6f488b,A-d27f50,2024-12-29,2024-12-29,Basic,44,836,10032,f,f,f,annual,f,no_change
S-094e82,A-9ee962,2024-05-25,2024-09-23,Basic,9,171,2052,f,f,f,monthly,t,no_change
S-1eb467,A-94f8c9,2024-12-31,,Enterprise,13,2587,31044,f,f,f,monthly,t,no_change
S-7f9ce5,A-00bed1,2024-07-20,,Pro,28,1372,16464,f,f,f,monthly,t,no_change
S-69362d,A-a865bd,2024-04-26,,Basic,68,1292,15504,f,f,f,annual,t,no_change
S-36069b,A-940b8b,2024-06-26,,Enterprise,1,199,2388,f,f,f,annual,t,no_change
S-d24841,A-2e4581,2024-11-17,,Pro,9,0,0,t,t,f,annual,t,upgrade
S-cd6bb6,A-dbc825,2024-11-25,,Basic,19,361,4332,f,f,f,annual,t,no_change
S-6a9918,A-92a3af,2024-11-07,,Enterprise,35,6965,83580,f,f,f,annual,f,no_change
S-549438,A-ac9111,2024-07-07,,Pro,23,1127,13524,f,f,f,annual,t,no_change
S-f7cde3,A-82d8a6,2024-12-13,,Pro,42,2058,24696,f,f,f,annual,f,no_change
S-de6767,A-e3bd71,2024-10-19,,Enterprise,31,6169,74028,f,f,f,annual,t,no_change
S-d3d720,A-b7724f,2024-06-20,2024-12-30,Basic,11,209,2508,f,f,f,monthly,t,no_change
S-21b034,A-90a8c8,2024-08-25,,Pro,32,1568,18816,f,f,f,annual,t,no_change
S-9e6f0c,A-c70870,2024-11-11,,Basic,31,589,7068,f,f,f,monthly,t,no_change
S-c1316c,A-855a48,2024-07-30,,Enterprise,60,11940,143280,f,f,f,annual,t,no_change
S-3383a4,A-c37601,2024-12-29,,Pro,12,0,0,t,f,f,annual,t,no_change
S-d27f96,A-a8d89d,2024-11-23,,Enterprise,28,5572,66864,f,f,f,monthly,t,no_change
S-5a75eb,A-503d5a,2024-11-22,,Basic,10,190,2280,f,f,f,monthly,t,no_change
S-fef8bf,A-484819,2024-01-01,,Enterprise,18,3582,42984,f,f,f,annual,t,no_change
S-e2f1fd,A-d27f50,2024-12-02,,Pro,44,0,0,t,f,f,monthly,t,no_change
S-1c406a,A-82861f,2024-07-10,,Enterprise,53,10547,126564,f,f,f,monthly,t,no_change
S-80dc6b,A-b07b56,2024-12-21,,Basic,25,0,0,t,f,f,annual,t,no_change
S-4faeb9,A-98a59a,2024-02-16,,Pro,56,2744,32928,f,t,f,monthly,t,upgrade
S-0e8781,A-34ea2f,2024-09-24,,Enterprise,23,0,0,t,f,f,monthly,f,no_change
S-53a9f7,A-5b1bcd,2024-06-06,,Pro,73,3577,42924,f,f,f,annual,t,no_change
S-b95aac,A-2d1036,2024-12-16,,Pro,69,3381,40572,f,f,f,monthly,f,no_change
S-41a4cb,A-970c97,2024-07-13,,Pro,14,686,8232,f,f,f,annual,t,no_change
S-7a6697,A-b9eed8,2024-05-07,,Pro,12,588,7056,f,f,t,annual,t,downgrade
S-bdf4de,A-6e7827,2024-03-22,,Enterprise,2,398,4776,f,f,f,annual,t,no_change
S-2c617b,A-fda07f,2024-10-28,,Pro,51,0,0,t,f,f,annual,t,no_change
S-a54f87,A-756192,2024-08-11,,Basic,68,1292,15504,f,f,f,annual,t,no_change
S-30c045,A-eb7fac,2024-05-24,,Pro,92,4508,54096,f,f,f,monthly,t,no_change
S-af2d97,A-781cc0,2024-11-01,2024-11-02,Pro,28,1372,16464,f,f,f,monthly,f,no_change
S-bfe8ca,A-22f2df,2024-12-22,,Pro,61,2989,35868,f,f,f,annual,t,no_change
S-91da84,A-6c093d,2024-03-08,2024-09-19,Pro,7,343,4116,f,f,f,annual,t,no_change
S-ba7f2a,A-417d2f,2024-01-24,,Basic,14,266,3192,f,f,f,annual,t,no_change
S-d7ef67,A-558c72,2024-03-07,,Basic,12,228,2736,f,t,f,monthly,f,upgrade
S-ec58ac,A-5a184f,2023-11-30,,Pro,41,2009,24108,f,f,f,annual,t,no_change
S-526874,A-cc8c8f,2024-12-17,,Enterprise,23,4577,54924,f,f,f,annual,t,no_change
S-2fe6c0,A-ac9111,2024-12-21,,Basic,21,399,4788,f,f,f,annual,t,no_change
S-6c7227,A-a33200,2024-12-14,,Pro,51,2499,29988,f,f,f,monthly,t,no_change
S-bbd26a,A-df10db,2024-06-24,,Basic,3,57,684,f,f,f,monthly,t,no_change
S-4ef4fd,A-eb7fac,2024-09-19,,Pro,7,343,4116,f,f,f,annual,t,no_change
S-6b0a2f,A-d49cc5,2024-03-26,,Pro,50,2450,29400,f,f,f,annual,t,no_change
S-7f04ec,A-1b707d,2024-11-08,,Basic,24,456,5472,f,t,f,monthly,t,upgrade
S-b553d7,A-5b1bcd,2024-10-16,,Enterprise,73,14527,174324,f,f,f,annual,t,no_change
S-31d9ee,A-39868b,2024-06-02,,Basic,9,171,2052,f,f,f,annual,t,no_change
S-a8e49e,A-6da850,2024-01-17,,Enterprise,5,995,11940,f,f,f,monthly,t,no_change
S-715ace,A-3c1a3f,2023-12-29,,Pro,1,0,0,t,f,f,annual,t,no_change
S-0a3e58,A-417d2f,2024-12-28,,Pro,33,1617,19404,f,f,f,monthly,t,no_change
S-23ccf4,A-9b9fe9,2024-10-27,,Basic,99,1881,22572,f,f,f,annual,f,no_change
S-fae334,A-d3c88e,2024-12-03,,Pro,31,1519,18228,f,f,f,monthly,f,no_change
S-6e177f,A-3a5ad8,2024-05-17,,Pro,9,441,5292,f,f,f,monthly,t,no_change
S-c18476,A-40906c,2024-09-28,,Pro,92,4508,54096,f,f,f,monthly,t,no_change
S-111683,A-e6afc1,2023-11-16,,Pro,68,3332,39984,f,f,f,monthly,t,no_change
S-5fe3e5,A-9b9fe9,2023-11-28,,Enterprise,5,995,11940,f,f,f,annual,f,no_change
S-5a37dc,A-cab532,2024-05-12,,Pro,11,539,6468,f,t,f,monthly,t,upgrade
S-a09e70,A-58b9ff,2024-10-13,,Basic,22,418,5016,f,t,f,annual,t,upgrade
S-8942cf,A-7dacce,2024-11-21,,Pro,12,588,7056,f,f,f,monthly,t,no_change
S-3c4cae,A-ccb686,2024-10-06,,Pro,29,1421,17052,f,t,f,annual,t,upgrade
S-8464b6,A-3932db,2024-07-24,2024-08-10,Pro,58,0,0,t,f,f,monthly,t,no_change
S-936a83,A-54ecc2,2023-09-13,,Enterprise,34,0,0,t,f,f,monthly,t,no_change
S-ed2bb5,A-e4bf56,2024-11-17,,Enterprise,17,3383,40596,f,f,f,monthly,t,no_change
S-dd220e,A-6da850,2024-06-02,,Enterprise,37,7363,88356,f,f,f,monthly,t,no_change
S-07aba0,A-3b37d9,2023-04-11,,Enterprise,23,4577,54924,f,t,f,annual,t,upgrade
S-04ab7e,A-f6b2fb,2024-07-02,,Pro,23,1127,13524,f,f,f,annual,t,no_change
S-62c088,A-054577,2024-12-09,,Enterprise,85,16915,202980,f,f,f,monthly,t,no_change
S-f71904,A-9a532a,2024-09-28,,Basic,62,0,0,t,f,f,monthly,t,no_change
S-302add,A-712f1c,2024-10-05,,Pro,17,833,9996,f,f,f,annual,t,no_change
S-39b5ce,A-902ef7,2024-12-11,,Enterprise,83,16517,198204,f,f,f,annual,t,no_change
S-15cfa1,A-054577,2024-05-03,,Pro,20,980,11760,f,f,f,annual,t,no_change
S-90229f,A-1f0ac7,2024-07-11,,Pro,24,0,0,t,t,f,monthly,t,upgrade
S-7ac9dd,A-ce550d,2024-11-24,,Pro,35,1715,20580,f,f,f,annual,f,no_change
S-3196e2,A-ee42db,2024-01-15,,Basic,13,0,0,t,f,f,annual,t,no_change
S-51569a,A-e4bf56,2024-12-25,,Enterprise,22,4378,52536,f,f,f,monthly,t,no_change
S-dc86fa,A-72799b,2024-09-02,,Pro,30,0,0,t,f,f,monthly,t,no_change
S-c881bc,A-8b25f2,2024-05-02,2024-07-19,Basic,10,190,2280,f,f,f,monthly,t,no_change
S-25ee09,A-94f8c9,2024-04-11,,Enterprise,13,2587,31044,f,t,f,monthly,t,upgrade
S-5631a9,A-2d1036,2024-07-16,,Enterprise,69,13731,164772,f,f,f,annual,t,no_change
S-ad8908,A-18793f,2024-12-19,,Pro,148,7252,87024,f,f,f,annual,f,no_change
S-ac3a32,A-e08cd3,2024-10-20,,Enterprise,67,13333,159996,f,f,f,monthly,t,no_change
S-b90a53,A-69fad4,2024-02-10,,Basic,11,209,2508,f,f,f,annual,t,no_change
S-4d2bda,A-bbc346,2024-09-27,,Basic,19,0,0,t,t,f,annual,t,upgrade
S-cce34b,A-462d45,2024-03-25,,Pro,18,882,10584,f,f,f,monthly,t,no_change
S-cb3a85,A-1d5444,2024-07-28,,Basic,24,456,5472,f,f,f,annual,t,no_change
S-129cf4,A-82d8a6,2024-12-11,,Pro,16,784,9408,f,t,f,monthly,t,upgrade
S-2c8143,A-9bfc9f,2024-04-25,,Pro,53,0,0,t,f,f,monthly,t,no_change
S-8fd98a,A-f19409,2024-04-08,,Enterprise,40,7960,95520,f,f,f,monthly,t,no_change
S-615915,A-eb7c38,2024-05-24,2024-10-19,Enterprise,90,17910,214920,f,f,f,monthly,t,no_change
S-09cb75,A-c43359,2024-11-29,2024-12-30,Basic,38,722,8664,f,f,f,annual,t,no_change
S-bbcf43,A-b44e3e,2024-07-23,,Pro,40,0,0,t,f,f,monthly,t,no_change
S-ed55d2,A-039727,2024-11-07,,Enterprise,25,4975,59700,f,f,f,annual,t,no_change
S-54ac93,A-ff3c73,2023-10-14,2023-12-10,Enterprise,25,0,0,t,f,f,annual,t,no_change
S-5901a1,A-7dacce,2024-09-10,,Pro,12,0,0,t,f,f,annual,t,no_change
S-931899,A-af0cd2,2023-04-15,,Pro,19,931,11172,f,f,f,annual,t,no_change
S-21d7be,A-e1b9cd,2024-01-09,,Basic,40,760,9120,f,f,f,annual,t,no_change
S-66a625,A-e1b9cd,2024-12-24,,Pro,40,1960,23520,f,f,f,monthly,t,no_change
S-0bf451,A-3f9cc0,2024-06-24,,Enterprise,22,4378,52536,f,t,f,annual,t,upgrade
S-f951ac,A-297a2d,2024-08-29,,Basic,27,513,6156,f,t,f,annual,t,upgrade
S-c2701b,A-50bb9f,2024-12-24,2024-12-24,Pro,36,1764,21168,f,f,f,monthly,f,no_change
S-6cff7d,A-87aa7b,2024-07-18,,Basic,56,1064,12768,f,f,f,monthly,t,no_change
S-2ff628,A-118d55,2024-12-27,,Basic,8,152,1824,f,t,f,monthly,t,upgrade
S-c3ecd8,A-d82ef9,2024-10-30,,Basic,26,494,5928,f,f,f,monthly,f,no_change
S-ede33a,A-202b67,2024-07-07,2024-12-23,Enterprise,11,2189,26268,f,f,f,annual,t,no_change
S-373c6e,A-dfbd31,2024-10-15,,Pro,14,686,8232,f,f,f,monthly,t,no_change
S-c83dfd,A-249769,2024-06-08,,Basic,15,285,3420,f,f,f,monthly,t,no_change
S-215e9c,A-6965e1,2024-12-06,,Pro,18,882,10584,f,f,f,monthly,t,no_change
S-8da449,A-80eeb6,2023-10-22,,Basic,22,418,5016,f,f,f,annual,t,no_change
S-c58ed5,A-9289f6,2024-04-08,,Pro,32,1568,18816,f,f,f,annual,t,no_change
S-4b75c6,A-068fc6,2024-04-13,,Enterprise,35,6965,83580,f,f,f,annual,t,no_change
S-3872fd,A-956988,2024-12-01,,Pro,2,0,0,t,f,f,monthly,f,no_change
S-3f82f4,A-054577,2024-08-26,,Basic,90,1710,20520,f,f,f,monthly,t,no_change
S-7277c8,A-a2485e,2024-11-16,,Basic,28,532,6384,f,f,f,annual,f,no_change
S-827bc4,A-756192,2024-11-29,,Basic,23,437,5244,f,f,f,monthly,f,no_change
S-0efb82,A-94f8c9,2024-04-05,,Pro,13,637,7644,f,f,f,monthly,t,no_change
S-4c9c01,A-eb7c38,2024-09-26,2024-10-10,Basic,23,0,0,t,f,f,annual,t,no_change
S-1f94ad,A-328bd0,2024-07-14,,Enterprise,18,3582,42984,f,f,f,annual,f,no_change
S-6bb2c5,A-84ebe4,2024-11-18,,Enterprise,36,7164,85968,f,f,f,monthly,t,no_change
S-865af3,A-f97b9a,2024-11-07,,Pro,16,0,0,t,f,f,annual,f,no_change
S-f65381,A-118d55,2024-12-02,,Enterprise,16,3184,38208,f,f,f,annual,t,no_change
S-115823,A-9f0b68,2024-10-02,,Enterprise,15,2985,35820,f,f,f,monthly,f,no_change
S-de66c3,A-ff3c73,2024-06-13,,Enterprise,21,0,0,t,f,f,monthly,t,no_change
S-0ac09f,A-7e0a10,2024-03-09,,Enterprise,46,9154,109848,f,f,f,monthly,t,no_change
S-a02981,A-7920cc,2024-02-04,,Basic,39,741,8892,f,t,f,monthly,t,upgrade
S-487d18,A-0354fe,2024-11-03,,Enterprise,34,0,0,t,f,f,annual,t,no_change
S-697d16,A-3932db,2024-12-31,,Enterprise,19,0,0,t,f,f,monthly,t,no_change
S-f8e69c,A-52dd88,2023-10-10,,Pro,23,1127,13524,f,f,f,monthly,t,no_change
S-b279c9,A-50bb9f,2024-12-27,,Pro,54,2646,31752,f,f,f,annual,t,no_change
S-9fc31d,A-a7bd4b,2024-06-02,2024-10-31,Enterprise,5,995,11940,f,f,f,annual,t,no_change
S-3f2b4c,A-855a48,2024-02-27,,Pro,31,1519,18228,f,f,f,annual,t,no_change
S-0459a1,A-8e47ca,2024-04-29,,Enterprise,19,3781,45372,f,f,f,monthly,f,no_change
S-7dd478,A-f5641b,2024-10-13,,Enterprise,31,6169,74028,f,f,f,monthly,f,no_change
S-ab2b5b,A-bbe56f,2023-09-06,,Basic,21,399,4788,f,t,f,monthly,t,upgrade
S-9df4f6,A-9174e0,2024-12-24,,Basic,37,703,8436,f,t,f,monthly,t,upgrade
S-9ce22d,A-726cfa,2024-08-10,,Pro,42,2058,24696,f,f,f,monthly,t,no_change
S-53b07a,A-b07b56,2024-12-08,,Pro,25,1225,14700,f,f,f,annual,t,no_change
S-bf6d7b,A-8b25f2,2024-12-08,,Pro,29,1421,17052,f,f,t,annual,t,downgrade
S-5228d6,A-484819,2024-05-30,2024-08-05,Enterprise,26,5174,62088,f,t,f,annual,f,upgrade
S-4b9d7c,A-378b99,2024-12-05,,Pro,16,784,9408,f,f,t,annual,t,downgrade
S-79bb4c,A-f45426,2024-09-21,2024-11-03,Pro,11,539,6468,f,f,f,annual,f,no_change
S-1bbf0a,A-812c5b,2024-12-02,,Pro,55,0,0,t,f,f,monthly,t,no_change
S-a6820d,A-96bbc6,2024-12-12,,Pro,39,1911,22932,f,f,f,annual,f,no_change
S-7f219a,A-08e34e,2024-09-28,,Pro,14,686,8232,f,f,f,monthly,t,no_change
S-3ca6d2,A-0e966d,2024-11-11,,Basic,35,665,7980,f,f,f,monthly,t,no_change
S-f26ae0,A-92a333,2024-07-04,,Basic,9,171,2052,f,f,f,monthly,t,no_change
S-3bc591,A-1f7acb,2024-06-03,,Basic,64,0,0,t,f,t,annual,f,downgrade
S-a84e2b,A-afa505,2024-08-14,,Pro,70,0,0,t,t,f,monthly,f,upgrade
S-12f05a,A-b9f5b1,2024-06-23,,Basic,15,285,3420,f,f,f,annual,f,no_change
S-3476e2,A-cb6cc6,2024-09-07,,Basic,13,247,2964,f,t,f,monthly,f,upgrade
S-ab0f4c,A-cd458b,2024-12-06,,Basic,25,475,5700,f,f,f,monthly,f,no_change
S-23ae3c,A-186a44,2024-08-03,,Enterprise,24,4776,57312,f,f,f,monthly,t,no_change
S-d2e82c,A-bcf87c,2024-11-09,,Enterprise,16,3184,38208,f,f,f,monthly,t,no_change
S-041534,A-4e0e85,2024-06-06,,Pro,38,1862,22344,f,f,f,monthly,t,no_change
S-2f998d,A-d82ef9,2024-11-14,,Basic,26,494,5928,f,f,f,annual,f,no_change
S-5ffb84,A-fe79a5,2024-04-12,,Enterprise,9,0,0,t,t,f,monthly,t,upgrade
S-ae9ce7,A-cbd1a3,2024-12-09,,Enterprise,12,2388,28656,f,t,f,monthly,t,upgrade
S-a707da,A-67be94,2024-12-18,,Pro,26,1274,15288,f,t,f,monthly,t,upgrade
S-b37d03,A-019782,2023-06-08,,Pro,17,833,9996,f,t,f,annual,t,upgrade
S-4473ec,A-c608c8,2024-10-12,,Pro,21,1029,12348,f,f,f,annual,t,no_change
S-a81bcd,A-09540c,2024-04-11,,Basic,67,1273,15276,f,t,t,annual,f,conflict
S-c4cef7,A-2e4581,2024-10-25,,Pro,13,637,7644,f,f,f,annual,f,no_change
S-2a6c1f,A-22f2df,2024-12-16,,Basic,3,57,684,f,f,f,annual,t,no_change
S-1712e6,A-9b9fe9,2023-12-10,2024-03-01,Pro,5,245,2940,f,f,f,monthly,t,no_change
S-cde950,A-3be56b,2024-12-01,,Basic,20,380,4560,f,f,f,annual,f,no_change
S-ca98c9,A-3be56b,2024-08-23,,Basic,37,703,8436,f,f,f,monthly,t,no_change
S-497d95,A-1d5444,2024-07-15,,Basic,24,456,5472,f,f,f,monthly,t,no_change
S-63d104,A-0e966d,2024-09-03,,Basic,11,209,2508,f,f,f,annual,t,no_change
S-c41762,A-9badbd,2024-12-21,2024-12-30,Enterprise,59,11741,140892,f,f,f,monthly,t,no_change
S-2fd379,A-f19409,2024-06-12,,Basic,28,0,0,t,t,f,annual,t,upgrade
S-11b2c6,A-855a48,2024-06-06,,Basic,14,266,3192,f,f,f,monthly,f,no_change
S-899319,A-560d27,2024-07-23,,Enterprise,57,11343,136116,f,f,f,monthly,t,no_change
S-542c37,A-812c5b,2024-12-27,,Pro,55,2695,32340,f,f,f,monthly,t,no_change
S-cef05a,A-b7b7b7,2024-10-20,,Pro,29,0,0,t,f,f,monthly,t,no_change
S-51f213,A-4e960a,2024-11-24,,Pro,12,588,7056,f,f,f,monthly,t,no_change
S-e4b8fd,A-f446b6,2024-04-25,,Pro,53,2597,31164,f,f,f,monthly,f,no_change
S-7ba2ad,A-692f18,2024-08-05,,Basic,14,266,3192,f,f,f,annual,f,no_change
S-301b73,A-cab532,2024-11-22,,Basic,48,912,10944,f,f,f,annual,t,no_change
S-dee62f,A-524364,2024-12-31,,Basic,12,228,2736,f,f,f,monthly,t,no_change
S-8bc290,A-2d4502,2024-11-02,,Enterprise,30,5970,71640,f,f,f,annual,t,no_change
S-1f8215,A-f17767,2024-12-10,,Pro,15,735,8820,f,f,f,annual,t,no_change
S-12e3ff,A-e43bf7,2023-05-21,,Enterprise,44,8756,105072,f,t,f,monthly,f,upgrade
S-23587d,A-db5e9e,2024-12-28,,Pro,12,588,7056,f,f,f,annual,t,no_change
S-0c5771,A-798a3f,2024-02-24,2024-11-10,Enterprise,12,0,0,t,f,f,annual,t,no_change
S-9d35cf,A-249769,2024-10-12,,Pro,6,294,3528,f,f,f,annual,t,no_change
S-f1cc81,A-7f8241,2023-03-27,,Basic,34,646,7752,f,f,f,annual,t,no_change
S-44046d,A-5a184f,2024-11-06,2024-12-13,Basic,36,684,8208,f,f,f,annual,t,no_change
S-97aa94,A-bb3bd4,2024-06-11,,Basic,23,437,5244,f,f,f,annual,t,no_change
S-2ee940,A-8bde0c,2024-12-12,,Enterprise,12,2388,28656,f,f,f,annual,t,no_change
S-b2c291,A-ced9aa,2024-12-10,,Enterprise,3,597,7164,f,f,f,annual,t,no_change
S-62b4fc,A-c42f1f,2024-12-29,,Basic,8,152,1824,f,f,f,monthly,t,no_change
S-6fa5cd,A-342303,2024-05-03,,Basic,17,323,3876,f,f,f,monthly,t,no_change
S-33e4e2,A-a1b80b,2024-09-19,,Enterprise,16,3184,38208,f,f,t,annual,f,downgrade
S-718f18,A-659280,2024-06-05,,Enterprise,24,4776,57312,f,f,f,monthly,f,no_change
S-95a570,A-56962b,2024-11-20,2024-12-26,Pro,163,0,0,t,f,f,monthly,t,no_change
S-b526e3,A-9c18c4,2024-09-07,,Enterprise,11,2189,26268,f,t,f,annual,t,upgrade
S-0bccd9,A-96bbc6,2024-12-25,,Basic,39,741,8892,f,f,t,monthly,t,downgrade
S-f50b14,A-625d0b,2024-09-25,,Basic,9,0,0,t,f,f,annual,t,no_change
S-0eff34,A-b2225d,2024-08-04,,Pro,47,2303,27636,f,f,f,monthly,f,no_change
S-06fb6f,A-50bb9f,2024-11-05,,Pro,30,1470,17640,f,f,f,annual,t,no_change
S-24323f,A-cb6cc6,2024-03-20,,Pro,13,637,7644,f,f,f,monthly,f,no_change
S-e1e2bf,A-7da956,2024-09-24,2024-11-04,Basic,13,247,2964,f,f,t,annual,t,downgrade
S-dacbda,A-1f559b,2024-07-25,,Pro,18,882,10584,f,f,f,monthly,t,no_change
S-f66b5d,A-039727,2024-12-07,,Enterprise,25,0,0,t,f,f,annual,f,no_change
S-62a6d7,A-6965e1,2024-12-20,,Pro,14,686,8232,f,f,f,monthly,t,no_change
S-c5a146,A-59f724,2024-07-15,,Basic,18,342,4104,f,t,f,annual,t,upgrade
S-3ad334,A-158f4e,2024-11-23,,Enterprise,61,12139,145668,f,f,f,monthly,t,no_change
S-9c1bcb,A-17939a,2024-12-28,,Basic,51,969,11628,f,f,f,monthly,t,no_change
S-3e8909,A-600734,2024-06-08,,Pro,39,1911,22932,f,t,f,annual,f,upgrade
S-6b200f,A-600734,2024-02-17,2024-05-30,Pro,29,1421,17052,f,t,f,annual,t,upgrade
S-ebbda6,A-558c72,2024-10-10,,Pro,15,735,8820,f,f,f,annual,t,no_change
S-c7a771,A-7920cc,2024-07-04,,Pro,39,1911,22932,f,f,f,monthly,t,no_change
S-b8097b,A-ccb686,2024-04-17,,Pro,34,0,0,t,f,f,monthly,f,no_change
S-628842,A-6f8ad2,2024-08-26,,Enterprise,27,5373,64476,f,f,f,annual,t,no_change
S-4690b3,A-068fc6,2024-12-16,2024-12-25,Enterprise,35,6965,83580,f,f,f,monthly,t,no_change
S-8fbabd,A-aa9511,2024-08-21,2024-09-09,Enterprise,25,4975,59700,f,f,f,monthly,t,no_change
S-6bab8f,A-eb7c38,2024-04-11,,Enterprise,13,0,0,t,f,f,annual,f,no_change
S-e4cb85,A-34ea2f,2024-10-21,,Basic,29,551,6612,f,t,f,annual,t,upgrade
S-aeec81,A-e4bf56,2024-12-12,,Pro,19,931,11172,f,f,f,monthly,f,no_change
S-5a3412,A-ccabf0,2024-05-21,,Basic,17,323,3876,f,f,f,annual,f,no_change
S-4904cd,A-dcc3f1,2024-10-13,,Basic,21,399,4788,f,f,f,annual,f,no_change
S-1d4aa3,A-e61e98,2024-06-02,,Basic,19,361,4332,f,f,f,monthly,t,no_change
S-fcc241,A-443b7c,2024-09-25,,Enterprise,70,13930,167160,f,f,f,annual,t,no_change
S-b046ad,A-462d45,2024-09-24,,Basic,61,0,0,t,f,f,monthly,t,no_change
S-0463f5,A-7df7a7,2023-09-16,,Pro,7,343,4116,f,f,f,monthly,t,no_change
S-68a558,A-a1bbb6,2023-04-17,,Pro,21,1029,12348,f,f,f,monthly,t,no_change
S-b420be,A-0e966d,2024-06-30,,Enterprise,23,4577,54924,f,f,f,annual,t,no_change
S-d74733,A-7641d3,2024-05-10,,Pro,12,588,7056,f,f,f,monthly,f,no_change
S-52280f,A-fa2041,2024-07-15,,Enterprise,16,3184,38208,f,f,f,annual,t,no_change
S-0f949d,A-310452,2024-12-29,,Pro,9,441,5292,f,f,f,annual,t,no_change
S-38bf32,A-ed510f,2024-01-24,,Pro,42,2058,24696,f,f,f,annual,t,no_change
S-0c47cb,A-b9eed8,2024-08-27,,Basic,14,266,3192,f,f,f,annual,t,no_change
S-28d64b,A-67be94,2024-04-03,,Basic,26,494,5928,f,f,f,monthly,t,no_change
S-003647,A-e36807,2024-12-23,,Enterprise,9,1791,21492,f,f,f,monthly,t,no_change
S-c0789c,A-7c5768,2024-12-02,,Enterprise,26,0,0,t,f,f,monthly,t,no_change
S-fc3dcb,A-3b5cd1,2024-12-24,,Enterprise,32,6368,76416,f,f,f,annual,t,no_change
S-1ffdd8,A-ef84cf,2024-08-08,,Basic,8,152,1824,f,f,f,monthly,t,no_change
S-e9a159,A-1f0636,2024-06-27,,Enterprise,105,20895,250740,f,f,f,monthly,f,no_change
S-3803ff,A-b3fe05,2024-08-04,,Enterprise,50,9950,119400,f,f,f,monthly,t,no_change
S-aaf30f,A-40906c,2024-11-06,,Pro,92,4508,54096,f,f,f,annual,t,no_change
S-b362a5,A-8145a0,2023-10-17,,Basic,44,836,10032,f,f,f,annual,t,no_change
S-b07043,A-e98302,2024-11-22,,Basic,16,304,3648,f,f,f,annual,t,no_change
S-140d3a,A-ff3c73,2023-06-26,,Basic,21,399,4788,f,f,f,annual,t,no_change
S-2eb247,A-8145a0,2024-02-01,2024-06-09,Enterprise,25,4975,59700,f,f,f,monthly,t,no_change
S-ef7534,A-ffdfd5,2024-12-20,2024-12-31,Pro,3,147,1764,f,f,f,monthly,t,no_change
S-b204c4,A-68f37c,2024-02-20,,Enterprise,9,1791,21492,f,f,f,annual,f,no_change
S-c787e2,A-d5a319,2024-11-05,,Enterprise,45,8955,107460,f,f,f,annual,t,no_change
S-e60430,A-86902e,2023-12-26,,Enterprise,61,12139,145668,f,t,f,annual,f,upgrade
S-92afb8,A-9174e0,2024-12-28,,Enterprise,37,7363,88356,f,t,f,annual,t,upgrade
S-0b7eba,A-7f4db3,2023-03-11,,Enterprise,8,1592,19104,f,f,f,monthly,f,no_change
S-a113a2,A-d4ac0e,2024-10-20,,Enterprise,18,3582,42984,f,f,f,monthly,t,no_change
S-624857,A-69b156,2023-12-27,,Enterprise,7,1393,16716,f,f,f,monthly,t,no_change
S-b95c5c,A-20736a,2024-10-13,,Enterprise,64,12736,152832,f,f,f,monthly,t,no_change
S-6bd42d,A-5247b3,2024-06-19,,Basic,16,304,3648,f,f,f,monthly,t,no_change
S-45ab1a,A-1d5444,2024-04-19,,Basic,24,456,5472,f,f,f,annual,t,no_change
S-7fc49b,A-50bb9f,2024-08-11,,Pro,7,343,4116,f,t,f,monthly,t,upgrade
S-06b9f0,A-c37601,2024-12-30,,Pro,8,0,0,t,f,f,annual,t,no_change
S-3b43b5,A-7920cc,2024-06-18,,Pro,39,1911,22932,f,f,f,annual,t,no_change
S-78554e,A-2922b6,2024-12-05,,Basic,51,969,11628,f,f,f,monthly,t,no_change
S-f83811,A-f97b9a,2024-07-06,,Basic,16,304,3648,f,f,f,annual,t,no_change
S-3d0e64,A-cbbe12,2023-12-05,,Pro,40,0,0,t,f,f,monthly,t,no_change
S-0f15b7,A-3a5ad8,2024-04-16,,Pro,9,441,5292,f,f,f,monthly,t,no_change
S-24ecbf,A-92a333,2024-03-17,,Enterprise,9,1791,21492,f,f,f,monthly,t,no_change
S-03906f,A-c1e51e,2024-11-28,,Basic,25,475,5700,f,f,f,annual,t,no_change
S-a4d69d,A-592832,2024-12-11,,Basic,18,342,4104,f,f,f,monthly,t,no_change
S-9a8646,A-098560,2024-04-29,,Basic,10,190,2280,f,f,f,monthly,t,no_change
S-3d7bed,A-2e4581,2024-12-22,,Basic,44,836,10032,f,f,f,monthly,t,no_change
S-a9a707,A-71615e,2024-08-24,,Pro,51,2499,29988,f,t,f,monthly,f,upgrade
S-1eba7d,A-4e0e85,2024-12-14,,Enterprise,39,0,0,t,t,f,annual,t,upgrade
S-7863b1,A-b11cd0,2023-04-01,,Basic,26,0,0,t,f,f,monthly,t,no_change
S-8d3495,A-cbd1a3,2024-12-26,,Basic,37,703,8436,f,t,f,monthly,t,upgrade
S-509e88,A-781cc0,2024-10-18,,Basic,21,399,4788,f,f,f,monthly,t,no_change
S-35ff9e,A-ffc04f,2024-09-09,,Enterprise,19,3781,45372,f,f,f,monthly,f,no_change
S-c84ce4,A-bc87bc,2024-11-06,,Enterprise,22,4378,52536,f,f,f,monthly,t,no_change
S-75c438,A-92a3af,2024-08-14,,Pro,34,1666,19992,f,f,f,monthly,t,no_change
S-ccd045,A-96215d,2024-08-17,,Enterprise,10,1990,23880,f,f,f,monthly,t,no_change
S-28e7bf,A-5a92e7,2024-08-29,,Pro,27,1323,15876,f,f,f,monthly,t,no_change
S-656302,A-e60f9d,2024-10-11,,Enterprise,29,5771,69252,f,f,f,monthly,t,no_change
S-c5cee8,A-31ab9a,2024-04-23,,Pro,73,3577,42924,f,f,f,monthly,t,no_change
S-d6aefa,A-65c341,2024-03-14,,Enterprise,84,16716,200592,f,f,f,annual,t,no_change
S-354f6f,A-c58f49,2024-11-24,,Enterprise,70,13930,167160,f,f,f,annual,t,no_change
S-14f39f,A-9affe6,2024-06-22,2024-12-10,Basic,19,361,4332,f,f,f,monthly,t,no_change
S-c7667c,A-c1e51e,2024-11-02,,Pro,10,490,5880,f,f,f,monthly,t,no_change
S-85f2ab,A-180abf,2024-12-17,,Pro,64,3136,37632,f,f,f,monthly,t,no_change
S-2d2a88,A-bbe56f,2024-04-04,,Basic,21,0,0,t,f,f,annual,t,no_change
S-58d17c,A-396e5f,2024-12-02,,Enterprise,2,398,4776,f,f,f,monthly,t,no_change
S-941e0f,A-1e6fc3,2024-08-28,,Basic,11,0,0,t,f,f,annual,t,no_change
S-f0c3f6,A-6f50ae,2024-06-16,,Enterprise,50,9950,119400,f,f,f,annual,t,no_change
S-00837c,A-089363,2024-11-15,2024-11-27,Enterprise,43,8557,102684,f,f,f,annual,f,no_change
S-904886,A-e36807,2024-06-20,2024-08-09,Pro,38,1862,22344,f,f,f,annual,f,no_change
S-d0bb87,A-5f7781,2024-12-07,,Pro,22,1078,12936,f,f,f,annual,t,no_change
S-9ae8de,A-779e4e,2023-03-27,,Pro,21,1029,12348,f,t,t,monthly,t,conflict
S-f971ab,A-4bfa33,2024-12-10,,Pro,13,637,7644,f,f,f,annual,t,no_change
S-ae4bb3,A-89ee83,2024-11-22,,Pro,74,3626,43512,f,t,f,annual,t,upgrade
S-b8ca59,A-80eeb6,2024-02-27,,Enterprise,22,4378,52536,f,f,f,monthly,t,no_change
S-3ae7af,A-902ef7,2024-12-18,,Basic,83,0,0,t,f,f,monthly,t,no_change
S-ed2593,A-e1b9cd,2023-05-28,,Pro,100,4900,58800,f,f,t,monthly,f,downgrade
S-ac4799,A-86fc1d,2024-10-14,2024-10-20,Enterprise,26,0,0,t,t,f,monthly,t,upgrade
S-2b35cc,A-9f2731,2024-11-11,,Pro,13,637,7644,f,f,t,monthly,t,downgrade
S-9f59fd,A-158f4e,2024-09-03,,Basic,61,1159,13908,f,f,f,annual,f,no_change
S-19cb09,A-d42431,2024-10-17,,Enterprise,22,4378,52536,f,f,f,monthly,t,no_change
S-909612,A-151c9a,2024-02-10,,Enterprise,23,4577,54924,f,f,f,monthly,t,no_change
S-01fa46,A-6f50ae,2024-01-08,,Basic,19,361,4332,f,f,f,annual,f,no_change
S-45c47e,A-d792a6,2023-08-01,,Basic,21,399,4788,f,f,f,annual,t,no_change
S-a50803,A-a45270,2024-12-23,,Basic,66,0,0,t,f,f,annual,t,no_change
S-4984e3,A-f19409,2024-10-20,,Enterprise,23,4577,54924,f,f,f,monthly,t,no_change
S-1f93cd,A-30b4ca,2024-08-25,,Basic,86,1634,19608,f,f,f,monthly,t,no_change
S-6cf058,A-4a4c2d,2024-02-23,,Basic,54,0,0,t,f,f,monthly,t,no_change
S-cd6d68,A-4814a3,2024-12-30,,Pro,87,4263,51156,f,f,f,monthly,t,no_change
S-041553,A-c608c8,2023-12-16,,Pro,11,539,6468,f,f,f,annual,t,no_change
S-3ea19d,A-4e44e8,2024-09-28,,Basic,10,0,0,t,f,f,monthly,t,no_change
S-f62f59,A-96215d,2024-10-13,,Pro,21,1029,12348,f,f,f,annual,t,no_change
S-c99814,A-9289f6,2024-03-05,,Pro,81,3969,47628,f,f,f,monthly,t,no_change
S-23ba41,A-de58ca,2024-06-09,,Pro,15,735,8820,f,f,f,annual,t,no_change
S-3981c7,A-c16b88,2024-03-08,,Pro,27,0,0,t,f,f,annual,t,no_change
S-6d507b,A-ffc04f,2024-06-08,,Enterprise,13,2587,31044,f,f,f,annual,t,no_change
S-1d3af2,A-c42f1f,2024-11-19,,Basic,8,152,1824,f,t,f,monthly,t,upgrade
S-f53776,A-f446b6,2023-09-06,,Basic,12,228,2736,f,f,f,monthly,t,no_change
S-e05ab8,A-0158bb,2024-12-10,,Pro,21,1029,12348,f,f,f,monthly,t,no_change
S-da0b9b,A-3a7284,2024-12-21,2024-12-23,Pro,33,1617,19404,f,f,f,annual,t,no_change
S-131064,A-9f0b68,2024-10-19,,Enterprise,34,6766,81192,f,f,f,annual,t,no_change
S-541d7a,A-4f18f0,2024-09-05,2024-10-11,Pro,24,0,0,t,f,f,annual,f,no_change
S-2ddb46,A-4c38bc,2024-05-09,,Pro,36,1764,21168,f,f,f,monthly,t,no_change
S-16cf6a,A-d792a6,2023-04-21,,Enterprise,12,2388,28656,f,f,f,annual,t,no_change
S-0a01c5,A-e888d1,2023-08-05,,Enterprise,16,3184,38208,f,f,f,monthly,f,no_change
S-ba8f61,A-e693b6,2024-09-26,,Basic,55,1045,12540,f,f,f,monthly,t,no_change
S-0ed7be,A-95b24a,2023-07-14,,Pro,47,2303,27636,f,f,f,monthly,f,no_change
S-c985c4,A-7f8241,2023-05-22,,Basic,34,646,7752,f,f,f,annual,f,no_change
S-894692,A-c62e55,2024-02-22,,Pro,17,833,9996,f,f,f,monthly,t,no_change
S-2cec4e,A-76fa4d,2024-11-26,,Enterprise,69,13731,164772,f,f,f,monthly,t,no_change
S-aede24,A-751c58,2024-09-09,,Enterprise,15,2985,35820,f,t,f,annual,t,upgrade
S-d0af44,A-4e44e8,2024-08-23,,Basic,20,380,4560,f,t,f,annual,f,upgrade
S-3e0c7b,A-cc1d8d,2024-12-16,,Basic,84,1596,19152,f,f,f,annual,t,no_change
S-3d0aa6,A-81edc3,2024-02-09,,Enterprise,7,0,0,t,f,f,monthly,t,no_change
S-0639f1,A-3be56b,2024-05-07,,Basic,25,0,0,t,f,f,annual,t,no_change
S-907e70,A-993085,2023-08-05,,Basic,31,589,7068,f,f,f,monthly,t,no_change
S-227856,A-310452,2024-12-26,,Pro,9,441,5292,f,f,f,annual,t,no_change
S-4af421,A-6c093d,2024-07-08,,Basic,27,513,6156,f,f,f,monthly,f,no_change
S-f4dbc7,A-65c341,2024-09-21,,Pro,11,539,6468,f,f,f,monthly,t,no_change
S-526a2c,A-9174e0,2024-12-21,,Pro,37,1813,21756,f,f,f,monthly,t,no_change
S-aa5012,A-6f8ad2,2024-12-31,,Basic,41,779,9348,f,f,f,annual,f,no_change
S-551502,A-bb1486,2024-12-09,,Basic,41,779,9348,f,f,f,monthly,f,no_change
S-007e2c,A-cb5333,2024-09-06,,Pro,33,1617,19404,f,f,f,monthly,f,no_change
S-3e0991,A-9174e0,2024-12-07,2024-12-14,Enterprise,37,7363,88356,f,f,f,monthly,f,no_change
S-fe0bc0,A-692f18,2024-03-29,,Enterprise,29,5771,69252,f,f,f,monthly,t,no_change
S-ed76ff,A-1e1b80,2024-03-28,,Enterprise,50,9950,119400,f,f,f,monthly,t,no_change
S-c8d680,A-558c72,2024-01-16,2024-02-03,Enterprise,12,2388,28656,f,f,f,monthly,t,no_change
S-8b1b5a,A-592832,2024-12-17,,Pro,18,882,10584,f,f,f,annual,t,no_change
S-c0d979,A-3932db,2024-09-19,,Enterprise,19,0,0,t,f,f,annual,t,no_change
S-a8ae52,A-fda07f,2024-10-10,,Enterprise,26,0,0,t,f,t,annual,f,downgrade
S-05aaef,A-883b7d,2024-08-03,,Pro,22,0,0,t,f,f,annual,t,no_change
S-a14d4b,A-8b0451,2024-10-05,,Pro,43,2107,25284,f,f,f,annual,f,no_change
S-f97537,A-0aaf6e,2024-06-16,,Pro,37,1813,21756,f,f,f,monthly,f,no_change
S-d6dc7a,A-0e966d,2024-10-02,,Pro,11,539,6468,f,f,f,monthly,f,no_change
S-ca6962,A-22d9d2,2024-04-01,2024-09-01,Pro,58,2842,34104,f,t,f,monthly,t,upgrade
S-1f4c01,A-c42f1f,2024-11-22,,Pro,12,588,7056,f,f,f,monthly,f,no_change
S-d6f7cd,A-bd4513,2024-11-14,,Enterprise,50,9950,119400,f,f,f,annual,t,no_change
S-c847dc,A-22f2df,2024-12-26,,Pro,6,0,0,t,f,f,annual,f,no_change
S-dbe1b3,A-40906c,2024-11-13,,Pro,92,4508,54096,f,f,f,annual,t,no_change
S-26593b,A-328bd0,2024-05-22,,Pro,37,1813,21756,f,t,f,annual,t,upgrade
S-7d66fb,A-bb3bd4,2024-08-18,,Basic,23,437,5244,f,f,f,monthly,t,no_change
S-4206eb,A-7df7a7,2023-09-07,,Enterprise,13,2587,31044,f,f,f,monthly,t,no_change
S-b998a9,A-fce879,2024-10-18,,Enterprise,10,1990,23880,f,f,f,annual,t,no_change
S-040f03,A-31ab9a,2024-10-26,,Enterprise,14,2786,33432,f,f,f,annual,t,no_change
S-440dde,A-8e47ca,2024-07-21,,Basic,19,361,4332,f,f,f,annual,t,no_change
S-9a85ab,A-a8b49c,2024-06-02,,Basic,30,570,6840,f,f,f,annual,t,no_change
S-778c7e,A-544d0a,2024-12-19,,Enterprise,2,398,4776,f,t,f,annual,f,upgrade
S-138c41,A-00cac8,2023-12-26,,Basic,19,361,4332,f,f,f,annual,t,no_change
S-109e0c,A-f51f16,2024-03-14,,Enterprise,10,1990,23880,f,t,f,annual,t,upgrade
S-8e5be7,A-5ed98d,2024-11-01,,Pro,24,1176,14112,f,f,f,monthly,t,no_change
S-497428,A-cc8c8f,2024-10-07,,Basic,23,437,5244,f,f,f,monthly,t,no_change
S-846d41,A-1986ca,2024-09-02,,Enterprise,28,5572,66864,f,f,f,monthly,t,no_change
S-9def16,A-c16101,2024-12-10,,Enterprise,22,4378,52536,f,f,f,monthly,t,no_change
S-807f28,A-86fc1d,2024-11-05,,Enterprise,26,5174,62088,f,f,f,monthly,f,no_change
S-056775,A-ee42db,2024-06-19,,Pro,115,5635,67620,f,t,f,annual,t,upgrade
S-39c024,A-7df7a7,2023-06-10,,Pro,29,0,0,t,f,f,annual,t,no_change
S-9e450b,A-89ee83,2024-12-21,2024-12-31,Enterprise,23,4577,54924,f,f,f,monthly,t,no_change
S-e66964,A-e6afc1,2023-06-03,,Basic,51,969,11628,f,f,f,monthly,f,no_change
S-5a500d,A-592832,2024-09-26,,Basic,30,0,0,t,f,f,annual,t,no_change
S-62fe77,A-34ea2f,2024-09-07,,Pro,23,1127,13524,f,f,f,annual,t,no_change
S-3eb9c8,A-69fad4,2023-09-07,2024-02-11,Basic,35,665,7980,f,f,f,monthly,t,no_change
S-6fa3a3,A-139c3b,2024-12-30,,Pro,10,490,5880,f,f,f,annual,t,no_change
S-8e5d9f,A-922109,2024-07-17,,Enterprise,41,8159,97908,f,f,f,monthly,t,no_change
S-012ab9,A-b78bf8,2024-12-04,,Basic,33,627,7524,f,f,f,monthly,t,no_change
S-b12284,A-0158bb,2024-06-29,,Basic,9,171,2052,f,f,f,annual,f,no_change
S-ae355b,A-378b99,2024-11-08,,Enterprise,9,1791,21492,f,f,f,annual,t,no_change
S-90432a,A-fe79a5,2024-12-04,2024-12-24,Enterprise,9,1791,21492,f,f,f,annual,f,no_change
S-e04d93,A-5a215a,2024-05-27,2024-12-30,Enterprise,87,17313,207756,f,f,f,monthly,t,no_change
S-0f569f,A-781cc0,2024-09-18,,Enterprise,12,2388,28656,f,f,f,monthly,t,no_change
S-6d6bde,A-068fc6,2024-10-14,,Basic,35,665,7980,f,f,f,monthly,t,no_change
S-0cbce0,A-5b4ebb,2024-10-15,,Pro,26,1274,15288,f,t,f,annual,t,upgrade
S-93cf65,A-ff3c73,2023-07-19,,Basic,21,0,0,t,f,f,annual,t,no_change
S-c3aa52,A-19b2c8,2024-08-30,,Enterprise,20,0,0,t,t,f,monthly,f,upgrade
S-68dca1,A-4ae22a,2024-12-23,,Basic,28,532,6384,f,f,f,annual,t,no_change
S-a97ab5,A-e1b9cd,2024-09-28,,Pro,40,0,0,t,f,f,annual,f,no_change
S-c68e80,A-2bc93d,2024-03-26,,Basic,95,1805,21660,f,f,f,monthly,t,no_change
S-0c9fdd,A-5b4ebb,2024-12-16,,Pro,30,1470,17640,f,f,f,annual,t,no_change
S-d64a4e,A-cc98bc,2023-10-24,,Basic,32,608,7296,f,f,f,monthly,t,no_change
S-efcb1e,A-118f1c,2024-12-10,,Pro,32,0,0,t,f,f,annual,t,no_change
S-3909f9,A-d4ac0e,2024-06-01,,Pro,18,882,10584,f,f,f,annual,f,no_change
S-ab476e,A-7dacce,2024-11-28,,Enterprise,67,13333,159996,f,f,f,annual,t,no_change
S-f5fcc9,A-40a557,2024-06-06,,Pro,16,784,9408,f,f,f,monthly,t,no_change
S-804a70,A-4ef964,2024-07-28,,Enterprise,17,3383,40596,f,f,f,monthly,t,no_change
S-834a48,A-86cdb4,2024-11-01,,Basic,4,0,0,t,f,f,monthly,t,no_change
S-f6f308,A-3793ee,2023-11-20,,Enterprise,49,0,0,t,t,f,annual,t,upgrade
S-06fb77,A-96e141,2024-03-28,,Pro,22,1078,12936,f,f,f,annual,t,no_change
S-5df64f,A-684255,2024-08-31,,Enterprise,14,2786,33432,f,f,f,annual,t,no_change
S-cf12f4,A-4814a3,2024-09-27,,Pro,87,4263,51156,f,t,f,monthly,t,upgrade
S-ee30bb,A-526d93,2024-04-19,,Enterprise,43,8557,102684,f,t,f,monthly,f,upgrade
S-ff93b5,A-ba6516,2024-05-10,,Basic,27,0,0,t,f,f,annual,t,no_change
S-2db458,A-53f4e3,2024-09-21,,Basic,22,418,5016,f,f,f,annual,t,no_change
S-e505f2,A-bb2f49,2024-06-15,,Pro,35,1715,20580,f,f,f,annual,t,no_change
S-fcbe5a,A-e19ff6,2024-10-04,,Pro,40,1960,23520,f,t,f,annual,t,upgrade
S-d49a8f,A-f92792,2024-09-30,,Enterprise,24,4776,57312,f,f,f,annual,t,no_change
S-b120fb,A-f51f16,2024-04-01,2024-08-23,Pro,1,49,588,f,f,f,annual,f,no_change
S-6c7bd8,A-7f8241,2024-06-16,,Enterprise,36,7164,85968,f,f,f,monthly,t,no_change
S-ca321d,A-7920cc,2024-10-29,,Pro,39,1911,22932,f,f,f,monthly,t,no_change
S-7cd9fa,A-d40bf7,2024-12-29,,Basic,59,1121,13452,f,f,f,monthly,t,no_change
S-2a53d5,A-5a184f,2023-09-03,,Basic,74,1406,16872,f,f,f,annual,t,no_change
S-101324,A-8145a0,2023-09-29,,Enterprise,24,4776,57312,f,f,f,monthly,t,no_change
S-307a21,A-940b8b,2024-05-02,,Basic,56,1064,12768,f,f,f,monthly,f,no_change
S-f30081,A-cb5333,2024-04-01,,Enterprise,33,6567,78804,f,f,f,annual,t,no_change
S-d3e724,A-dec005,2024-08-24,,Basic,26,494,5928,f,f,f,monthly,t,no_change
S-713e06,A-4e631b,2024-11-06,,Enterprise,26,5174,62088,f,f,f,annual,t,no_change
S-e977e4,A-80eeb6,2023-08-25,,Enterprise,22,4378,52536,f,t,f,monthly,t,upgrade
S-9464f8,A-eb7fac,2024-10-22,,Basic,26,494,5928,f,f,f,monthly,t,no_change
S-3473af,A-d77f4c,2024-10-10,,Basic,8,152,1824,f,t,f,monthly,t,upgrade
S-2565f0,A-6a4e2d,2023-07-09,,Basic,54,1026,12312,f,f,f,annual,f,no_change
S-769f70,A-016043,2024-09-28,,Basic,13,247,2964,f,f,f,monthly,t,no_change
S-d48577,A-7cfe77,2024-07-30,,Pro,69,3381,40572,f,f,t,annual,t,downgrade
S-703faf,A-b7724f,2024-09-20,2024-11-19,Basic,10,190,2280,f,f,f,monthly,f,no_change
S-a3dc1e,A-5c9849,2024-12-04,,Enterprise,19,0,0,t,t,f,monthly,t,upgrade
S-ac1f01,A-e693b6,2024-03-14,,Enterprise,55,10945,131340,f,f,f,monthly,t,no_change
S-e6ce29,A-76fa4d,2024-12-05,,Enterprise,69,13731,164772,f,f,f,monthly,f,no_change
S-00866d,A-05f0e5,2023-10-31,,Basic,32,608,7296,f,f,f,annual,t,no_change
S-b7c825,A-9174e0,2024-12-21,,Enterprise,68,0,0,t,f,f,monthly,f,no_change
S-22c99d,A-5a215a,2024-03-08,,Enterprise,87,0,0,t,f,f,monthly,t,no_change
S-329db8,A-8b25f2,2024-05-22,,Pro,12,588,7056,f,f,f,monthly,t,no_change
S-5fe191,A-c43359,2024-12-11,,Enterprise,38,7562,90744,f,t,f,annual,t,upgrade
S-c19e74,A-ffc04f,2024-09-19,,Enterprise,13,0,0,t,f,f,annual,t,no_change
S-0e526f,A-e83938,2024-06-26,,Pro,5,245,2940,f,f,f,annual,t,no_change
S-beff12,A-f44180,2023-10-17,,Enterprise,9,1791,21492,f,f,f,monthly,t,no_change
S-f9b4d8,A-6843f2,2024-12-31,,Pro,21,1029,12348,f,f,f,annual,t,no_change
S-d76bd0,A-7f29a7,2024-10-08,2024-10-15,Basic,41,779,9348,f,f,f,monthly,f,no_change
S-edf4e0,A-dbc825,2024-07-01,,Enterprise,22,4378,52536,f,f,f,monthly,t,no_change
S-326691,A-e40f45,2024-11-24,2024-12-22,Basic,21,399,4788,f,f,f,monthly,f,no_change
S-e7a190,A-0a62f5,2024-12-06,,Basic,22,418,5016,f,f,f,annual,t,no_change
S-f73a84,A-2edab2,2024-12-15,,Pro,17,833,9996,f,f,f,monthly,t,no_change
S-ba67a5,A-fce879,2024-10-27,,Enterprise,19,3781,45372,f,f,f,annual,t,no_change
S-5272ff,A-fda07f,2024-11-10,,Enterprise,69,13731,164772,f,f,f,annual,t,no_change
S-d407d0,A-b9eed8,2024-11-04,,Pro,11,539,6468,f,f,f,annual,t,no_change
S-54d8cf,A-2f6a32,2024-10-13,,Basic,19,361,4332,f,f,f,monthly,t,no_change
S-bdf7c2,A-c42f1f,2024-10-26,2024-12-24,Pro,11,539,6468,f,f,t,annual,t,downgrade
S-e9257d,A-5b1bcd,2024-12-31,,Pro,73,3577,42924,f,t,f,annual,f,upgrade
S-c15f06,A-82d8a6,2024-12-27,,Pro,33,1617,19404,f,t,t,monthly,t,conflict
S-fbc35d,A-a8b49c,2024-10-17,,Pro,7,343,4116,f,f,f,annual,t,no_change
S-78c894,A-d792a6,2023-02-17,,Basic,4,76,912,f,t,f,annual,t,upgrade
S-2ee2e1,A-692f18,2024-06-12,,Pro,50,2450,29400,f,t,f,annual,f,upgrade
S-5677fb,A-e5d6ab,2024-07-02,,Enterprise,13,2587,31044,f,f,f,monthly,f,no_change
S-3c9a70,A-ee42db,2024-12-22,,Basic,30,570,6840,f,f,f,monthly,t,no_change
S-036362,A-c37601,2024-11-01,,Pro,12,588,7056,f,f,f,annual,t,no_change
S-18b1f9,A-02cd81,2024-08-13,,Pro,44,2156,25872,f,f,f,monthly,t,no_change
S-31afc4,A-d40bf7,2024-12-09,,Pro,59,2891,34692,f,f,f,monthly,f,no_change
S-6ea0ad,A-712426,2024-12-15,,Pro,13,637,7644,f,t,f,monthly,t,upgrade
S-c25d2f,A-fabe19,2024-12-12,2024-12-27,Enterprise,32,6368,76416,f,f,f,annual,t,no_change
S-444f22,A-8ed5dd,2023-12-09,,Pro,46,2254,27048,f,t,f,monthly,t,upgrade
S-f3ff07,A-158f4e,2023-06-19,2024-05-15,Basic,61,1159,13908,f,f,f,annual,f,no_change
S-154119,A-3d957b,2024-08-30,,Basic,73,1387,16644,f,f,f,monthly,t,no_change
S-62fa42,A-bb1486,2024-12-06,2024-12-19,Basic,41,779,9348,f,f,t,annual,f,downgrade
S-97a57b,A-a0ca4e,2024-08-12,,Enterprise,26,5174,62088,f,f,f,monthly,t,no_change
S-7c2997,A-c1e51e,2024-12-21,2024-12-31,Pro,32,1568,18816,f,f,f,annual,t,no_change
S-9122a4,A-883b7d,2024-05-29,,Enterprise,25,4975,59700,f,f,f,monthly,t,no_change
S-f9f7af,A-20736a,2024-08-07,,Pro,50,2450,29400,f,f,f,annual,t,no_change
S-f6edd4,A-5a92e7,2024-12-04,2024-12-15,Basic,11,209,2508,f,f,f,annual,f,no_change
S-bbe998,A-08e34e,2024-07-01,,Pro,14,686,8232,f,f,f,annual,t,no_change
S-02508a,A-05d3b3,2024-02-04,,Basic,28,532,6384,f,f,f,annual,t,no_change
S-7e44b0,A-a33200,2024-10-14,,Pro,29,1421,17052,f,f,f,annual,f,no_change
S-028f5b,A-80eeb6,2024-02-20,2024-08-12,Enterprise,26,5174,62088,f,f,f,annual,t,no_change
S-d26ee3,A-1f559b,2023-12-12,2024-05-24,Basic,16,304,3648,f,f,f,monthly,t,no_change
S-a1901c,A-5c9849,2024-12-10,,Enterprise,19,3781,45372,f,f,f,monthly,f,no_change
S-c96d86,A-1e1b80,2024-11-04,,Basic,50,950,11400,f,t,f,annual,t,upgrade
S-ea8479,A-bcf87c,2024-10-25,,Basic,17,323,3876,f,f,t,annual,f,downgrade
S-7eb81c,A-474ad4,2024-01-15,,Pro,8,392,4704,f,f,f,monthly,f,no_change
S-8d4b81,A-2b9d3e,2024-04-28,,Basic,1,19,228,f,f,f,annual,f,no_change
S-9e5075,A-81edc3,2024-09-02,,Enterprise,44,8756,105072,f,f,f,annual,t,no_change
S-6bdda7,A-bad8c1,2024-06-03,,Pro,37,1813,21756,f,f,f,monthly,t,no_change
S-2c52b6,A-016043,2024-10-09,,Enterprise,14,2786,33432,f,f,f,monthly,f,no_change
S-9c09cb,A-702032,2024-12-10,,Basic,28,532,6384,f,f,f,annual,t,no_change
S-3829dc,A-1ac5e0,2024-11-17,,Enterprise,33,6567,78804,f,f,f,monthly,t,no_change
S-d238c2,A-71615e,2024-08-17,,Enterprise,55,10945,131340,f,f,f,annual,t,no_change
S-885bd4,A-8bde0c,2024-11-13,,Pro,12,588,7056,f,f,f,annual,t,no_change
S-700923,A-bcf664,2024-04-04,,Enterprise,13,2587,31044,f,f,f,monthly,t,no_change
S-d538f6,A-d535f6,2024-12-15,,Enterprise,12,0,0,t,f,t,monthly,t,downgrade
S-5ca0fe,A-d3c88e,2024-11-02,,Pro,16,784,9408,f,f,f,monthly,f,no_change
S-83dc0a,A-f44180,2023-08-31,,Enterprise,9,1791,21492,f,f,f,annual,t,no_change
S-39a8f1,A-52dd88,2024-03-12,,Pro,23,1127,13524,f,f,f,monthly,f,no_change
S-0a765d,A-439b2f,2024-07-03,,Basic,4,76,912,f,f,f,monthly,t,no_change
S-fa9b43,A-10b8f2,2023-02-05,,Basic,47,0,0,t,f,f,annual,f,no_change
S-3a57be,A-05f0e5,2024-05-15,,Pro,32,1568,18816,f,f,f,monthly,t,no_change
S-5ede24,A-9bfc9f,2024-07-30,,Pro,60,2940,35280,f,f,f,monthly,t,no_change
S-df5924,A-443f6f,2024-12-21,2024-12-22,Pro,19,931,11172,f,f,f,annual,t,no_change
S-eb9911,A-ab438f,2024-10-18,,Basic,28,0,0,t,f,f,annual,t,no_change
S-7db513,A-4f18f0,2024-06-01,,Enterprise,24,4776,57312,f,f,f,monthly,t,no_change
S-2ded06,A-ff79f2,2024-12-25,,Basic,31,589,7068,f,t,f,monthly,f,upgrade
S-c0ca82,A-00cac8,2024-12-02,,Pro,19,931,11172,f,f,t,annual,t,downgrade
S-7cf7c6,A-22d9d2,2024-06-02,,Pro,13,637,7644,f,f,f,annual,t,no_change
S-9fa49b,A-1f7acb,2023-09-01,,Enterprise,64,12736,152832,f,t,f,annual,f,upgrade
S-4a3e6c,A-acb7f7,2024-06-19,,Pro,32,1568,18816,f,f,f,monthly,t,no_change
S-112733,A-71615e,2024-10-21,,Basic,15,285,3420,f,f,f,annual,f,no_change
S-28332f,A-ff79f2,2024-09-16,,Enterprise,23,4577,54924,f,f,f,monthly,t,no_change
S-6709f4,A-bcbe98,2024-12-06,,Basic,46,874,10488,f,f,f,monthly,f,no_change
S-0b059f,A-7c4956,2023-07-10,2023-11-30,Basic,5,95,1140,f,f,f,monthly,f,no_change
S-d91908,A-02fac6,2024-09-22,,Basic,22,418,5016,f,f,f,monthly,t,no_change
S-381988,A-eb7c38,2024-08-27,,Pro,7,0,0,t,f,f,annual,f,no_change
S-535e55,A-9077b0,2024-12-08,,Pro,7,343,4116,f,t,f,monthly,t,upgrade
S-a22ca2,A-dbc825,2024-07-30,,Enterprise,45,8955,107460,f,f,f,monthly,t,no_change
S-4e762d,A-2789e3,2024-11-06,,Enterprise,61,12139,145668,f,f,f,annual,t,no_change
S-1d3a93,A-d82ef9,2024-08-10,,Enterprise,26,5174,62088,f,f,f,monthly,f,no_change
S-1c5650,A-1e1b80,2023-12-27,,Pro,53,2597,31164,f,f,f,monthly,t,no_change
S-593787,A-9ee962,2023-11-22,,Basic,9,0,0,t,t,f,monthly,t,upgrade
S-28a2b2,A-eb7fac,2024-09-22,,Enterprise,7,1393,16716,f,f,f,monthly,t,no_change
S-0bdbb3,A-00cac8,2024-08-09,,Enterprise,39,7761,93132,f,f,f,monthly,t,no_change
S-dc8c2f,A-8b0451,2024-09-21,,Basic,41,779,9348,f,f,f,monthly,t,no_change
S-a33656,A-524364,2024-12-31,,Basic,12,228,2736,f,f,f,monthly,t,no_change
S-b991d2,A-3ce5b8,2024-02-17,,Pro,8,392,4704,f,f,f,annual,t,no_change
S-a53e06,A-089363,2024-06-14,,Basic,3,57,684,f,f,f,annual,f,no_change
S-249448,A-dbc825,2024-01-19,,Enterprise,19,3781,45372,f,f,f,annual,t,no_change
S-768196,A-1f7acb,2023-10-14,,Basic,64,1216,14592,f,f,f,monthly,t,no_change
S-e6513c,A-2edab2,2023-12-05,,Basic,17,323,3876,f,f,f,monthly,t,no_change
S-0acba4,A-4e631b,2024-11-22,,Basic,22,418,5016,f,f,f,annual,f,no_change
S-e57a7d,A-3f9cc0,2024-06-23,,Enterprise,22,4378,52536,f,f,t,annual,f,downgrade
S-f24609,A-151c9a,2023-07-14,,Pro,29,1421,17052,f,f,f,monthly,t,no_change
S-cfb246,A-ee42db,2024-10-25,,Basic,13,0,0,t,f,f,annual,t,no_change
S-242e1b,A-313be3,2024-08-25,,Pro,47,2303,27636,f,t,f,annual,f,upgrade
S-89d7b0,A-fe79a5,2024-06-03,,Enterprise,9,1791,21492,f,f,f,annual,t,no_change
S-5a26fc,A-9779ad,2024-07-07,,Pro,40,0,0,t,f,f,annual,f,no_change
S-d64e41,A-354f12,2024-05-28,,Enterprise,34,6766,81192,f,f,t,annual,t,downgrade
S-482962,A-de24d5,2024-11-06,,Pro,20,980,11760,f,f,f,annual,t,no_change
S-e77d56,A-9289f6,2023-12-06,,Basic,1,19,228,f,f,f,monthly,t,no_change
S-658bcb,A-0cc442,2024-08-14,,Enterprise,45,8955,107460,f,f,f,monthly,t,no_change
S-56c23b,A-e888d1,2024-10-31,,Enterprise,19,3781,45372,f,f,f,annual,f,no_change
S-39f1b0,A-bf7919,2024-12-10,,Enterprise,8,0,0,t,f,f,annual,t,no_change
S-21d0ab,A-a1b80b,2024-07-21,,Basic,22,418,5016,f,f,f,monthly,t,no_change
S-b27c2f,A-625d0b,2024-12-24,,Pro,17,833,9996,f,f,f,monthly,t,no_change
S-1224ea,A-474ad4,2023-12-10,,Pro,8,0,0,t,f,f,monthly,t,no_change
S-0d8293,A-425e76,2023-11-18,,Pro,71,3479,41748,f,f,f,monthly,t,no_change
S-f409d8,A-0651a4,2024-12-04,,Enterprise,16,3184,38208,f,f,f,annual,t,no_change
S-374511,A-e89151,2024-04-01,,Enterprise,10,1990,23880,f,f,f,monthly,t,no_change
S-c1f160,A-ccabf0,2024-07-14,2024-12-04,Pro,2,98,1176,f,f,t,annual,t,downgrade
S-2b58a7,A-7c5768,2024-07-07,,Basic,3,57,684,f,f,f,monthly,t,no_change
S-4dfd17,A-bcbe98,2024-07-29,,Basic,46,874,10488,f,t,t,monthly,t,conflict
S-4781b1,A-558c72,2023-06-12,,Pro,16,784,9408,f,f,f,monthly,t,no_change
S-c53808,A-712426,2024-12-08,,Pro,12,588,7056,f,f,f,monthly,t,no_change
S-e3165d,A-3b5cd1,2023-10-09,,Pro,21,1029,12348,f,f,f,monthly,t,no_change
S-0334aa,A-acb7f7,2024-04-12,,Pro,41,2009,24108,f,t,f,annual,t,upgrade
S-6c625e,A-854864,2024-12-15,,Pro,91,4459,53508,f,f,f,monthly,f,no_change
S-e48c4d,A-439b2f,2024-03-09,,Basic,7,133,1596,f,f,f,annual,t,no_change
S-322a59,A-a8b49c,2024-02-17,,Pro,26,1274,15288,f,f,f,monthly,t,no_change
S-41b844,A-94d3da,2023-06-03,,Pro,41,2009,24108,f,f,f,monthly,f,no_change
S-12125f,A-e5d6ab,2023-08-08,,Basic,3,57,684,f,f,f,monthly,t,no_change
S-91709b,A-ab438f,2024-11-26,2024-12-31,Enterprise,23,4577,54924,f,f,f,annual,t,no_change
S-ff681f,A-bbc346,2024-08-31,,Enterprise,19,3781,45372,f,t,f,annual,f,upgrade
S-6b534f,A-08e34e,2024-12-31,,Enterprise,14,2786,33432,f,f,f,monthly,t,no_change
S-2d3434,A-425e76,2023-07-22,,Pro,8,392,4704,f,f,f,annual,t,no_change
S-b8caad,A-ac14bb,2023-09-27,,Pro,21,1029,12348,f,f,f,annual,f,no_change
S-58ab69,A-58b9ff,2024-09-27,,Pro,63,3087,37044,f,f,t,monthly,t,downgrade
S-6c877e,A-712533,2023-08-13,,Enterprise,18,0,0,t,f,f,monthly,t,no_change
S-ff4611,A-c9bb3e,2024-04-25,,Pro,123,6027,72324,f,f,f,annual,t,no_change
S-f3c329,A-1f0636,2024-09-02,,Basic,105,1995,23940,f,f,f,annual,t,no_change
S-270a4e,A-6c093d,2024-01-17,,Basic,7,133,1596,f,t,f,monthly,t,upgrade
S-2a312e,A-034368,2024-06-21,,Basic,26,494,5928,f,f,f,monthly,t,no_change
S-3aa11b,A-7c83a1,2024-09-27,,Pro,12,588,7056,f,f,f,annual,t,no_change
S-0a8cff,A-016043,2024-09-28,,Enterprise,12,0,0,t,t,f,monthly,t,upgrade
S-b4d224,A-4c6f11,2024-05-31,,Basic,27,513,6156,f,f,t,annual,t,downgrade
S-f0e458,A-ab438f,2024-12-27,,Pro,77,0,0,t,f,f,monthly,t,no_change
S-af5ec3,A-8e47ca,2024-08-23,,Enterprise,19,3781,45372,f,f,f,monthly,t,no_change
S-683c6b,A-e36807,2024-11-21,,Enterprise,14,2786,33432,f,f,f,annual,t,no_change
S-1df679,A-508199,2024-04-26,,Enterprise,19,3781,45372,f,f,f,annual,t,no_change
S-ca74fe,A-dfbd31,2024-07-30,,Pro,14,686,8232,f,f,f,annual,f,no_change
S-061025,A-c45b23,2024-11-16,,Pro,7,343,4116,f,f,f,annual,t,no_change
S-333abd,A-a1b80b,2024-07-05,,Basic,16,304,3648,f,f,f,annual,t,no_change
S-5281ee,A-427b69,2024-09-27,,Pro,17,0,0,t,f,f,annual,f,no_change
S-1bf697,A-acb7f7,2024-08-31,,Pro,32,1568,18816,f,f,f,monthly,t,no_change
S-9b8167,A-054577,2024-05-08,,Pro,29,1421,17052,f,f,f,monthly,t,no_change
S-585d4c,A-00bed1,2024-05-06,,Enterprise,28,5572,66864,f,t,f,monthly,t,upgrade
S-cdd281,A-39ddf4,2024-12-30,,Enterprise,40,7960,95520,f,f,f,monthly,t,no_change
S-f83141,A-659280,2024-12-26,,Basic,17,0,0,t,f,f,annual,f,no_change
S-3af429,A-9077b0,2024-12-10,,Basic,30,0,0,t,t,f,monthly,t,upgrade
S-0cb4fe,A-560d27,2024-05-31,,Enterprise,71,14129,169548,f,f,f,monthly,t,no_change
S-da3b68,A-5c046d,2024-11-23,,Enterprise,93,18507,222084,f,f,f,monthly,t,no_change
S-620b62,A-d42431,2024-08-06,,Enterprise,22,4378,52536,f,t,f,annual,f,upgrade
S-4056f6,A-86cdb4,2024-10-06,,Pro,2,98,1176,f,f,f,annual,t,no_change
S-7a1803,A-443b7c,2024-10-26,,Enterprise,11,0,0,t,f,f,annual,t,no_change
S-ddc51c,A-ad296b,2024-12-09,,Pro,38,1862,22344,f,f,f,annual,t,no_change
S-ba228b,A-a33200,2024-12-20,,Basic,29,551,6612,f,f,f,monthly,t,no_change
S-e3255c,A-600734,2024-10-08,,Pro,29,1421,17052,f,f,f,monthly,t,no_change
S-5619af,A-1d5444,2024-04-23,,Enterprise,24,4776,57312,f,f,f,monthly,f,no_change
S-47048b,A-0f7d77,2024-12-31,,Basic,7,133,1596,f,f,f,annual,t,no_change
S-b60208,A-9174e0,2024-12-06,,Enterprise,37,0,0,t,f,f,annual,t,no_change
S-64d203,A-f17767,2024-03-20,,Pro,9,441,5292,f,f,f,monthly,t,no_change
S-a87ff6,A-4e960a,2024-12-08,,Basic,12,228,2736,f,f,f,monthly,t,no_change
S-0ff481,A-6c093d,2023-04-30,,Basic,15,285,3420,f,f,f,annual,f,no_change
S-bb3c63,A-94d3da,2023-12-01,,Basic,41,779,9348,f,f,f,monthly,t,no_change
S-55aa8a,A-bad8c1,2023-11-15,,Pro,60,0,0,t,f,f,monthly,t,no_change
S-196dc6,A-eb2fdc,2024-05-22,,Enterprise,47,9353,112236,f,f,f,annual,t,no_change
S-afa7a7,A-1b9609,2024-10-03,,Enterprise,25,0,0,t,f,f,annual,t,no_change
S-fcef74,A-ad64c6,2024-09-08,,Pro,12,588,7056,f,f,f,monthly,t,no_change
S-a3129d,A-712426,2024-12-07,,Enterprise,18,0,0,t,f,f,annual,t,no_change
S-8def89,A-cbd1a3,2024-11-27,,Enterprise,8,1592,19104,f,f,f,annual,t,no_change
S-a2cde5,A-463db0,2024-12-20,,Pro,15,735,8820,f,f,f,annual,f,no_change
S-c855b0,A-ac14bb,2024-01-16,,Enterprise,71,14129,169548,f,t,f,annual,t,upgrade
S-85ddea,A-cc1d8d,2024-12-20,,Enterprise,5,995,11940,f,f,f,monthly,t,no_change
S-982ee2,A-eb2fdc,2024-11-07,,Enterprise,31,6169,74028,f,f,f,annual,t,no_change
S-6ce11a,A-ac85cd,2024-12-03,,Basic,53,1007,12084,f,f,f,annual,t,no_change
S-d638c7,A-832ec2,2024-07-25,,Basic,31,589,7068,f,t,f,annual,t,upgrade
S-f967c2,A-029f69,2024-12-10,,Basic,7,133,1596,f,f,f,monthly,t,no_change
S-196c1e,A-7df7a7,2024-11-04,,Basic,7,133,1596,f,f,f,annual,t,no_change
S-559e85,A-53f4e3,2024-12-22,,Pro,29,1421,17052,f,f,f,monthly,t,no_change
S-af7a2c,A-dcc2f0,2024-11-13,,Basic,22,418,5016,f,t,f,annual,t,upgrade
S-e66253,A-d5a319,2024-11-19,,Enterprise,15,2985,35820,f,f,f,annual,t,no_change
S-25f647,A-425e76,2024-07-10,,Basic,37,703,8436,f,f,f,monthly,t,no_change
S-766d8b,A-82861f,2024-05-27,2024-11-15,Enterprise,41,8159,97908,f,f,f,monthly,t,no_change
S-39f1ed,A-6dee43,2024-04-27,,Pro,3,147,1764,f,f,f,monthly,t,no_change
S-70c734,A-bd4708,2024-09-05,,Pro,37,1813,21756,f,f,f,annual,t,no_change
S-e44831,A-bb2f49,2024-12-26,,Pro,28,1372,16464,f,f,f,monthly,f,no_change
S-21c164,A-029f69,2024-12-31,,Basic,34,646,7752,f,f,f,annual,t,no_change
S-d83789,A-104f1a,2024-12-10,,Pro,24,1176,14112,f,f,f,monthly,t,no_change
S-dafec3,A-684255,2024-09-09,,Enterprise,9,1791,21492,f,f,f,annual,f,no_change
S-9cd745,A-cab532,2023-07-24,,Enterprise,11,2189,26268,f,f,f,monthly,t,no_change
S-90e2d7,A-8ae3fc,2024-07-17,,Basic,31,589,7068,f,f,f,annual,t,no_change
S-ca72d9,A-bcf664,2024-01-29,,Basic,55,1045,12540,f,f,f,annual,t,no_change
S-e05562,A-075038,2023-11-08,,Pro,17,833,9996,f,f,f,monthly,t,no_change
S-c14073,A-ba6516,2024-01-30,,Basic,27,513,6156,f,t,f,annual,t,upgrade
S-01b2dc,A-cc102e,2024-12-23,,Basic,13,247,2964,f,t,f,annual,t,upgrade
S-e25e6e,A-5a92e7,2024-12-07,,Basic,4,76,912,f,f,f,monthly,t,no_change
S-47e122,A-271f46,2023-07-01,,Basic,38,722,8664,f,f,f,monthly,t,no_change
S-5856ab,A-3c1a3f,2024-05-06,2024-11-25,Pro,19,931,11172,f,f,f,annual,t,no_change
S-edd29b,A-592832,2024-12-24,,Enterprise,18,3582,42984,f,f,f,annual,t,no_change
S-dc77b7,A-cbd1a3,2024-12-29,,Basic,20,380,4560,f,f,f,annual,t,no_change
S-2d0c1f,A-241e75,2024-07-11,,Pro,46,2254,27048,f,f,f,annual,t,no_change
S-ac42e8,A-417d2f,2024-09-08,,Basic,49,931,11172,f,f,f,monthly,f,no_change
S-5c3f50,A-f3ff05,2024-09-11,,Enterprise,4,796,9552,f,f,f,annual,t,no_change
S-84e658,A-922109,2024-08-18,,Enterprise,3,0,0,t,f,f,monthly,f,no_change
S-1dbbc2,A-42b791,2024-12-30,,Basic,20,380,4560,f,f,f,monthly,f,no_change
S-b633be,A-6c093d,2023-09-26,2024-07-14,Basic,62,0,0,t,f,f,monthly,t,no_change
S-a1676a,A-bb3bd4,2024-05-06,,Pro,23,1127,13524,f,f,f,annual,t,no_change
S-e958ba,A-417d2f,2024-03-29,,Pro,13,637,7644,f,f,f,monthly,t,no_change
S-86571c,A-d26ab4,2024-12-27,,Enterprise,33,6567,78804,f,f,f,monthly,t,no_change
S-4193dd,A-4e631b,2024-10-13,,Basic,22,418,5016,f,f,f,monthly,t,no_change
S-860bc8,A-42e5e1,2024-08-29,,Basic,1,19,228,f,f,f,annual,t,no_change
S-2e78ce,A-84ebe4,2024-04-15,2024-10-22,Basic,18,342,4104,f,f,f,monthly,t,no_change
S-b5a1a0,A-474ad4,2023-12-04,,Basic,10,190,2280,f,t,t,annual,t,conflict
S-480226,A-7f6b86,2024-05-21,,Basic,45,855,10260,f,t,f,annual,t,upgrade
S-be828b,A-cbbe12,2023-08-09,,Pro,40,1960,23520,f,f,f,monthly,t,no_change
S-3ffd93,A-cc1d8d,2024-12-23,,Basic,39,741,8892,f,f,f,monthly,t,no_change
S-94d88f,A-ccc747,2024-09-11,,Pro,16,784,9408,f,f,f,annual,f,no_change
S-b27c39,A-484819,2023-06-02,2024-07-03,Basic,18,342,4104,f,t,f,monthly,t,upgrade
S-d073bb,A-a1bbb6,2023-08-13,,Enterprise,9,1791,21492,f,f,f,monthly,t,no_change
S-afe3b8,A-cc1d8d,2024-12-10,,Pro,16,784,9408,f,f,f,monthly,t,no_change
S-bbd8b5,A-54ecc2,2023-11-26,,Basic,4,76,912,f,f,f,annual,t,no_change
S-6d10f7,A-7641d3,2024-11-17,,Pro,16,784,9408,f,f,f,monthly,t,no_change
S-491d53,A-3cc791,2024-05-23,,Pro,12,588,7056,f,f,f,monthly,t,no_change
S-cfedb3,A-54d94a,2024-07-16,,Basic,27,513,6156,f,f,f,annual,t,no_change
S-62a617,A-2d1036,2024-09-23,2024-10-17,Basic,69,1311,15732,f,f,f,annual,f,no_change
S-0b3f0c,A-3be56b,2024-06-12,,Enterprise,3,0,0,t,f,f,monthly,t,no_change
S-e5909f,A-b44e3e,2024-04-17,,Pro,40,1960,23520,f,t,f,annual,t,upgrade
S-53ff75,A-acb7f7,2024-11-26,,Basic,32,608,7296,f,f,t,monthly,t,downgrade
S-4a724b,A-00bed1,2024-08-06,,Pro,28,1372,16464,f,f,f,annual,t,no_change
S-ce90ba,A-812c5b,2024-04-03,,Pro,55,0,0,t,f,f,monthly,t,no_change
S-672dd6,A-05d3b3,2023-08-03,,Enterprise,16,3184,38208,f,f,f,monthly,t,no_change
S-78172b,A-f9cc74,2024-10-30,,Enterprise,30,5970,71640,f,f,f,monthly,t,no_change
S-ea9f08,A-b9eed8,2024-07-14,,Pro,13,637,7644,f,f,t,annual,t,downgrade
S-5aa854,A-328bd0,2024-04-29,,Pro,18,882,10584,f,f,f,annual,t,no_change
S-e81358,A-d77f4c,2024-02-29,,Pro,29,1421,17052,f,f,f,annual,t,no_change
S-e95f57,A-1986ca,2024-09-24,,Enterprise,20,3980,47760,f,f,f,monthly,f,no_change
S-0027d3,A-e693b6,2024-05-04,,Basic,55,1045,12540,f,f,f,annual,t,no_change
S-3ce79c,A-781cc0,2024-10-17,,Enterprise,22,4378,52536,f,f,f,monthly,f,no_change
S-6e81f5,A-bece89,2024-10-18,,Pro,38,1862,22344,f,f,f,annual,t,no_change
S-775a4f,A-7c83a1,2024-07-18,,Enterprise,19,3781,45372,f,f,f,monthly,t,no_change
S-f4e6c0,A-2f6a32,2024-11-16,,Basic,19,0,0,t,f,f,monthly,t,no_change
S-089366,A-e60f9d,2024-11-12,,Basic,29,551,6612,f,f,f,annual,t,no_change
S-a19f87,A-bb1486,2024-12-18,,Pro,41,2009,24108,f,f,f,annual,t,no_change
S-2de283,A-117171,2024-11-27,,Pro,45,0,0,t,f,f,monthly,t,no_change
S-f497df,A-751c58,2024-12-21,,Basic,71,1349,16188,f,f,f,annual,t,no_change
S-c8a4ff,A-fabe19,2024-12-24,2024-12-29,Enterprise,23,4577,54924,f,f,f,annual,f,no_change
S-294d8b,A-9289f6,2024-09-15,,Enterprise,17,3383,40596,f,f,f,monthly,t,no_change
S-a3927a,A-378b99,2024-12-02,2024-12-30,Enterprise,8,1592,19104,f,f,f,annual,t,no_change
S-2cf162,A-a8d89d,2024-04-12,,Basic,13,247,2964,f,f,f,annual,t,no_change
S-7be036,A-3a7284,2024-12-28,,Pro,31,1519,18228,f,t,f,annual,t,upgrade
S-1facfc,A-7df7a7,2024-03-04,,Pro,7,343,4116,f,f,f,annual,t,no_change
S-ccdc31,A-970c97,2024-12-16,,Pro,19,931,11172,f,f,f,annual,t,no_change
S-d3efa2,A-a1bbb6,2023-12-21,,Enterprise,11,2189,26268,f,f,f,monthly,t,no_change
S-dcc1a5,A-029f69,2024-05-09,,Pro,26,1274,15288,f,f,f,annual,f,no_change
S-0d2fb8,A-43a9e3,2023-09-20,,Basic,22,418,5016,f,f,f,annual,f,no_change
S-0fcf7d,A-e08cd3,2024-11-23,,Pro,67,3283,39396,f,f,f,annual,f,no_change
S-e76552,A-474ad4,2024-09-13,,Pro,8,392,4704,f,f,f,monthly,f,no_change
S-c14566,A-313be3,2023-12-11,,Pro,47,2303,27636,f,f,f,annual,t,no_change
S-a2fb62,A-443f6f,2024-12-10,,Pro,19,931,11172,f,f,f,annual,t,no_change
S-bd1912,A-0cc442,2024-10-06,2024-10-23,Basic,97,1843,22116,f,f,f,monthly,t,no_change
S-d5605e,A-e351e1,2024-11-11,,Basic,33,0,0,t,f,f,monthly,f,no_change
S-b9c635,A-87aa7b,2024-06-02,,Pro,24,1176,14112,f,f,t,monthly,t,downgrade
S-f2dd76,A-443b7c,2024-11-13,2024-11-21,Pro,39,0,0,t,f,f,monthly,f,no_change
S-e7de53,A-4a4c2d,2024-07-08,,Basic,54,1026,12312,f,f,f,monthly,t,no_change
S-8ed780,A-bc87bc,2024-12-09,,Basic,13,247,2964,f,f,f,monthly,t,no_change
S-6a017c,A-6f8ad2,2024-10-03,,Enterprise,5,995,11940,f,f,f,annual,f,no_change
S-f2e134,A-4f18f0,2024-08-09,2024-10-07,Basic,25,475,5700,f,f,f,monthly,t,no_change
S-9fbdfb,A-e4144b,2024-11-25,,Enterprise,79,0,0,t,t,f,annual,t,upgrade
S-2416eb,A-cd458b,2024-08-14,,Basic,10,190,2280,f,f,f,monthly,t,no_change
S-20812a,A-5a3eb9,2024-06-14,,Pro,69,3381,40572,f,f,f,monthly,t,no_change
S-e88276,A-66224b,2024-12-06,,Basic,92,1748,20976,f,f,f,monthly,t,no_change
S-51cb35,A-18793f,2024-12-20,2024-12-29,Basic,148,2812,33744,f,f,f,annual,t,no_change
S-53e028,A-fdfc91,2024-09-14,,Basic,111,2109,25308,f,f,f,monthly,t,no_change
S-f64908,A-1ac5e0,2024-12-11,,Basic,33,0,0,t,f,f,monthly,f,no_change
S-a0c741,A-40906c,2024-06-19,,Basic,92,1748,20976,f,f,f,monthly,f,no_change
S-65d722,A-df10db,2023-09-23,,Basic,2,38,456,f,f,f,monthly,t,no_change
S-5b9bb9,A-bc4d48,2024-08-29,,Pro,35,1715,20580,f,f,f,annual,f,no_change
S-84c44b,A-9bfc9f,2024-01-01,,Basic,53,1007,12084,f,t,f,monthly,t,upgrade
S-0fb7bb,A-87aa7b,2024-06-05,,Pro,24,1176,14112,f,f,t,annual,f,downgrade
S-cdc644,A-76fa4d,2024-12-03,2024-12-31,Enterprise,69,13731,164772,f,f,f,annual,t,no_change
S-c57c91,A-39ddf4,2024-12-24,,Pro,40,1960,23520,f,f,f,monthly,t,no_change
S-2d7947,A-4e960a,2024-06-04,,Basic,12,228,2736,f,f,f,annual,t,no_change
S-b81200,A-7c6b6b,2024-12-21,,Pro,6,294,3528,f,f,f,monthly,t,no_change
S-8ea942,A-0651a4,2024-12-19,,Enterprise,36,0,0,t,f,f,annual,t,no_change
S-0146f6,A-7641d3,2024-05-13,,Enterprise,13,2587,31044,f,f,f,monthly,t,no_change
S-8b0950,A-dfbd31,2024-02-15,,Enterprise,14,2786,33432,f,f,f,monthly,f,no_change
S-5bbb5b,A-ffc04f,2024-12-01,,Enterprise,15,2985,35820,f,f,t,annual,t,downgrade
S-ecefa1,A-40a557,2024-06-26,,Basic,25,475,5700,f,f,f,monthly,t,no_change
S-1526b7,A-2f6a32,2024-11-24,,Pro,19,931,11172,f,t,f,annual,t,upgrade
S-55d484,A-52dd88,2023-12-15,,Basic,23,0,0,t,f,f,annual,t,no_change
S-94471b,A-ffc04f,2024-10-04,,Basic,13,247,2964,f,f,f,monthly,f,no_change
S-eb4b0a,A-acb7f7,2024-12-28,,Basic,32,608,7296,f,f,f,annual,t,no_change
S-f7a5b9,A-ffdfd5,2024-04-24,,Pro,11,539,6468,f,f,f,annual,t,no_change
S-410fd5,A-a1b80b,2024-06-09,,Basic,19,361,4332,f,f,f,annual,t,no_change
S-32ab86,A-7c6b6b,2024-12-28,,Pro,23,1127,13524,f,f,f,monthly,t,no_change
S-9e8b22,A-7c6b6b,2024-12-16,2024-12-23,Pro,6,294,3528,f,f,f,annual,t,no_change
S-bf4ec8,A-7a0d69,2024-08-20,,Pro,15,735,8820,f,f,f,monthly,t,no_change
S-a25d8b,A-40a557,2024-03-24,,Enterprise,55,10945,131340,f,f,f,monthly,t,no_change
S-37f480,A-87aa7b,2024-05-25,,Pro,27,1323,15876,f,f,f,annual,f,no_change
S-c27e9c,A-9f2731,2024-11-02,,Basic,38,722,8664,f,f,f,monthly,t,no_change
S-a76521,A-eb7c38,2024-12-04,,Basic,33,627,7524,f,f,f,annual,t,no_change
S-0ab9fb,A-05f0e5,2024-10-22,,Pro,65,3185,38220,f,f,f,annual,t,no_change
S-afc43d,A-02cd81,2024-08-25,,Basic,44,836,10032,f,f,f,annual,f,no_change
S-b6e44c,A-019782,2023-10-26,,Basic,11,209,2508,f,f,f,annual,f,no_change
S-6a8046,A-f97b9a,2023-12-26,,Enterprise,19,3781,45372,f,f,f,monthly,t,no_change
S-a3cbd4,A-42e5e1,2024-08-01,2024-08-14,Enterprise,20,3980,47760,f,f,f,monthly,t,no_change
S-f74e00,A-8ae05d,2024-12-02,,Pro,86,4214,50568,f,f,f,monthly,t,no_change
S-c2eeba,A-65aeb5,2024-02-02,,Basic,9,171,2052,f,f,f,monthly,f,no_change
S-371662,A-bad8c1,2023-06-12,,Pro,54,2646,31752,f,f,f,monthly,t,no_change
S-8ebe58,A-cea1f0,2024-06-09,,Pro,8,0,0,t,f,f,annual,t,no_change
S-6102fe,A-cb5333,2024-06-25,,Basic,33,0,0,t,f,f,monthly,f,no_change
S-6676fa,A-7df7a7,2023-02-05,,Pro,7,343,4116,f,f,t,monthly,t,downgrade
S-2b550a,A-c7ffc2,2023-11-01,,Enterprise,30,5970,71640,f,t,f,monthly,t,upgrade
S-c48d0d,A-3ce5b8,2024-05-22,,Basic,37,703,8436,f,f,f,annual,t,no_change
S-7fca0e,A-5b4ebb,2024-08-21,,Basic,52,988,11856,f,f,f,annual,t,no_change
S-5d343c,A-9208f0,2023-09-23,,Basic,25,475,5700,f,f,f,annual,t,no_change
S-76b176,A-6da850,2024-11-10,2024-12-09,Pro,8,392,4704,f,f,f,monthly,f,no_change
S-e746d2,A-977ca0,2023-08-18,,Enterprise,91,18109,217308,f,f,f,monthly,t,no_change
S-7b896c,A-ffdfd5,2024-08-18,,Basic,30,570,6840,f,f,f,monthly,t,no_change
S-c9a968,A-bad8c1,2024-03-21,,Basic,8,152,1824,f,f,f,monthly,t,no_change
S-f4b648,A-8ae05d,2024-11-27,2024-12-28,Enterprise,86,17114,205368,f,f,f,annual,t,no_change
S-f4a3ac,A-1f7acb,2024-09-22,,Enterprise,64,12736,152832,f,f,f,annual,t,no_change
S-42671b,A-118f1c,2024-12-11,,Enterprise,32,6368,76416,f,f,f,annual,t,no_change
S-88cc86,A-80eeb6,2024-12-20,2024-12-31,Enterprise,22,4378,52536,f,f,f,annual,t,no_change
S-02b754,A-3b37d9,2023-10-11,,Enterprise,23,4577,54924,f,f,f,annual,f,no_change
S-7826c1,A-157070,2024-07-23,,Pro,18,882,10584,f,f,f,monthly,t,no_change
S-45c2cf,A-7920cc,2023-12-11,,Basic,39,741,8892,f,f,f,monthly,t,no_change
S-df819a,A-ffc04f,2024-09-08,,Pro,20,980,11760,f,f,f,monthly,f,no_change
S-983266,A-dcc2f0,2024-09-16,2024-11-03,Pro,15,735,8820,f,f,f,annual,t,no_change
S-16dfaf,A-8e47ca,2024-02-27,,Pro,19,931,11172,f,f,f,annual,t,no_change
S-f77847,A-186a44,2023-08-23,,Basic,20,380,4560,f,f,t,annual,t,downgrade
S-1053c9,A-69b156,2024-10-12,,Basic,14,266,3192,f,f,f,annual,t,no_change
S-8eae4e,A-db5e9e,2024-12-16,,Enterprise,16,3184,38208,f,f,f,monthly,t,no_change
S-bf39f7,A-3793ee,2024-01-24,,Pro,49,2401,28812,f,f,f,monthly,t,no_change
S-a4142f,A-a8b49c,2023-10-14,,Basic,7,133,1596,f,f,f,annual,t,no_change
S-e6dee4,A-029f69,2024-11-11,,Pro,3,147,1764,f,f,f,annual,t,no_change
S-b76ba6,A-d4ac0e,2024-12-14,,Pro,18,882,10584,f,f,f,monthly,t,no_change
S-5a94f7,A-328bd0,2023-09-26,,Pro,33,1617,19404,f,f,f,monthly,t,no_change
S-61afee,A-7df7a7,2023-06-26,,Enterprise,45,8955,107460,f,f,f,monthly,f,no_change
S-2a73e2,A-10b8f2,2024-01-29,,Basic,47,893,10716,f,f,f,annual,f,no_change
S-e0075b,A-b3fe05,2024-09-03,,Enterprise,17,3383,40596,f,f,f,annual,t,no_change
S-5bbb53,A-1b7577,2024-12-03,,Pro,4,196,2352,f,f,f,annual,t,no_change
S-65731a,A-684255,2024-12-15,2024-12-26,Basic,9,0,0,t,f,t,annual,t,downgrade
S-2d5c04,A-503d5a,2024-03-27,,Enterprise,5,995,11940,f,f,f,monthly,t,no_change
S-34253c,A-1b9609,2023-12-02,,Basic,18,342,4104,f,f,f,annual,f,no_change
S-d18856,A-396e5f,2024-10-05,,Enterprise,6,1194,14328,f,f,f,monthly,t,no_change
S-e6b450,A-eb1312,2024-11-21,,Pro,25,1225,14700,f,f,f,monthly,t,no_change
S-0d8cfd,A-4ae22a,2024-08-20,,Pro,6,294,3528,f,f,f,annual,t,no_change
S-86e45a,A-56962b,2024-09-23,,Pro,163,7987,95844,f,f,f,annual,t,no_change
S-dcae52,A-00cac8,2024-10-29,,Enterprise,20,3980,47760,f,f,f,monthly,t,no_change
S-17bbdd,A-bcbe98,2024-11-18,,Pro,46,2254,27048,f,f,f,annual,t,no_change
S-f24690,A-756192,2024-11-18,,Basic,19,361,4332,f,f,f,monthly,t,no_change
S-9a3e85,A-8ae3fc,2024-08-06,,Pro,21,1029,12348,f,f,f,annual,t,no_change
S-1c2a4a,A-b7b7b7,2024-12-29,,Pro,24,1176,14112,f,f,f,annual,t,no_change
S-c37ee1,A-9174e0,2024-12-08,,Basic,60,1140,13680,f,f,f,monthly,t,no_change
S-4ebd94,A-c62e55,2024-03-07,,Pro,24,1176,14112,f,f,f,annual,t,no_change
S-61797c,A-ad296b,2024-07-25,,Basic,38,722,8664,f,f,f,annual,t,no_change
S-f8d0a2,A-a0ca4e,2024-05-15,,Basic,11,209,2508,f,f,f,annual,f,no_change
S-d0eeb2,A-fce879,2024-10-18,,Pro,45,0,0,t,f,t,monthly,t,downgrade
S-10fc7d,A-cab532,2024-10-14,,Enterprise,11,2189,26268,f,t,f,annual,t,upgrade
S-c249fb,A-cc98bc,2023-12-25,,Basic,32,608,7296,f,f,f,monthly,t,no_change
S-c86492,A-c43359,2024-11-18,,Pro,38,1862,22344,f,f,f,annual,t,no_change
S-1be7c5,A-80eeb6,2023-07-15,2024-11-05,Basic,34,646,7752,f,f,f,monthly,t,no_change
S-86bcda,A-4a4c2d,2024-09-18,,Basic,54,1026,12312,f,t,f,monthly,f,upgrade
S-ee956d,A-96bbc6,2024-09-01,,Pro,39,1911,22932,f,f,f,annual,t,no_change
S-404132,A-39ddf4,2024-12-20,2024-12-29,Pro,40,1960,23520,f,f,f,annual,t,no_change
S-4d5ab5,A-df1e44,2024-08-08,,Enterprise,12,2388,28656,f,f,f,monthly,f,no_change
S-e5d9a4,A-09316c,2024-12-07,,Enterprise,70,13930,167160,f,t,f,annual,t,upgrade
S-3684d3,A-7920cc,2024-09-22,,Basic,39,741,8892,f,f,f,monthly,t,no_change
S-cce4fc,A-659280,2023-11-28,,Pro,13,637,7644,f,f,f,annual,t,no_change
S-3cae45,A-c16101,2024-10-18,,Enterprise,7,1393,16716,f,f,f,annual,t,no_change
S-82b11e,A-0651a4,2024-12-06,,Basic,21,399,4788,f,f,f,annual,t,no_change
S-23d18f,A-ad3abd,2023-11-21,2024-02-04,Basic,44,0,0,t,f,f,monthly,t,no_change
S-652885,A-59f724,2024-12-08,,Basic,18,342,4104,f,f,f,monthly,t,no_change
S-2e7b85,A-328bd0,2023-10-19,,Basic,18,342,4104,f,f,f,annual,t,no_change
S-48c5be,A-fa2041,2024-12-05,,Pro,39,0,0,t,f,f,annual,t,no_change
S-277111,A-625d0b,2024-10-14,,Pro,9,441,5292,f,f,f,monthly,t,no_change
S-505f35,A-5a184f,2023-12-02,,Enterprise,22,4378,52536,f,f,f,annual,t,no_change
S-70b655,A-ac85cd,2024-08-16,,Pro,53,2597,31164,f,f,f,monthly,f,no_change
S-4ac0bb,A-7c6b6b,2024-12-25,,Pro,28,1372,16464,f,f,f,monthly,f,no_change
S-4ea564,A-de58ca,2024-08-09,,Basic,15,285,3420,f,f,f,annual,t,no_change
S-1a9c5c,A-c58f49,2024-11-02,,Basic,70,0,0,t,f,f,annual,t,no_change
S-23dab0,A-65aeb5,2024-09-30,,Pro,9,441,5292,f,f,f,annual,t,no_change
S-d396d1,A-2edab2,2024-03-05,2024-10-11,Pro,17,833,9996,f,f,f,monthly,t,no_change
S-f1826f,A-4c6f11,2024-03-30,,Enterprise,24,4776,57312,f,f,f,monthly,t,no_change
S-1c3a42,A-f45426,2024-09-14,,Enterprise,20,3980,47760,f,f,f,annual,t,no_change
S-27c00d,A-a6d261,2024-06-08,,Basic,48,912,10944,f,f,f,monthly,t,no_change
S-2e4018,A-7f8241,2023-06-06,,Enterprise,34,6766,81192,f,t,f,monthly,t,upgrade
S-4da459,A-02cd81,2024-12-29,,Pro,44,2156,25872,f,f,f,annual,t,no_change
S-5879cf,A-a09355,2024-09-02,,Enterprise,30,5970,71640,f,f,f,monthly,t,no_change
S-2e965d,A-00cac8,2023-09-16,,Pro,8,392,4704,f,f,f,monthly,t,no_change
S-e0f238,A-463db0,2024-12-09,,Pro,35,1715,20580,f,f,f,annual,t,no_change
S-752e61,A-e3bd71,2024-03-24,,Enterprise,31,6169,74028,f,f,f,monthly,t,no_change
S-1a3d9c,A-684255,2024-07-07,,Pro,11,539,6468,f,f,f,annual,f,no_change
S-525d6b,A-94f8c9,2024-04-17,2024-05-29,Enterprise,13,0,0,t,f,f,monthly,t,no_change
S-a45a12,A-dcc3f1,2023-12-27,,Basic,21,399,4788,f,f,f,monthly,t,no_change
S-975ee4,A-a09355,2024-11-18,2024-11-24,Pro,14,686,8232,f,f,f,annual,f,no_change
S-50c6f5,A-a6d261,2024-04-26,2024-11-26,Enterprise,103,20497,245964,f,f,f,monthly,t,no_change
S-150c8e,A-58b9ff,2024-11-03,,Pro,33,1617,19404,f,f,f,monthly,t,no_change
S-da2f0b,A-8145a0,2024-08-10,,Enterprise,12,2388,28656,f,t,f,annual,t,upgrade
S-2bc860,A-98a59a,2023-11-10,,Pro,56,2744,32928,f,t,f,monthly,f,upgrade
S-da9d5f,A-a33200,2024-10-21,,Basic,29,551,6612,f,f,f,annual,t,no_change
S-c7f2e5,A-34ea2f,2024-11-09,2024-11-19,Enterprise,21,4179,50148,f,f,f,annual,t,no_change
S-eef92e,A-fdfc91,2024-08-11,,Pro,66,3234,38808,f,f,f,annual,t,no_change
S-3947da,A-37f969,2024-09-12,,Enterprise,30,5970,71640,f,t,f,annual,t,upgrade
S-51590f,A-249769,2024-11-17,,Basic,9,171,2052,f,f,f,annual,t,no_change
S-383ac2,A-09316c,2024-10-22,,Basic,70,0,0,t,f,f,monthly,f,no_change
S-44e3ac,A-81edc3,2024-01-14,,Enterprise,5,995,11940,f,f,f,monthly,t,no_change
S-ebe172,A-c4ea60,2023-05-29,,Basic,18,342,4104,f,f,f,monthly,t,no_change
S-a4139f,A-c45b23,2024-02-01,,Pro,5,245,2940,f,f,f,monthly,t,no_change
S-32d874,A-02cd81,2024-05-04,,Pro,44,2156,25872,f,f,f,annual,f,no_change
S-4e63e7,A-a33200,2024-10-25,2024-11-24,Enterprise,29,5771,69252,f,f,f,annual,t,no_change
S-810c27,A-8ed5dd,2024-08-21,,Basic,5,95,1140,f,f,f,annual,t,no_change
S-74d86d,A-5ed98d,2024-12-20,,Basic,54,1026,12312,f,t,f,annual,t,upgrade
S-ad32a8,A-6843f2,2024-12-11,,Pro,21,1029,12348,f,f,f,monthly,t,no_change
S-2f729b,A-3be56b,2024-02-01,2024-03-05,Pro,35,1715,20580,f,f,f,monthly,t,no_change
S-3eb56d,A-463db0,2024-12-31,,Pro,15,735,8820,f,f,f,annual,t,no_change
S-21bd9b,A-65a46c,2024-12-24,,Pro,35,1715,20580,f,f,f,annual,t,no_change
S-2e0575,A-4814a3,2024-11-06,2024-12-31,Enterprise,87,17313,207756,f,f,f,annual,t,no_change
S-1630dd,A-fda07f,2024-09-14,,Pro,34,1666,19992,f,f,f,annual,t,no_change
S-9842bb,A-4814a3,2024-10-27,,Enterprise,87,17313,207756,f,f,f,monthly,f,no_change
S-12ed58,A-1f0ac7,2024-11-14,,Basic,32,608,7296,f,f,f,annual,t,no_change
S-be3ff6,A-de58ca,2023-07-17,,Pro,105,0,0,t,f,f,annual,f,no_change
S-a36281,A-c45b23,2023-12-29,,Basic,8,152,1824,f,f,f,monthly,t,no_change
S-7d651b,A-4ef964,2024-11-15,,Pro,28,1372,16464,f,f,f,monthly,t,no_change
S-668cdc,A-40de06,2023-11-08,,Pro,28,1372,16464,f,f,f,monthly,t,no_change
S-3ef584,A-72799b,2023-11-17,,Enterprise,20,3980,47760,f,f,f,annual,t,no_change
S-9211e5,A-d4ac0e,2024-10-12,,Enterprise,28,5572,66864,f,f,f,annual,t,no_change
S-3ae2dd,A-f45426,2024-08-05,,Basic,57,0,0,t,f,f,annual,t,no_change
S-942caf,A-812c5b,2024-11-07,,Basic,71,1349,16188,f,f,f,monthly,t,no_change
S-d71bdd,A-c45b23,2024-05-26,,Enterprise,9,1791,21492,f,f,f,annual,f,no_change
S-f32731,A-20736a,2024-10-02,,Enterprise,50,0,0,t,f,f,monthly,t,no_change
S-911b0a,A-8ed5dd,2023-08-08,,Pro,5,245,2940,f,f,f,annual,t,no_change
S-d09309,A-d49cc5,2024-10-09,,Pro,75,3675,44100,f,f,f,monthly,t,no_change
S-4260ed,A-4f18f0,2024-07-15,,Basic,24,456,5472,f,f,f,annual,t,no_change
S-c7e38a,A-2edab2,2024-10-03,,Basic,17,323,3876,f,f,f,annual,t,no_change
S-d22c1d,A-337bc1,2024-09-18,,Pro,86,4214,50568,f,f,t,monthly,f,downgrade
S-aadf83,A-700ade,2024-11-20,2024-12-04,Enterprise,9,1791,21492,f,f,f,annual,t,no_change
S-096835,A-117171,2024-10-20,,Enterprise,45,0,0,t,f,f,monthly,t,no_change
S-8ba96c,A-f6b2fb,2024-06-20,,Enterprise,23,4577,54924,f,f,f,annual,t,no_change
S-3112d0,A-68f37c,2024-04-11,,Basic,94,1786,21432,f,f,f,monthly,t,no_change
S-7ea5d9,A-684255,2024-08-05,,Pro,10,490,5880,f,t,f,monthly,t,upgrade
S-c796c1,A-aa9511,2023-10-11,,Pro,23,1127,13524,f,f,f,monthly,t,no_change
S-0ea795,A-d3c88e,2024-10-27,,Pro,16,784,9408,f,f,f,annual,t,no_change
S-32545c,A-7dacce,2024-11-13,,Enterprise,15,2985,35820,f,f,f,annual,f,no_change
S-2aaca3,A-751c58,2024-12-18,,Enterprise,26,5174,62088,f,f,f,monthly,t,no_change
S-6fde5e,A-7c4956,2024-12-20,,Basic,27,513,6156,f,f,f,annual,t,no_change
S-7ccc38,A-2d1036,2024-07-13,,Basic,69,1311,15732,f,f,f,annual,f,no_change
S-ff9bde,A-8bde0c,2024-12-20,2024-12-22,Pro,12,588,7056,f,f,f,monthly,t,no_change
S-a01d87,A-e5d6ab,2024-06-27,,Basic,9,171,2052,f,f,f,annual,t,no_change
S-9ac7cb,A-712f1c,2024-04-19,,Pro,18,882,10584,f,f,f,monthly,t,no_change
S-b47d75,A-b2225d,2024-05-13,,Enterprise,47,9353,112236,f,f,f,annual,t,no_change
S-d71a1f,A-40a557,2024-11-03,,Pro,16,784,9408,f,t,f,annual,t,upgrade
S-08e560,A-de58ca,2023-09-25,2024-01-07,Pro,15,735,8820,f,f,f,monthly,t,no_change
S-46ff9c,A-139c3b,2024-11-27,2024-12-16,Pro,28,1372,16464,f,f,f,monthly,t,no_change
S-d91f4c,A-1b7577,2024-11-15,2024-11-15,Basic,10,190,2280,f,f,t,monthly,t,downgrade
S-40adae,A-8145a0,2024-01-26,,Basic,10,190,2280,f,f,f,monthly,t,no_change
S-db4e11,A-49b828,2024-08-09,,Pro,14,686,8232,f,f,f,monthly,t,no_change
S-e4a862,A-3ce5b8,2024-10-03,,Enterprise,8,0,0,t,f,f,annual,t,no_change
S-e7cb68,A-474ad4,2024-01-29,,Pro,9,441,5292,f,f,f,annual,t,no_change
S-e093a9,A-80eeb6,2023-08-02,,Pro,22,1078,12936,f,t,f,monthly,t,upgrade
S-56834c,A-158f4e,2023-08-30,,Pro,61,0,0,t,f,f,monthly,t,no_change
S-11d922,A-533452,2024-11-28,,Enterprise,15,2985,35820,f,f,t,monthly,t,downgrade
S-58b22d,A-6f50ae,2024-12-31,,Enterprise,19,3781,45372,f,f,f,monthly,t,no_change
S-42daaa,A-08e34e,2024-08-07,,Basic,77,1463,17556,f,f,f,annual,f,no_change
S-fa0d9e,A-726cfa,2024-12-16,,Enterprise,38,7562,90744,f,f,f,monthly,f,no_change
S-55c61c,A-8b0451,2024-12-21,,Enterprise,41,8159,97908,f,f,f,annual,t,no_change
S-9917a2,A-ac14bb,2024-02-29,,Pro,26,0,0,t,f,f,annual,t,no_change
S-154918,A-c1dfe1,2024-09-22,,Basic,26,494,5928,f,f,f,monthly,f,no_change
S-20152a,A-fabe19,2024-12-20,,Enterprise,33,0,0,t,f,f,annual,f,no_change
S-f0e08e,A-69b156,2024-09-16,,Enterprise,13,2587,31044,f,f,f,monthly,t,no_change
S-0896f4,A-781cc0,2024-12-08,,Basic,12,228,2736,f,f,f,annual,t,no_change
S-328ac2,A-417d2f,2024-10-14,,Pro,4,196,2352,f,f,f,annual,f,no_change
S-4df118,A-86fc1d,2024-10-28,2024-11-02,Basic,26,494,5928,f,t,f,monthly,t,upgrade
S-01bbff,A-de24d5,2024-11-17,,Basic,5,95,1140,f,f,f,annual,t,no_change
S-31d765,A-7dacce,2024-12-04,,Pro,12,0,0,t,t,f,annual,t,upgrade
S-c64b73,A-de58ca,2023-04-20,,Pro,15,735,8820,f,f,f,annual,t,no_change
S-720940,A-2bc93d,2023-07-29,,Basic,20,380,4560,f,t,f,monthly,t,upgrade
S-e753fa,A-a6d261,2024-02-06,,Pro,28,1372,16464,f,t,f,annual,t,upgrade
S-755502,A-5a3eb9,2024-05-28,,Enterprise,18,3582,42984,f,f,f,annual,t,no_change
S-5480a7,A-94d3da,2023-06-05,,Enterprise,41,8159,97908,f,t,f,annual,t,upgrade
S-db7a77,A-7df7a7,2023-12-13,,Enterprise,15,2985,35820,f,f,f,annual,t,no_change
S-6403db,A-37f969,2023-11-02,,Basic,51,969,11628,f,f,f,monthly,t,no_change
S-22f096,A-c58f49,2024-10-15,,Enterprise,70,13930,167160,f,f,f,monthly,t,no_change
S-20f1bd,A-bb2f49,2024-02-16,,Pro,16,784,9408,f,f,f,monthly,t,no_change
S-bbff6f,A-df10db,2024-05-19,,Pro,26,1274,15288,f,f,f,monthly,t,no_change
S-3a694d,A-781cc0,2024-11-10,,Pro,20,980,11760,f,f,f,monthly,f,no_change
S-e1820e,A-0651a4,2024-11-24,,Enterprise,19,3781,45372,f,f,f,annual,t,no_change
S-67595c,A-508199,2024-02-08,,Basic,27,513,6156,f,f,f,annual,f,no_change
S-17fb4d,A-71615e,2024-07-04,,Enterprise,15,2985,35820,f,f,f,monthly,t,no_change
S-f8a794,A-dec005,2023-12-22,,Enterprise,31,6169,74028,f,f,f,monthly,t,no_change
S-dc1c10,A-139c3b,2024-11-28,,Basic,29,551,6612,f,f,f,annual,t,no_change
S-59d050,A-751c58,2024-10-11,,Pro,45,2205,26460,f,t,f,monthly,t,upgrade
S-a3b329,A-3a7284,2024-12-23,,Basic,37,703,8436,f,f,t,monthly,f,downgrade
S-2881e0,A-42e5e1,2024-07-21,,Pro,1,49,588,f,f,t,annual,t,downgrade
S-5d532c,A-cd458b,2024-12-26,,Enterprise,10,1990,23880,f,f,t,monthly,t,downgrade
S-f9c661,A-1e50e0,2024-09-05,,Enterprise,19,3781,45372,f,f,f,annual,t,no_change
S-817e4b,A-42b791,2024-10-08,,Enterprise,75,14925,179100,f,f,f,annual,f,no_change
S-59be40,A-94f8c9,2024-10-21,,Basic,13,247,2964,f,f,f,annual,t,no_change
S-d82234,A-d77f4c,2024-12-17,2024-12-18,Pro,4,196,2352,f,t,f,annual,t,upgrade
S-68f388,A-671f31,2024-11-27,,Basic,59,1121,13452,f,f,f,monthly,t,no_change
S-eae806,A-c37601,2024-12-30,,Enterprise,54,10746,128952,f,f,f,monthly,f,no_change
S-1f0d7f,A-32728c,2024-05-05,,Basic,20,380,4560,f,f,f,annual,t,no_change
S-544f34,A-fdfc91,2024-05-09,,Pro,29,1421,17052,f,f,f,monthly,t,no_change
S-e71203,A-117171,2024-10-02,,Enterprise,45,8955,107460,f,f,t,monthly,t,downgrade
S-a53eac,A-9077b0,2024-11-18,,Basic,2,0,0,t,f,f,monthly,t,no_change
S-efdeae,A-3793ee,2024-10-23,,Enterprise,49,9751,117012,f,f,f,monthly,f,no_change
S-29ccb8,A-eb1312,2024-12-28,,Basic,25,475,5700,f,f,f,annual,t,no_change
S-467016,A-e83938,2024-11-28,,Enterprise,7,1393,16716,f,f,f,monthly,t,no_change
S-12a13c,A-40a557,2024-12-14,,Enterprise,16,3184,38208,f,f,f,monthly,t,no_change
S-82ffca,A-508199,2024-01-30,,Enterprise,19,3781,45372,f,f,f,annual,f,no_change
S-85b5ce,A-e7a1e2,2024-12-26,,Basic,10,190,2280,f,f,f,annual,t,no_change
S-c1c645,A-443b7c,2024-10-06,,Basic,4,76,912,f,t,f,annual,t,upgrade
S-02984e,A-2e3bad,2024-06-21,,Enterprise,61,12139,145668,f,f,f,annual,t,no_change
S-15e705,A-adc1f3,2024-12-18,,Pro,9,441,5292,f,f,f,annual,t,no_change
S-0a19d1,A-5b4ebb,2024-10-21,,Enterprise,21,4179,50148,f,f,f,annual,f,no_change
S-d50d25,A-6f50ae,2024-07-13,,Pro,19,931,11172,f,f,f,annual,t,no_change
S-cb2ad3,A-52dd88,2024-11-13,,Basic,28,532,6384,f,t,f,annual,t,upgrade
S-15afd8,A-5c046d,2024-12-18,,Enterprise,93,18507,222084,f,f,f,annual,t,no_change
S-e79dbc,A-2e4581,2024-10-30,,Pro,66,0,0,t,f,f,monthly,t,no_change
S-33200e,A-f5641b,2024-08-06,,Enterprise,31,6169,74028,f,f,f,monthly,t,no_change
S-d5eae3,A-e7a1e2,2024-08-09,,Enterprise,12,2388,28656,f,f,f,monthly,f,no_change
S-f20079,A-8ae3fc,2024-12-16,,Basic,20,380,4560,f,f,f,monthly,t,no_change
S-93622a,A-d4ac0e,2024-05-10,,Basic,156,0,0,t,f,f,monthly,t,no_change
S-c62bb7,A-0a62f5,2024-09-16,,Enterprise,16,3184,38208,f,f,f,monthly,t,no_change
S-6696a0,A-82861f,2024-08-04,,Basic,41,779,9348,f,f,f,monthly,t,no_change
S-510999,A-7da956,2024-06-30,,Enterprise,13,0,0,t,t,f,monthly,t,upgrade
S-255846,A-9a532a,2024-08-28,,Enterprise,33,6567,78804,f,f,f,monthly,t,no_change
S-fd8bb6,A-337bc1,2023-08-02,,Pro,30,1470,17640,f,f,f,monthly,t,no_change
S-d7461b,A-fa3095,2023-12-17,,Pro,70,3430,41160,f,f,f,monthly,t,no_change
S-2361ec,A-c45b23,2024-12-12,2024-12-15,Enterprise,26,5174,62088,f,f,f,annual,t,no_change
S-9c47f6,A-5b1bcd,2024-04-13,,Pro,73,0,0,t,f,f,annual,t,no_change
S-c20518,A-b2af2e,2024-10-14,,Enterprise,5,995,11940,f,f,f,monthly,t,no_change
S-cdf835,A-f19409,2024-04-17,,Pro,23,1127,13524,f,f,f,monthly,f,no_change
S-cde2c6,A-dec005,2024-09-17,,Enterprise,21,4179,50148,f,f,f,monthly,t,no_change
S-af6974,A-86cdb4,2024-11-23,,Pro,18,882,10584,f,f,f,annual,t,no_change
S-38c5fd,A-32fb14,2023-11-20,2024-06-28,Basic,26,494,5928,f,f,f,annual,t,no_change
S-7bf6d8,A-fe79a5,2024-03-23,,Basic,9,0,0,t,f,f,annual,t,no_change
S-ada98e,A-2789e3,2024-10-21,,Basic,11,209,2508,f,t,f,annual,t,upgrade
S-3a3be9,A-1b707d,2024-05-03,2024-07-14,Basic,8,152,1824,f,f,f,annual,t,no_change
S-d4e525,A-7988d1,2024-07-25,,Basic,33,627,7524,f,f,f,annual,t,no_change
S-8a6579,A-80eeb6,2024-11-01,,Basic,22,418,5016,f,t,f,annual,t,upgrade
S-db7a97,A-e60f9d,2024-11-11,,Enterprise,48,9552,114624,f,f,t,monthly,t,downgrade
S-699110,A-fda07f,2024-10-01,,Enterprise,27,5373,64476,f,t,f,annual,f,upgrade
S-f5f52a,A-7641d3,2024-06-18,,Pro,8,392,4704,f,f,f,annual,t,no_change
S-748318,A-726cfa,2024-11-03,,Basic,14,266,3192,f,f,f,annual,t,no_change
S-bb7eef,A-798a3f,2023-12-26,2024-04-24,Basic,31,589,7068,f,t,f,annual,t,upgrade
S-af6536,A-13466a,2024-02-11,2024-10-28,Enterprise,40,7960,95520,f,f,f,monthly,t,no_change
S-5f75b5,A-1b707d,2024-04-13,,Enterprise,19,3781,45372,f,f,f,annual,t,no_change
S-6f47c5,A-0b0d6d,2024-12-31,2024-12-31,Enterprise,13,2587,31044,f,f,f,annual,t,no_change
S-552434,A-7f4db3,2024-08-14,,Pro,79,3871,46452,f,f,f,annual,t,no_change
S-86615c,A-592832,2024-10-03,,Enterprise,26,5174,62088,f,t,f,monthly,t,upgrade
S-778307,A-f17767,2023-11-15,,Pro,23,1127,13524,f,f,f,monthly,t,no_change
S-1e1853,A-089363,2024-11-25,2024-12-31,Enterprise,26,5174,62088,f,f,f,monthly,t,no_change
S-e371b7,A-310452,2024-12-28,,Enterprise,50,9950,119400,f,f,f,monthly,t,no_change
S-36885c,A-02cd81,2024-04-07,,Pro,44,0,0,t,f,f,annual,t,no_change
S-304f59,A-625d0b,2024-10-15,,Basic,25,0,0,t,f,f,annual,t,no_change
S-3e5d57,A-503d5a,2024-01-24,,Basic,25,0,0,t,f,f,annual,t,no_change
S-013f5c,A-40de06,2024-07-16,,Pro,35,0,0,t,f,f,annual,t,no_change
S-acb7af,A-8adedc,2024-05-23,,Enterprise,4,0,0,t,f,f,annual,t,no_change
S-9fae95,A-96bbc6,2024-12-08,,Enterprise,56,11144,133728,f,t,f,annual,t,upgrade
S-70cf3c,A-3b5cd1,2024-03-24,,Pro,13,637,7644,f,f,f,monthly,t,no_change
S-d26bbf,A-054577,2024-06-29,,Pro,35,1715,20580,f,f,f,monthly,t,no_change
S-f7ef84,A-b11cd0,2023-12-30,,Pro,26,1274,15288,f,f,f,annual,t,no_change
S-7480e6,A-524364,2024-12-31,,Enterprise,43,8557,102684,f,f,f,annual,t,no_change
S-b95b76,A-dbc825,2024-05-02,,Pro,19,931,11172,f,f,f,monthly,t,no_change
S-639754,A-034368,2023-12-14,,Basic,19,0,0,t,f,f,monthly,t,no_change
S-06e3cd,A-42e5e1,2024-10-22,,Basic,22,0,0,t,f,f,monthly,t,no_change
S-0e43ee,A-09540c,2024-05-28,,Enterprise,67,13333,159996,f,f,f,monthly,t,no_change
S-a408fe,A-02fac6,2024-10-18,,Pro,22,1078,12936,f,t,f,monthly,t,upgrade
S-916cca,A-e51ec7,2024-10-04,2024-10-31,Basic,3,0,0,t,t,f,annual,t,upgrade
S-332e0d,A-3b5cd1,2023-09-30,,Pro,13,0,0,t,f,t,monthly,t,downgrade
S-5798f3,A-d77f4c,2024-07-21,,Pro,7,343,4116,f,f,f,monthly,f,no_change
S-ea389c,A-df10db,2024-09-08,,Basic,14,266,3192,f,f,f,monthly,t,no_change
S-8932ce,A-fa3095,2024-12-18,,Basic,70,1330,15960,f,f,f,monthly,t,no_change
S-14d515,A-eb7c38,2024-07-02,,Enterprise,33,6567,78804,f,f,f,monthly,f,no_change
S-99efdc,A-4e44e8,2024-12-19,,Enterprise,17,3383,40596,f,f,f,annual,t,no_change
S-183502,A-4e960a,2024-04-11,,Enterprise,71,14129,169548,f,f,f,monthly,t,no_change
S-7ff88c,A-b7ef83,2024-12-30,,Pro,12,588,7056,f,f,f,monthly,f,no_change
S-583674,A-7c5768,2024-09-28,,Pro,6,0,0,t,f,f,monthly,t,no_change
S-6e0386,A-2d4502,2024-09-04,,Enterprise,22,4378,52536,f,f,f,monthly,t,no_change
S-79535e,A-4a4c2d,2024-12-11,,Pro,54,2646,31752,f,f,f,monthly,t,no_change
S-180ae3,A-cab532,2024-03-25,,Pro,11,539,6468,f,f,f,annual,t,no_change
S-31be9c,A-5f2961,2024-12-02,,Basic,55,1045,12540,f,f,f,monthly,f,no_change
S-183460,A-310452,2024-12-29,,Basic,9,171,2052,f,f,f,annual,t,no_change
S-2b608a,A-adc1f3,2024-09-18,,Basic,16,0,0,t,f,f,monthly,t,no_change
S-499ea3,A-c16cf7,2024-10-21,2024-11-12,Enterprise,24,4776,57312,f,f,f,monthly,t,no_change
S-a916c8,A-3cc791,2024-04-26,,Basic,12,0,0,t,f,f,monthly,f,no_change
S-4e563b,A-10b8f2,2024-04-26,,Basic,103,1957,23484,f,f,f,annual,t,no_change
S-f4e0a6,A-e61e98,2024-08-31,,Basic,19,361,4332,f,f,f,monthly,t,no_change
S-7717d6,A-378b99,2024-12-02,,Enterprise,32,0,0,t,t,f,monthly,t,upgrade
S-ff4e21,A-7a0d69,2024-11-22,,Pro,6,294,3528,f,t,f,annual,t,upgrade
S-40b133,A-432483,2023-04-11,,Basic,4,0,0,t,f,f,annual,f,no_change
S-92f228,A-779e4e,2023-01-09,,Basic,9,171,2052,f,f,f,annual,t,no_change
S-2aec7e,A-ce66f8,2024-05-21,,Basic,29,551,6612,f,f,f,annual,t,no_change
S-78f326,A-4c38bc,2024-04-21,,Basic,36,0,0,t,f,f,monthly,t,no_change
S-0e12d4,A-a45270,2024-08-02,,Pro,13,637,7644,f,f,f,monthly,t,no_change
S-9093cf,A-8ed5dd,2024-02-18,,Enterprise,30,5970,71640,f,f,f,monthly,t,no_change
S-db94ad,A-313be3,2024-11-14,,Enterprise,47,0,0,t,f,f,annual,t,no_change
S-59edf9,A-427b69,2024-12-16,,Basic,17,323,3876,f,f,f,monthly,f,no_change
S-e854de,A-18793f,2024-12-25,,Pro,148,7252,87024,f,f,f,monthly,t,no_change
S-28eeec,A-89ee83,2024-11-29,,Pro,2,98,1176,f,t,f,annual,t,upgrade
S-b93c11,A-9f9299,2024-07-08,,Basic,28,532,6384,f,f,f,monthly,f,no_change
S-6cb3d7,A-fd7ad3,2024-11-26,2024-12-20,Pro,11,539,6468,f,t,f,annual,t,upgrade
S-bbdf5c,A-b7ef83,2024-06-21,,Enterprise,8,1592,19104,f,f,f,monthly,t,no_change
S-5b8c4f,A-7c5768,2024-05-05,,Basic,8,152,1824,f,f,f,monthly,f,no_change
S-6b9696,A-c16cf7,2024-12-23,,Basic,35,665,7980,f,f,f,annual,t,no_change
S-9f009b,A-68f37c,2023-11-30,,Basic,16,0,0,t,f,f,monthly,t,no_change
S-8317da,A-d49cc5,2024-12-10,,Basic,50,950,11400,f,f,f,monthly,t,no_change
S-d61866,A-f17767,2023-03-22,,Enterprise,6,1194,14328,f,t,f,monthly,t,upgrade
S-0b8b0c,A-f17767,2024-08-03,,Enterprise,1,199,2388,f,f,f,monthly,f,no_change
S-084930,A-c1e51e,2024-12-08,,Enterprise,3,597,7164,f,f,f,monthly,t,no_change
S-2abab6,A-ae052e,2024-01-22,2024-10-29,Pro,39,0,0,t,f,t,monthly,t,downgrade
S-6b144c,A-3cc791,2024-04-10,,Basic,16,304,3648,f,f,f,annual,t,no_change
S-0efc9b,A-4bfa33,2024-12-13,,Basic,12,228,2736,f,f,f,monthly,t,no_change
S-f690e0,A-1f559b,2024-07-25,,Basic,7,133,1596,f,f,f,monthly,t,no_change
S-6ac338,A-2b9d3e,2024-08-29,,Basic,28,532,6384,f,f,f,annual,t,no_change
S-f52c97,A-40de06,2024-11-17,,Basic,28,532,6384,f,f,t,annual,t,downgrade
S-8b00ff,A-40906c,2024-06-19,,Enterprise,92,18308,219696,f,f,f,annual,t,no_change
S-c7f25a,A-87aa7b,2024-08-10,,Basic,25,475,5700,f,t,f,monthly,t,upgrade
S-dbee03,A-49b828,2023-05-16,,Basic,9,171,2052,f,f,f,monthly,t,no_change
S-1f15a2,A-7f4db3,2023-04-05,,Basic,39,0,0,t,f,f,annual,t,no_change
S-3da8ee,A-271f46,2024-11-22,,Enterprise,46,9154,109848,f,f,f,monthly,t,no_change
S-51dfbc,A-7f8241,2023-09-24,,Pro,34,1666,19992,f,f,f,monthly,f,no_change
S-027102,A-3c1a3f,2024-09-30,,Enterprise,3,597,7164,f,f,f,annual,t,no_change
S-d6f31b,A-b20d99,2024-11-03,,Enterprise,20,3980,47760,f,t,f,monthly,t,upgrade
S-b5b39a,A-1f0636,2024-03-17,,Pro,105,0,0,t,f,f,annual,t,no_change
S-7ab956,A-53f4e3,2024-12-03,,Basic,13,247,2964,f,f,f,annual,t,no_change
S-0a7396,A-54d94a,2024-02-24,,Pro,27,1323,15876,f,f,t,monthly,t,downgrade
S-337c84,A-2bc93d,2024-09-22,,Basic,29,551,6612,f,t,f,annual,t,upgrade
S-b8c3e6,A-8ae05d,2024-12-13,,Enterprise,86,0,0,t,f,f,monthly,t,no_change
S-cd5968,A-ee42db,2023-10-21,,Pro,13,637,7644,f,f,f,monthly,t,no_change
S-dc3e11,A-2f6a32,2024-12-01,,Pro,19,931,11172,f,f,f,monthly,t,no_change
S-b18409,A-92a3af,2024-10-26,,Pro,25,1225,14700,f,f,f,monthly,t,no_change
S-d365af,A-4e44e8,2024-09-01,,Basic,11,209,2508,f,f,f,annual,t,no_change
S-eaf2e2,A-427b69,2024-10-24,,Pro,17,833,9996,f,f,f,annual,f,no_change
S-b7482e,A-cbd1a3,2024-12-16,,Basic,34,646,7752,f,f,f,annual,t,no_change
S-74704b,A-cb5333,2024-12-15,,Pro,33,1617,19404,f,f,f,monthly,t,no_change
S-f8e091,A-34d880,2024-10-21,,Enterprise,5,995,11940,f,f,f,monthly,t,no_change
S-41d741,A-65aeb5,2024-08-23,,Basic,28,532,6384,f,f,f,annual,t,no_change
S-79e254,A-474ad4,2024-03-23,,Pro,53,2597,31164,f,f,f,annual,f,no_change
S-2d21b9,A-b7b7b7,2024-07-12,,Pro,24,1176,14112,f,f,f,annual,t,no_change
S-d56460,A-d62e02,2024-10-02,,Enterprise,16,3184,38208,f,f,f,annual,t,no_change
S-8921cb,A-50bb9f,2024-07-22,,Enterprise,35,6965,83580,f,f,f,monthly,t,no_change
S-920d64,A-b7724f,2024-07-21,,Basic,12,228,2736,f,f,f,annual,t,no_change
S-ae7a5d,A-22f2df,2024-12-21,,Pro,15,735,8820,f,f,f,annual,t,no_change
S-d518e8,A-e4144b,2024-12-06,,Basic,41,0,0,t,f,f,monthly,t,no_change
S-3f1bb5,A-7e0a10,2023-12-21,,Basic,46,874,10488,f,f,f,annual,t,no_change
S-83ee41,A-ad3abd,2023-04-20,,Basic,44,836,10032,f,f,f,annual,t,no_change
S-9eeb7e,A-029f69,2024-12-02,,Basic,11,209,2508,f,f,f,monthly,f,no_change
S-649bb6,A-9f9299,2024-07-18,,Enterprise,28,5572,66864,f,f,f,annual,f,no_change
S-9f8b23,A-118f1c,2024-12-24,2024-12-26,Enterprise,128,25472,305664,f,f,f,annual,t,no_change
S-510009,A-0651a4,2024-11-16,,Enterprise,16,3184,38208,f,f,f,monthly,t,no_change
S-295bac,A-779e4e,2023-07-13,,Enterprise,58,11542,138504,f,f,f,monthly,t,no_change
S-b555de,A-af0cd2,2023-10-04,,Basic,19,361,4332,f,t,f,monthly,t,upgrade
S-1f5841,A-b30291,2024-05-08,,Basic,5,95,1140,f,f,f,annual,t,no_change
S-0d6da2,A-e4144b,2024-11-28,,Enterprise,41,0,0,t,f,f,monthly,f,no_change
S-5c4dd7,A-0b0d6d,2024-12-31,,Pro,21,1029,12348,f,f,f,annual,t,no_change
S-904529,A-fe79a5,2024-03-02,2024-10-02,Basic,19,0,0,t,t,f,monthly,t,upgrade
S-eed91a,A-22d9d2,2024-12-17,2024-12-20,Pro,32,1568,18816,f,f,t,monthly,t,downgrade
S-71466f,A-d5a319,2024-01-16,,Basic,15,285,3420,f,f,f,annual,t,no_change
S-24d48b,A-7c83a1,2024-05-16,2024-07-29,Pro,12,588,7056,f,f,f,annual,t,no_change
S-518ce3,A-98a59a,2024-08-01,,Pro,148,0,0,t,f,t,annual,t,downgrade
S-0e0ec8,A-cc102e,2024-05-06,,Basic,13,247,2964,f,f,f,annual,t,no_change
S-fe0869,A-d4e0d4,2024-11-16,,Enterprise,117,23283,279396,f,f,f,annual,t,no_change
S-457294,A-fa3095,2024-06-07,,Enterprise,70,13930,167160,f,f,f,monthly,t,no_change
S-3bb28f,A-37f969,2024-01-20,,Enterprise,30,5970,71640,f,t,f,monthly,t,upgrade
S-31d8aa,A-96bbc6,2024-05-28,,Pro,39,1911,22932,f,t,f,annual,t,upgrade
S-29c16b,A-afa505,2024-07-24,2024-10-06,Pro,70,3430,41160,f,f,f,monthly,t,no_change
S-b3f2cb,A-812c5b,2024-06-19,,Enterprise,55,0,0,t,f,f,monthly,t,no_change
S-5d6528,A-22d9d2,2024-07-23,,Enterprise,8,1592,19104,f,f,f,monthly,t,no_change
S-dbb8b9,A-58b9ff,2024-08-09,,Pro,2,98,1176,f,f,f,monthly,f,no_change
S-9f7ef0,A-b3fe05,2024-10-31,,Enterprise,46,9154,109848,f,f,f,monthly,t,no_change
S-2178f0,A-b30291,2024-09-26,2024-11-02,Basic,5,0,0,t,f,f,monthly,t,no_change
S-31cec4,A-34ea2f,2024-10-28,,Basic,8,152,1824,f,f,f,monthly,t,no_change
S-a1426b,A-cc98bc,2023-12-31,,Basic,32,608,7296,f,f,f,annual,f,no_change
S-5ea66d,A-503d5a,2024-12-18,,Enterprise,4,796,9552,f,f,f,annual,t,no_change
S-4f9730,A-8adedc,2024-07-21,,Enterprise,25,0,0,t,f,f,monthly,t,no_change
S-befdf1,A-68f37c,2024-02-27,,Basic,13,247,2964,f,f,f,monthly,t,no_change
S-2b504d,A-6a4e2d,2023-07-12,,Enterprise,9,1791,21492,f,f,f,annual,t,no_change
S-4484ae,A-b07346,2024-12-08,,Enterprise,51,10149,121788,f,t,f,monthly,t,upgrade
S-a2e1dd,A-c37cab,2024-08-10,2024-09-29,Enterprise,13,0,0,t,f,f,monthly,t,no_change
S-00dea4,A-a6d261,2024-01-14,,Enterprise,15,2985,35820,f,f,f,monthly,t,no_change
S-b73fdf,A-dbc825,2024-04-26,2024-08-07,Basic,19,361,4332,f,f,f,annual,t,no_change
S-07e821,A-e61e98,2023-11-09,,Pro,37,1813,21756,f,f,f,monthly,t,no_change
S-c8292c,A-cb5333,2024-05-04,,Basic,51,0,0,t,f,f,annual,t,no_change
S-47b86b,A-524364,2024-12-31,,Pro,11,539,6468,f,f,f,monthly,t,no_change
S-07976e,A-81edc3,2024-07-12,,Pro,5,245,2940,f,f,f,monthly,t,no_change
S-412125,A-1b9609,2024-01-14,,Basic,16,304,3648,f,f,f,monthly,t,no_change
S-1d15a7,A-1e50e0,2023-03-23,,Enterprise,19,3781,45372,f,t,f,monthly,t,upgrade
S-655049,A-9779ad,2024-10-27,,Basic,40,0,0,t,f,f,monthly,f,no_change
S-9cfabf,A-0f3e88,2023-08-05,,Basic,7,133,1596,f,f,f,annual,t,no_change
S-dd80e4,A-0532a9,2024-11-24,,Enterprise,21,4179,50148,f,t,f,annual,t,upgrade
S-1fb7ac,A-117171,2024-12-14,2024-12-17,Pro,45,2205,26460,f,f,f,annual,t,no_change
S-576519,A-cc98bc,2023-05-27,,Enterprise,32,6368,76416,f,f,f,monthly,t,no_change
S-b23ec5,A-3be56b,2024-05-01,,Enterprise,18,3582,42984,f,f,t,annual,t,downgrade
S-1cb993,A-84ebe4,2023-05-10,,Basic,18,342,4104,f,f,f,annual,t,no_change
S-c87692,A-dcc2f0,2023-10-02,,Basic,15,285,3420,f,f,f,annual,t,no_change
S-2aaa9c,A-4c38bc,2024-12-10,,Pro,36,1764,21168,f,f,f,monthly,t,no_change
S-8426e7,A-42e5e1,2024-10-18,,Enterprise,22,4378,52536,f,f,f,annual,t,no_change
S-ed857b,A-ad64c6,2024-03-07,,Enterprise,12,2388,28656,f,f,f,monthly,f,no_change
S-2843fe,A-089363,2024-06-26,,Basic,2,0,0,t,f,f,monthly,t,no_change
S-4c8e19,A-659280,2024-11-21,,Basic,17,323,3876,f,f,f,monthly,f,no_change
S-b4b084,A-ced9aa,2024-12-21,,Enterprise,5,995,11940,f,f,f,monthly,t,no_change
S-0802a4,A-a45270,2024-08-24,,Pro,79,3871,46452,f,f,f,annual,t,no_change
S-37879d,A-9779ad,2024-09-17,,Pro,40,1960,23520,f,f,f,monthly,f,no_change
S-8048cc,A-eb7c38,2024-07-04,,Basic,9,171,2052,f,f,t,annual,t,downgrade
S-c2a14b,A-526d93,2024-11-08,2024-11-10,Enterprise,43,8557,102684,f,f,f,annual,f,no_change
S-549340,A-eb1312,2024-09-18,,Pro,25,1225,14700,f,f,f,monthly,t,no_change
S-83d49e,A-dbc825,2024-07-27,,Pro,19,931,11172,f,f,f,annual,t,no_change
S-2ad954,A-b9f5b1,2023-03-12,,Enterprise,42,0,0,t,f,f,monthly,t,no_change
S-4e4ef4,A-9ee962,2023-07-09,,Pro,25,1225,14700,f,f,t,monthly,t,downgrade
S-a0d68d,A-c58f49,2024-08-10,,Basic,70,1330,15960,f,f,f,monthly,t,no_change
S-f3f2bd,A-560d27,2024-12-17,,Basic,29,0,0,t,f,f,annual,t,no_change
S-37a9e3,A-c608c8,2024-06-07,2024-06-29,Enterprise,11,2189,26268,f,f,f,monthly,f,no_change
S-c9d475,A-1986ca,2023-07-06,,Enterprise,20,3980,47760,f,f,f,annual,f,no_change
S-646813,A-a45270,2024-09-14,,Enterprise,14,0,0,t,f,f,monthly,t,no_change
S-d0bab8,A-94f8c9,2024-06-26,,Basic,74,1406,16872,f,t,f,annual,t,upgrade
S-57bbae,A-a09355,2024-11-05,,Pro,14,686,8232,f,f,f,monthly,t,no_change
S-59778a,A-f6b2fb,2024-08-11,,Enterprise,49,9751,117012,f,f,f,monthly,t,no_change
S-94c40b,A-7c6b6b,2024-12-06,2024-12-26,Pro,26,1274,15288,f,f,f,annual,t,no_change
S-b9c6ce,A-e1462e,2024-10-06,,Enterprise,15,0,0,t,f,f,monthly,t,no_change
S-f1ffee,A-96215d,2024-09-30,,Enterprise,16,3184,38208,f,f,f,annual,f,no_change
S-cc30c5,A-b78bf8,2024-11-17,,Basic,33,627,7524,f,f,f,monthly,t,no_change
S-9fa60e,A-712426,2024-12-15,,Basic,9,171,2052,f,f,f,annual,t,no_change
S-44c2c1,A-2d1036,2024-08-02,,Pro,69,3381,40572,f,f,t,annual,t,downgrade
S-3d6648,A-e2cd1b,2024-10-05,,Enterprise,15,0,0,t,f,f,monthly,t,no_change
S-d97fa8,A-508199,2024-02-20,,Basic,19,361,4332,f,f,f,monthly,t,no_change
S-398291,A-acb7f7,2024-07-15,,Enterprise,32,6368,76416,f,f,f,monthly,t,no_change
S-d7ee6f,A-35083d,2023-08-10,,Enterprise,19,3781,45372,f,t,f,annual,t,upgrade
S-3663bb,A-de24d5,2024-12-19,,Enterprise,5,0,0,t,f,f,monthly,t,no_change
S-81cd46,A-ced9aa,2024-10-11,,Enterprise,6,1194,14328,f,f,f,annual,t,no_change
S-e6678a,A-54ecc2,2023-08-16,,Pro,4,196,2352,f,f,f,annual,f,no_change
S-69b66d,A-6da850,2024-01-08,,Basic,25,475,5700,f,t,f,annual,t,upgrade
S-68565b,A-5c046d,2024-12-02,,Basic,93,1767,21204,f,f,f,annual,f,no_change
S-00b0bc,A-089363,2024-12-12,,Enterprise,9,0,0,t,f,f,annual,t,no_change
S-f6ca9e,A-c7ffc2,2024-10-27,,Enterprise,30,5970,71640,f,f,f,annual,t,no_change
S-8fd696,A-dec005,2024-11-15,2024-12-03,Enterprise,54,10746,128952,f,f,f,annual,f,no_change
S-71cb15,A-2d4502,2024-12-12,,Enterprise,34,6766,81192,f,f,f,annual,t,no_change
S-37dc91,A-a1bbb6,2024-10-04,,Pro,15,0,0,t,f,f,annual,t,no_change
S-6cf72f,A-a8d89d,2024-09-24,,Basic,17,0,0,t,t,f,monthly,t,upgrade
S-117d65,A-86902e,2024-11-30,,Basic,34,646,7752,f,f,f,annual,t,no_change
S-529f0c,A-592832,2024-11-28,2024-12-10,Pro,18,0,0,t,f,f,monthly,t,no_change
S-3d58c6,A-054577,2024-06-15,,Basic,34,646,7752,f,f,f,monthly,t,no_change
S-b33593,A-7641d3,2023-10-02,,Pro,11,0,0,t,f,f,monthly,f,no_change
S-c6287d,A-075038,2024-07-25,,Pro,17,833,9996,f,f,f,monthly,t,no_change
S-a2cd6a,A-508199,2024-12-11,,Enterprise,19,0,0,t,f,f,monthly,t,no_change
S-30a9dd,A-417d2f,2024-10-30,,Basic,8,0,0,t,f,f,annual,t,no_change
S-eef0cd,A-600734,2024-01-13,,Pro,29,1421,17052,f,f,f,annual,t,no_change
S-15a897,A-d26ab4,2024-11-08,,Enterprise,9,0,0,t,f,f,annual,f,no_change
S-9ee11d,A-104f1a,2024-10-11,,Pro,24,1176,14112,f,f,f,monthly,t,no_change
S-f76252,A-560d27,2024-10-07,,Basic,23,437,5244,f,f,f,annual,t,no_change
S-d920e7,A-bc4d48,2024-11-28,,Enterprise,35,6965,83580,f,f,f,annual,f,no_change
S-75985b,A-3793ee,2023-11-25,,Enterprise,49,0,0,t,f,f,monthly,t,no_change
S-765a5f,A-c9bb3e,2024-04-01,2024-04-02,Pro,35,1715,20580,f,f,f,annual,t,no_change
S-c318ea,A-ccb686,2024-08-17,,Enterprise,10,1990,23880,f,f,f,monthly,t,no_change
S-964542,A-a8b49c,2024-09-25,,Enterprise,12,2388,28656,f,f,f,annual,t,no_change
S-6c4770,A-fa3095,2023-09-18,,Enterprise,70,0,0,t,f,f,monthly,t,no_change
S-694277,A-34d880,2024-10-11,,Enterprise,4,796,9552,f,f,f,monthly,t,no_change
S-97fab7,A-8ed5dd,2024-03-27,2024-10-08,Basic,5,95,1140,f,f,f,annual,f,no_change
S-fb4fae,A-39b19f,2024-03-25,2024-05-01,Enterprise,41,8159,97908,f,f,f,monthly,t,no_change
S-7b211a,A-e5d6ab,2024-11-10,,Pro,32,1568,18816,f,f,f,annual,t,no_change
S-da9362,A-b2225d,2024-05-21,,Basic,47,893,10716,f,f,f,annual,t,no_change
S-79b038,A-b07b56,2024-11-29,,Basic,25,475,5700,f,f,f,annual,t,no_change
S-9a6a1b,A-c16b88,2024-03-09,,Pro,23,0,0,t,f,f,annual,t,no_change
S-82348a,A-4e960a,2024-04-02,,Basic,12,0,0,t,f,f,annual,f,no_change
S-df0314,A-39ddf4,2024-12-21,,Pro,40,1960,23520,f,f,f,monthly,t,no_change
S-dd5a4c,A-716841,2024-05-13,,Basic,161,3059,36708,f,f,f,annual,t,no_change
S-54bb4e,A-54d94a,2023-12-16,,Basic,55,1045,12540,f,f,f,monthly,t,no_change
S-d98caa,A-09316c,2024-12-29,,Enterprise,70,13930,167160,f,f,f,annual,t,no_change
S-eea4ae,A-ffc04f,2024-09-14,,Pro,13,0,0,t,f,f,monthly,f,no_change
S-bd02dd,A-eb7fac,2023-12-26,,Pro,12,588,7056,f,f,f,monthly,t,no_change
S-6d4050,A-854864,2024-12-09,,Enterprise,20,3980,47760,f,f,f,monthly,t,no_change
S-3bb329,A-1e1b80,2024-07-21,,Pro,50,2450,29400,f,f,f,monthly,t,no_change
S-f639fb,A-9f2731,2024-10-12,,Pro,27,0,0,t,f,f,monthly,t,no_change
S-466093,A-883b7d,2024-08-17,,Basic,78,1482,17784,f,f,f,annual,t,no_change
S-8bbfcd,A-eb1312,2024-12-02,,Basic,25,475,5700,f,f,f,annual,f,no_change
S-ff23a7,A-35083d,2024-08-04,,Pro,48,0,0,t,f,f,monthly,t,no_change
S-c92099,A-7f4db3,2024-12-08,2024-12-14,Enterprise,24,4776,57312,f,f,f,annual,t,no_change
S-188518,A-86fc1d,2024-11-08,,Enterprise,26,0,0,t,f,f,monthly,t,no_change
S-4f8c90,A-32fb14,2024-03-18,,Basic,29,551,6612,f,f,f,annual,t,no_change
S-495e57,A-bbc346,2024-08-31,2024-10-26,Pro,20,980,11760,f,t,f,annual,t,upgrade
S-3fbf9e,A-00bed1,2024-04-06,,Pro,28,1372,16464,f,f,f,monthly,t,no_change
S-15be1c,A-b20d99,2024-09-26,,Pro,27,1323,15876,f,f,f,monthly,t,no_change
S-a18ab0,A-309e54,2024-12-21,,Pro,15,735,8820,f,f,f,monthly,t,no_change
S-008cab,A-202b67,2024-05-31,,Pro,11,539,6468,f,f,f,monthly,f,no_change
S-09950d,A-5f2961,2024-11-27,,Enterprise,7,1393,16716,f,f,f,annual,t,no_change
S-8b24a0,A-309e54,2024-12-29,2024-12-30,Pro,33,1617,19404,f,f,f,monthly,t,no_change
S-648618,A-726cfa,2023-09-07,,Pro,21,1029,12348,f,f,f,monthly,f,no_change
S-d9659f,A-aa9511,2024-07-04,,Enterprise,23,4577,54924,f,f,f,annual,f,no_change
S-ddbad0,A-bad8c1,2023-09-16,,Basic,42,798,9576,f,f,f,monthly,t,no_change
S-1f9da0,A-977ca0,2023-10-15,,Basic,11,209,2508,f,f,f,monthly,f,no_change
S-74f146,A-18793f,2024-12-23,,Pro,148,7252,87024,f,f,f,monthly,t,no_change
S-e0179e,A-69fad4,2024-03-24,,Pro,13,0,0,t,f,f,monthly,t,no_change
S-8055fa,A-09540c,2024-08-03,2024-11-29,Basic,67,1273,15276,f,f,f,monthly,t,no_change
S-c1446e,A-9289f6,2023-11-15,,Enterprise,22,0,0,t,f,f,monthly,t,no_change
S-27e9ad,A-05f0e5,2023-10-18,,Basic,32,608,7296,f,f,f,annual,t,no_change
S-c08805,A-6f8ad2,2024-09-03,2024-10-03,Pro,18,882,10584,f,f,f,annual,t,no_change
S-4012d6,A-f92792,2024-10-31,,Pro,15,735,8820,f,t,f,annual,t,upgrade
S-4236fa,A-4437e4,2023-11-17,,Basic,17,323,3876,f,f,f,monthly,t,no_change
S-a87c2f,A-4ae22a,2024-05-28,2024-10-14,Enterprise,28,5572,66864,f,f,f,annual,f,no_change
S-3df6ee,A-afa505,2024-05-10,,Enterprise,70,13930,167160,f,f,f,monthly,t,no_change
S-ca9532,A-309e54,2024-12-14,,Enterprise,15,2985,35820,f,f,f,annual,t,no_change
S-be42e1,A-9f2731,2024-10-22,,Pro,39,0,0,t,f,f,annual,t,no_change
S-7d4d45,A-474ad4,2023-12-20,,Basic,17,323,3876,f,f,f,annual,t,no_change
S-3c5dab,A-7da956,2024-08-13,,Basic,13,247,2964,f,f,f,monthly,t,no_change
S-e43d0d,A-de24d5,2024-11-18,,Enterprise,37,7363,88356,f,f,f,annual,t,no_change
S-f5df4a,A-58b9ff,2024-06-26,,Pro,6,294,3528,f,f,f,annual,f,no_change
S-9925b9,A-cea1f0,2024-06-01,,Basic,25,475,5700,f,f,t,annual,f,downgrade
S-1ff580,A-6965e1,2024-12-26,,Enterprise,13,2587,31044,f,f,f,monthly,f,no_change
S-f40285,A-bb1eaa,2024-07-28,,Basic,21,399,4788,f,f,f,monthly,t,no_change
S-c59502,A-bf7919,2024-12-07,,Enterprise,3,597,7164,f,f,f,monthly,t,no_change
S-54283b,A-4c56c9,2024-08-27,2024-11-03,Enterprise,49,9751,117012,f,f,f,monthly,t,no_change
S-b48787,A-02fac6,2023-10-21,,Pro,22,1078,12936,f,f,f,annual,t,no_change
S-d859b7,A-66224b,2024-12-30,,Enterprise,92,0,0,t,f,f,annual,t,no_change
S-49d73e,A-f44180,2024-06-30,,Enterprise,35,0,0,t,f,f,annual,t,no_change
S-dfad0a,A-7d514c,2024-09-08,,Basic,17,0,0,t,f,f,monthly,t,no_change
S-dec1fb,A-297a2d,2023-08-30,,Enterprise,36,7164,85968,f,t,f,monthly,f,upgrade
S-90a6c9,A-c37cab,2024-10-18,,Pro,46,0,0,t,f,f,monthly,t,no_change
S-e339fb,A-c1e51e,2024-10-31,2024-12-18,Enterprise,14,2786,33432,f,f,f,annual,t,no_change
S-f4a92a,A-ccb686,2024-02-02,,Pro,14,686,8232,f,f,f,annual,f,no_change
S-d1f7ad,A-c222ab,2024-10-31,2024-11-29,Basic,32,608,7296,f,f,f,annual,f,no_change
S-81fc45,A-5a215a,2024-02-05,,Pro,87,0,0,t,f,f,annual,t,no_change
S-a25ed2,A-65aeb5,2024-08-19,2024-09-25,Enterprise,9,1791,21492,f,f,f,monthly,t,no_change
S-51b3ed,A-702032,2024-10-28,,Basic,28,532,6384,f,t,f,annual,t,upgrade
S-d604ec,A-67be94,2023-08-29,,Basic,26,494,5928,f,f,f,monthly,t,no_change
S-864b0c,A-f25509,2024-07-14,,Enterprise,32,6368,76416,f,f,f,annual,t,no_change
S-4c4852,A-71615e,2024-11-06,,Basic,73,0,0,t,f,f,monthly,t,no_change
S-7576bd,A-354f12,2024-10-18,,Enterprise,9,1791,21492,f,f,f,annual,t,no_change
S-b41269,A-e5d6ab,2024-03-23,,Enterprise,15,2985,35820,f,f,f,annual,t,no_change
S-786a36,A-5ed98d,2024-07-18,,Enterprise,24,4776,57312,f,f,f,annual,t,no_change
S-264c8a,A-34d880,2024-06-26,,Enterprise,7,0,0,t,f,f,monthly,t,no_change
S-196e49,A-0b0d6d,2024-12-30,,Basic,12,228,2736,f,f,f,monthly,t,no_change
S-cda242,A-71615e,2024-10-10,,Pro,22,1078,12936,f,t,f,annual,t,upgrade
S-c3d6a2,A-7f29a7,2024-12-03,,Basic,41,779,9348,f,f,f,annual,t,no_change
S-43c737,A-65aeb5,2024-09-01,,Enterprise,9,1791,21492,f,f,f,annual,t,no_change
S-021ca9,A-9affe6,2024-10-01,,Basic,18,342,4104,f,f,f,monthly,t,no_change
S-576aec,A-7e0a10,2023-12-07,,Pro,46,2254,27048,f,f,f,monthly,f,no_change
S-6485d5,A-ac9111,2024-06-16,,Enterprise,21,4179,50148,f,f,f,monthly,t,no_change
S-de7a48,A-ccc747,2024-10-15,2024-12-30,Pro,23,1127,13524,f,f,f,annual,t,no_change
S-7d5bf1,A-92a3af,2024-09-19,,Enterprise,27,5373,64476,f,f,f,monthly,t,no_change
S-83ee75,A-439b2f,2024-12-27,,Pro,26,1274,15288,f,t,f,monthly,t,upgrade
S-5ddeef,A-712f1c,2024-01-28,,Pro,58,0,0,t,f,f,annual,f,no_change
S-25270a,A-de24d5,2024-12-15,,Enterprise,13,2587,31044,f,f,f,annual,t,no_change
S-7e09c4,A-118f1c,2024-12-21,2024-12-31,Basic,32,608,7296,f,f,f,annual,f,no_change
S-9efd1b,A-6a4e2d,2024-04-06,,Basic,20,380,4560,f,f,t,monthly,t,downgrade
S-b8a3b6,A-e7beab,2024-07-24,,Pro,57,2793,33516,f,f,f,annual,t,no_change
S-1db3e6,A-c608c8,2024-08-28,,Basic,5,95,1140,f,f,f,monthly,t,no_change
S-17c51e,A-462d45,2024-11-25,2024-12-12,Pro,61,2989,35868,f,f,f,annual,t,no_change
S-b9fe85,A-2d1036,2024-07-03,,Enterprise,69,13731,164772,f,f,f,monthly,t,no_change
S-c62428,A-1f0636,2024-11-17,,Enterprise,105,20895,250740,f,f,f,annual,f,no_change
S-6eeae1,A-c70870,2024-12-29,,Pro,94,4606,55272,f,f,f,annual,t,no_change
S-79ef9b,A-4e960a,2024-04-02,,Enterprise,23,4577,54924,f,f,f,annual,t,no_change
S-0455a5,A-993085,2024-10-22,2024-11-10,Enterprise,42,8358,100296,f,t,f,monthly,f,upgrade
S-ae093b,A-d27f50,2024-11-29,,Enterprise,44,0,0,t,f,f,monthly,t,no_change
S-72e73f,A-dbc825,2024-01-26,,Enterprise,19,3781,45372,f,t,f,annual,f,upgrade
S-8c118d,A-b179bf,2024-10-27,,Pro,43,0,0,t,f,f,monthly,t,no_change
S-ab7a04,A-098560,2024-09-05,,Basic,7,133,1596,f,f,f,annual,t,no_change
S-761518,A-00cac8,2024-09-05,,Pro,8,392,4704,f,f,f,monthly,t,no_change
S-f49f24,A-ccc747,2024-07-14,,Pro,16,784,9408,f,f,f,annual,f,no_change
S-22083e,A-6e7827,2024-12-19,,Pro,17,833,9996,f,f,f,annual,t,no_change
S-c14eeb,A-fce879,2024-09-28,,Basic,33,627,7524,f,f,f,monthly,t,no_change
S-804965,A-157070,2024-03-31,,Enterprise,35,6965,83580,f,f,f,monthly,t,no_change
S-19abcf,A-940b8b,2024-09-10,,Pro,17,833,9996,f,f,f,annual,t,no_change
S-004d19,A-bece89,2024-03-03,,Enterprise,26,5174,62088,f,f,f,annual,t,no_change
S-11939f,A-40906c,2024-10-14,,Basic,92,1748,20976,f,f,f,monthly,t,no_change
S-6cea1b,A-158f4e,2024-11-18,,Pro,61,2989,35868,f,f,f,monthly,t,no_change
S-74be40,A-a8d89d,2024-04-12,,Enterprise,13,2587,31044,f,t,f,monthly,f,upgrade
S-8f9410,A-098560,2024-07-19,,Enterprise,3,597,7164,f,f,f,annual,t,no_change
S-395a98,A-c7e58b,2024-07-29,,Basic,16,304,3648,f,f,f,monthly,t,no_change
S-151b22,A-533452,2024-12-18,,Basic,9,171,2052,f,f,f,annual,t,no_change
S-6b0789,A-34d880,2024-07-04,,Pro,14,686,8232,f,f,f,monthly,t,no_change
S-f94b9b,A-82861f,2024-10-16,2024-11-08,Pro,41,2009,24108,f,f,f,annual,t,no_change
S-0e068c,A-40de06,2024-09-13,,Basic,60,1140,13680,f,f,f,annual,t,no_change
S-212fc4,A-c608c8,2023-10-15,,Enterprise,6,1194,14328,f,f,f,monthly,t,no_change
S-eec056,A-c222ab,2024-10-07,,Basic,32,608,7296,f,t,f,monthly,t,upgrade
S-28e360,A-ad64c6,2024-11-20,,Enterprise,28,5572,66864,f,f,f,annual,t,no_change
S-52119f,A-02fac6,2023-11-20,,Enterprise,22,4378,52536,f,f,f,monthly,t,no_change
S-008f3c,A-e98302,2024-12-23,2024-12-28,Pro,58,2842,34104,f,f,f,annual,t,no_change
S-82c91a,A-462d45,2024-12-10,,Pro,30,1470,17640,f,f,f,annual,t,no_change
S-fcab86,A-9f0b68,2024-08-04,,Enterprise,17,3383,40596,f,f,f,annual,t,no_change
S-92b77f,A-7dacce,2024-11-27,,Pro,12,588,7056,f,f,f,annual,f,no_change
S-099dbc,A-812c5b,2024-07-21,,Pro,55,2695,32340,f,f,f,monthly,t,no_change
S-da7f1f,A-1f0ac7,2023-12-04,,Pro,24,1176,14112,f,f,f,monthly,f,no_change
S-62641a,A-4c56c9,2024-11-29,2024-12-03,Enterprise,18,3582,42984,f,f,f,monthly,f,no_change
S-2c3b6d,A-a2485e,2024-12-05,,Enterprise,17,3383,40596,f,f,f,annual,t,no_change
S-3e0c24,A-271f46,2023-03-29,,Basic,38,722,8664,f,f,f,annual,t,no_change
S-9d7fa9,A-a865bd,2024-01-17,,Pro,38,1862,22344,f,f,f,monthly,t,no_change
S-9f13f8,A-f3ff05,2024-10-07,,Basic,2,38,456,f,f,f,annual,t,no_change
S-0359cf,A-afa505,2024-02-10,,Pro,70,0,0,t,f,f,annual,f,no_change
S-f29976,A-977ca0,2023-06-10,,Pro,6,0,0,t,f,f,annual,t,no_change
S-23281c,A-69fad4,2023-07-24,,Basic,15,285,3420,f,f,f,monthly,t,no_change
S-b4536d,A-7a0d69,2024-11-20,,Basic,20,380,4560,f,f,f,annual,t,no_change
S-e5a001,A-922109,2024-10-20,,Basic,9,0,0,t,f,f,monthly,t,no_change
S-d56a2c,A-751bd4,2024-10-29,,Pro,35,0,0,t,f,f,annual,t,no_change
S-5ab139,A-30b4ca,2024-05-24,,Enterprise,86,17114,205368,f,f,f,annual,t,no_change
S-1e5fd7,A-ac9111,2024-10-18,,Basic,21,399,4788,f,f,f,monthly,t,no_change
S-1c7a41,A-4f18f0,2024-12-20,,Basic,24,456,5472,f,f,f,monthly,t,no_change
S-b7feb8,A-075038,2024-05-08,,Basic,37,703,8436,f,f,f,annual,f,no_change
S-b89456,A-13466a,2024-09-01,2024-12-31,Enterprise,4,796,9552,f,f,f,monthly,t,no_change
S-e93577,A-bb2f49,2024-11-14,,Pro,85,4165,49980,f,t,f,monthly,t,upgrade
S-69a2d8,A-dcc2f0,2023-12-03,,Pro,15,735,8820,f,f,f,monthly,t,no_change
S-00fb6e,A-c16101,2024-10-22,,Basic,13,247,2964,f,f,f,monthly,t,no_change
S-26bc22,A-59f724,2024-07-23,,Enterprise,3,597,7164,f,t,f,annual,f,upgrade
S-77ba64,A-bd4513,2024-11-16,,Basic,66,1254,15048,f,t,f,annual,t,upgrade
S-6f04a4,A-417d2f,2024-09-14,,Pro,4,196,2352,f,f,f,monthly,t,no_change
S-0268ba,A-9f0b68,2024-07-20,,Enterprise,33,6567,78804,f,f,f,annual,t,no_change
S-0abd10,A-016043,2024-11-23,2024-12-21,Enterprise,24,4776,57312,f,t,f,annual,t,upgrade
S-dab0d8,A-439b2f,2024-05-16,,Basic,6,114,1368,f,f,f,annual,t,no_change
S-046595,A-ed510f,2023-12-28,,Enterprise,42,8358,100296,f,t,f,annual,t,upgrade
S-5aaf6f,A-6965e1,2024-12-12,,Enterprise,13,2587,31044,f,f,f,annual,t,no_change
S-a10469,A-5247b3,2024-10-14,,Pro,16,784,9408,f,f,f,annual,t,no_change
S-cbf8e8,A-d4e0d4,2024-11-23,,Basic,117,2223,26676,f,f,f,monthly,t,no_change
S-a0e1dc,A-712426,2024-12-19,,Basic,119,2261,27132,f,f,f,monthly,t,no_change
S-127d0b,A-1e50e0,2024-05-04,,Pro,19,931,11172,f,f,f,monthly,t,no_change
S-2fed82,A-5b4ebb,2024-07-11,,Basic,21,399,4788,f,f,f,monthly,t,no_change
S-2f07f6,A-9208f0,2024-03-20,,Pro,49,0,0,t,f,f,monthly,f,no_change
S-448b6d,A-8adedc,2024-06-08,,Basic,19,361,4332,f,f,f,monthly,f,no_change
S-c61dc9,A-f92792,2024-12-15,,Basic,19,361,4332,f,f,f,annual,f,no_change
S-a7ad50,A-82d8a6,2024-12-18,,Basic,18,342,4104,f,f,f,monthly,t,no_change
S-b037c5,A-0a282f,2024-10-07,,Pro,20,980,11760,f,f,t,annual,t,downgrade
S-bdd2e4,A-ce66f8,2024-05-16,,Basic,29,551,6612,f,f,f,annual,t,no_change
S-8d89a8,A-5f2961,2024-12-03,,Enterprise,16,3184,38208,f,f,f,monthly,t,no_change
S-00bb84,A-4f18f0,2024-07-07,,Pro,24,1176,14112,f,f,f,annual,t,no_change
S-c5bec0,A-1986ca,2024-09-21,,Enterprise,20,3980,47760,f,f,f,annual,t,no_change
S-e6029e,A-9174e0,2024-12-19,,Enterprise,37,7363,88356,f,f,f,monthly,t,no_change
S-f8008a,A-eb2fdc,2024-07-07,,Enterprise,31,6169,74028,f,f,f,annual,t,no_change
S-db89df,A-1f0636,2024-05-29,,Enterprise,105,20895,250740,f,t,f,annual,t,upgrade
S-700036,A-02cd81,2024-03-31,,Basic,44,836,10032,f,f,f,annual,t,no_change
S-7925f0,A-87aa7b,2024-09-24,,Enterprise,24,4776,57312,f,f,f,monthly,t,no_change
S-1877a6,A-d77f4c,2024-03-31,,Pro,6,294,3528,f,f,f,monthly,t,no_change
S-6b6cd7,A-d792a6,2023-04-04,,Enterprise,6,0,0,t,f,f,monthly,t,no_change
S-3ed1f5,A-7920cc,2024-02-19,,Enterprise,39,7761,93132,f,f,f,monthly,t,no_change
S-cf59a0,A-c16cf7,2024-11-02,,Basic,18,0,0,t,f,f,monthly,t,no_change
S-78e1c6,A-7e0a10,2024-02-28,,Enterprise,46,9154,109848,f,f,f,monthly,f,no_change
S-ce5636,A-4c56c9,2024-11-14,,Basic,30,0,0,t,f,f,annual,t,no_change
S-0c9600,A-2b9d3e,2023-09-06,,Basic,11,209,2508,f,f,f,annual,t,no_change
S-0a6b6b,A-d42431,2024-06-11,,Basic,22,418,5016,f,f,t,monthly,t,downgrade
S-054897,A-de58ca,2024-01-06,,Pro,15,735,8820,f,f,f,monthly,f,no_change
S-b81c82,A-9289f6,2024-12-17,,Pro,25,1225,14700,f,t,f,annual,f,upgrade
S-c9eecb,A-6c093d,2024-10-10,,Basic,9,171,2052,f,f,f,annual,t,no_change
S-2c53ad,A-c222ab,2024-09-19,,Enterprise,32,6368,76416,f,f,f,monthly,t,no_change
S-9eb2c5,A-bb3bd4,2024-09-16,,Basic,23,437,5244,f,t,f,monthly,t,upgrade
S-d0c339,A-31ab9a,2024-08-29,,Pro,19,0,0,t,f,f,annual,t,no_change
S-6f43f7,A-e36807,2024-07-22,,Enterprise,14,2786,33432,f,f,f,annual,t,no_change
S-d43ad9,A-8bde0c,2024-12-14,,Pro,13,637,7644,f,f,f,annual,f,no_change
S-b04174,A-5b4ebb,2024-10-15,,Basic,21,399,4788,f,f,f,monthly,t,no_change
S-62aa3c,A-5b1bcd,2023-11-27,,Enterprise,73,14527,174324,f,t,f,monthly,t,upgrade
S-d88b25,A-474ad4,2024-12-29,,Enterprise,24,4776,57312,f,f,f,annual,f,no_change
S-14a685,A-692f18,2024-07-29,,Enterprise,7,1393,16716,f,f,f,monthly,f,no_change
S-4977c8,A-3be56b,2023-11-22,2024-02-23,Enterprise,3,0,0,t,f,f,annual,f,no_change
S-2e1ceb,A-ccb686,2024-03-23,,Enterprise,12,0,0,t,t,f,annual,f,upgrade
S-59f0a6,A-104f1a,2024-09-02,2024-11-28,Pro,123,6027,72324,f,f,f,monthly,f,no_change
S-66106d,A-186a44,2024-11-02,,Enterprise,20,0,0,t,f,f,monthly,f,no_change
S-510e07,A-b7ef83,2024-10-20,,Enterprise,2,398,4776,f,t,f,monthly,t,upgrade
S-b7d99d,A-9f0b68,2024-11-28,,Basic,14,266,3192,f,f,f,annual,t,no_change
S-debbee,A-3a7284,2024-11-28,2024-12-11,Basic,73,1387,16644,f,f,f,annual,t,no_change
S-c348d2,A-4a267b,2024-06-17,,Basic,25,475,5700,f,f,f,annual,t,no_change
S-d0259a,A-4e0e85,2024-02-22,,Enterprise,6,1194,14328,f,f,f,monthly,t,no_change
S-5f1d80,A-600734,2024-04-17,,Basic,29,551,6612,f,f,f,monthly,t,no_change
S-f132ab,A-e2cd1b,2024-04-29,,Pro,15,735,8820,f,f,f,annual,t,no_change
S-d1fb2e,A-3f9cc0,2024-08-04,,Enterprise,30,5970,71640,f,f,f,monthly,t,no_change
S-26da35,A-d27f50,2024-12-09,,Pro,44,2156,25872,f,t,f,annual,t,upgrade
S-c92850,A-05d3b3,2023-09-30,,Pro,22,1078,12936,f,f,f,annual,t,no_change
S-64ddbc,A-c16cf7,2024-12-18,,Basic,13,247,2964,f,f,f,monthly,t,no_change
S-ef3aa2,A-5a92e7,2024-09-19,,Pro,9,441,5292,f,f,f,monthly,f,no_change
S-0e43ad,A-cc8c8f,2024-06-21,,Enterprise,28,5572,66864,f,t,f,annual,t,upgrade
S-54df4c,A-9f9299,2024-11-18,,Pro,28,1372,16464,f,f,f,annual,t,no_change
S-d8165b,A-89ee83,2024-10-18,,Basic,38,722,8664,f,f,f,annual,t,no_change
S-67b7bf,A-dcc2f0,2024-10-13,,Basic,15,285,3420,f,f,f,monthly,f,no_change
S-e6ad38,A-b07b56,2024-11-19,,Pro,25,1225,14700,f,f,f,monthly,t,no_change
S-55a520,A-726cfa,2023-08-26,,Pro,30,1470,17640,f,f,f,monthly,t,no_change
S-83a9a4,A-09316c,2024-11-26,,Pro,70,3430,41160,f,t,f,annual,t,upgrade
S-efeb9b,A-1f0636,2024-02-27,,Basic,105,0,0,t,t,f,annual,t,upgrade
S-240a09,A-5c9849,2024-12-30,,Pro,19,931,11172,f,t,f,monthly,f,upgrade
S-f52fd6,A-f1f639,2024-09-19,,Enterprise,9,1791,21492,f,f,f,monthly,t,no_change
S-1a2fbc,A-526d93,2024-06-29,,Basic,45,855,10260,f,f,f,monthly,t,no_change
S-8738af,A-84ebe4,2024-03-19,,Pro,34,1666,19992,f,f,f,monthly,t,no_change
S-af1def,A-443b7c,2024-09-30,,Basic,36,684,8208,f,f,f,monthly,f,no_change
S-7889d9,A-bcbe98,2024-08-09,,Pro,46,2254,27048,f,f,f,annual,t,no_change
S-a72188,A-ced9aa,2024-12-31,,Pro,3,147,1764,f,f,f,annual,t,no_change
S-0ffab0,A-e60f9d,2024-10-18,,Enterprise,58,11542,138504,f,f,f,annual,t,no_change
S-5f4afc,A-09316c,2024-11-15,,Pro,70,3430,41160,f,f,f,monthly,t,no_change
S-3f18be,A-e2cd1b,2024-12-26,,Enterprise,16,3184,38208,f,f,f,annual,t,no_change
S-e133a5,A-4a4c2d,2023-07-03,2024-01-25,Basic,54,1026,12312,f,f,f,monthly,t,no_change
S-15662a,A-019782,2024-02-22,,Basic,11,0,0,t,f,f,annual,t,no_change
S-84dd93,A-acb7f7,2024-02-16,,Enterprise,32,6368,76416,f,f,f,annual,t,no_change
S-bafe35,A-1b707d,2024-10-27,,Basic,41,779,9348,f,f,f,annual,f,no_change
S-f1778c,A-1d5444,2024-04-10,,Basic,24,456,5472,f,f,f,monthly,t,no_change
S-85b7d7,A-d40bf7,2024-12-27,,Basic,59,0,0,t,f,f,monthly,f,no_change
S-df147d,A-940b8b,2024-09-13,,Enterprise,10,0,0,t,f,f,monthly,t,no_change
S-4ff3ae,A-eb7c38,2024-07-29,,Basic,5,95,1140,f,t,f,annual,t,upgrade
S-808efb,A-7da956,2024-11-16,,Enterprise,15,2985,35820,f,f,t,monthly,t,downgrade
S-208e33,A-b20d99,2024-08-05,,Basic,20,380,4560,f,f,f,monthly,t,no_change
S-a0f5ac,A-e7a1e2,2024-10-07,,Pro,13,637,7644,f,f,f,monthly,t,no_change
S-7079c2,A-039727,2024-12-15,,Enterprise,25,4975,59700,f,f,t,annual,t,downgrade
S-8789b0,A-eb7c38,2024-04-23,2024-08-02,Basic,9,171,2052,f,t,f,monthly,f,upgrade
S-b3cae6,A-6a7c9d,2024-11-12,,Enterprise,26,5174,62088,f,f,f,monthly,t,no_change
S-23f506,A-9ee962,2023-09-28,2023-11-27,Basic,9,0,0,t,t,f,annual,t,upgrade
S-5b9330,A-f03140,2024-07-17,,Enterprise,27,5373,64476,f,f,t,monthly,t,downgrade
S-03ac49,A-35083d,2023-08-23,,Enterprise,19,3781,45372,f,f,f,monthly,t,no_change
S-ffce65,A-9ee962,2023-06-23,,Pro,9,441,5292,f,t,f,annual,t,upgrade
S-847173,A-c1dfe1,2023-12-17,,Basic,33,627,7524,f,f,f,monthly,t,no_change
S-32e8fa,A-94d3da,2023-06-04,2023-10-21,Pro,41,2009,24108,f,f,f,annual,t,no_change
S-b70eef,A-b7b7b7,2024-11-12,,Pro,24,0,0,t,f,f,monthly,t,no_change
S-e1db7e,A-186a44,2024-03-13,,Basic,20,380,4560,f,f,f,annual,t,no_change
S-887d48,A-b07b56,2024-11-20,,Pro,25,1225,14700,f,f,f,annual,t,no_change
S-4b26c5,A-f45426,2024-09-27,2024-09-28,Enterprise,9,1791,21492,f,f,f,monthly,t,no_change
S-004eb4,A-ab438f,2024-12-05,,Enterprise,13,2587,31044,f,f,f,annual,t,no_change
S-da7360,A-075038,2024-10-26,,Basic,42,798,9576,f,f,f,monthly,t,no_change
S-22c66b,A-49b828,2024-02-17,,Basic,24,456,5472,f,f,f,monthly,t,no_change
S-c844bd,A-6a4e2d,2024-01-23,2024-11-03,Basic,9,171,2052,f,t,f,annual,t,upgrade
S-bbc0f7,A-b7724f,2024-09-15,,Basic,1,19,228,f,f,f,annual,t,no_change
S-2f9bef,A-cc1d8d,2024-12-08,,Enterprise,5,995,11940,f,f,f,annual,t,no_change
S-6717d6,A-84ebe4,2023-08-12,,Enterprise,21,4179,50148,f,f,f,annual,f,no_change
S-17bedf,A-4437e4,2023-11-20,2024-09-17,Basic,3,0,0,t,f,f,monthly,t,no_change
S-88f1be,A-5a215a,2024-07-10,,Pro,87,4263,51156,f,t,f,annual,t,upgrade
S-b3613a,A-7641d3,2023-04-24,,Enterprise,8,1592,19104,f,f,f,monthly,t,no_change
S-885aa7,A-7920cc,2024-03-11,,Enterprise,54,10746,128952,f,f,f,annual,t,no_change
S-2c64e6,A-118d55,2024-12-24,,Basic,15,285,3420,f,f,f,monthly,f,no_change
S-891976,A-95b24a,2024-09-12,,Basic,38,722,8664,f,t,f,monthly,t,upgrade
S-9bc272,A-7da956,2024-07-20,,Pro,13,637,7644,f,f,f,annual,t,no_change
S-2636a7,A-1f7acb,2024-07-05,,Enterprise,64,12736,152832,f,f,t,annual,t,downgrade
S-3f48a5,A-0cc442,2024-10-04,,Basic,45,855,10260,f,f,f,monthly,f,no_change
S-58239c,A-87aa7b,2024-05-22,,Pro,24,1176,14112,f,f,f,monthly,t,no_change
S-e6571c,A-0be015,2024-11-03,2024-11-12,Basic,19,361,4332,f,f,f,annual,t,no_change
S-66569a,A-19b2c8,2023-07-31,,Pro,20,980,11760,f,f,f,monthly,f,no_change
S-e1444a,A-139c3b,2024-12-30,,Basic,21,0,0,t,f,f,annual,t,no_change
S-9f7b07,A-42e5e1,2024-11-28,,Pro,10,490,5880,f,f,f,annual,f,no_change
S-9f8593,A-396e5f,2024-10-23,,Enterprise,2,0,0,t,f,f,monthly,t,no_change
S-ef2990,A-76fa4d,2024-11-29,,Pro,69,3381,40572,f,f,f,annual,t,no_change
S-66b994,A-7f4db3,2024-10-29,,Basic,23,0,0,t,f,t,annual,t,downgrade
S-8b64df,A-92a333,2023-08-04,,Basic,9,171,2052,f,f,t,annual,t,downgrade
S-f57b2b,A-20736a,2024-05-09,,Pro,50,2450,29400,f,f,f,annual,t,no_change
S-c41b43,A-9f9299,2024-11-17,,Basic,28,532,6384,f,f,f,monthly,t,no_change
S-a3455c,A-e51ec7,2024-09-16,,Enterprise,2,0,0,t,f,f,annual,t,no_change
S-479d9a,A-463db0,2024-12-12,,Basic,37,703,8436,f,f,f,monthly,t,no_change
S-fa03a5,A-7dacce,2024-11-27,,Pro,12,588,7056,f,f,f,annual,t,no_change
S-10ab8d,A-9f0b68,2024-09-02,,Enterprise,13,2587,31044,f,f,f,annual,f,no_change
S-1ade0b,A-22d9d2,2024-10-24,,Pro,92,4508,54096,f,t,f,monthly,f,upgrade
S-a9ca9b,A-b9eed8,2024-10-06,,Enterprise,17,3383,40596,f,f,f,annual,t,no_change
S-efe3f6,A-dfbd31,2024-04-27,,Pro,17,833,9996,f,f,f,monthly,t,no_change
S-20f505,A-e1b9cd,2023-11-05,,Pro,78,3822,45864,f,f,f,annual,t,no_change
S-ab3ad8,A-cd458b,2024-07-12,,Basic,10,190,2280,f,f,f,annual,t,no_change
S-d3bd2f,A-81edc3,2024-06-08,,Basic,24,456,5472,f,f,f,monthly,t,no_change
S-c8a3f6,A-4e44e8,2024-09-04,,Basic,6,114,1368,f,f,f,monthly,f,no_change
S-5cda31,A-832ec2,2024-03-04,,Basic,5,95,1140,f,f,f,annual,f,no_change
S-34cfad,A-5a3eb9,2023-12-15,,Basic,29,551,6612,f,f,f,annual,t,no_change
S-bb84b1,A-af0cd2,2023-10-12,,Basic,30,570,6840,f,f,f,annual,t,no_change
S-73cd99,A-726cfa,2024-09-06,,Enterprise,11,0,0,t,f,f,monthly,t,no_change
S-6bc703,A-c37cab,2024-08-01,,Enterprise,13,2587,31044,f,f,f,monthly,t,no_change
S-9b5676,A-1e50e0,2024-03-02,,Pro,98,4802,57624,f,f,f,monthly,f,no_change
S-d30d10,A-c45b23,2024-10-06,,Basic,7,133,1596,f,f,f,monthly,f,no_change
S-b3f236,A-712533,2024-07-15,,Enterprise,18,3582,42984,f,f,f,monthly,t,no_change
S-929a7c,A-328bd0,2023-08-10,,Basic,28,0,0,t,f,f,monthly,t,no_change
S-f9092a,A-f03140,2024-07-10,,Basic,38,722,8664,f,f,f,monthly,t,no_change
S-c5d797,A-35083d,2024-08-13,,Enterprise,19,3781,45372,f,f,f,monthly,t,no_change
S-99af79,A-0532a9,2024-10-05,,Basic,19,361,4332,f,f,f,annual,f,no_change
S-ce932b,A-a1b80b,2024-08-24,,Pro,16,784,9408,f,f,f,annual,f,no_change
S-1f2b1a,A-544d0a,2024-06-22,,Pro,6,294,3528,f,f,f,monthly,t,no_change
S-a14c42,A-4d1e75,2024-10-10,,Basic,20,380,4560,f,f,f,monthly,t,no_change
S-147ad7,A-54ecc2,2024-08-29,,Basic,4,76,912,f,f,f,annual,t,no_change
S-69fb37,A-e4bf56,2024-12-12,,Pro,17,833,9996,f,f,f,annual,t,no_change
S-d90352,A-f9cc74,2024-12-05,,Enterprise,30,0,0,t,t,f,annual,t,upgrade
S-a9a5a1,A-7c4956,2023-06-05,,Basic,9,171,2052,f,f,f,monthly,f,no_change
S-daf6b3,A-8bde0c,2024-11-04,,Pro,12,588,7056,f,f,f,monthly,t,no_change
S-03bfa3,A-bc4d48,2024-12-27,,Basic,35,665,7980,f,f,f,annual,t,no_change
S-de3170,A-98a59a,2024-10-27,,Pro,56,2744,32928,f,f,f,annual,t,no_change
S-cfbb85,A-054577,2024-08-06,,Pro,16,784,9408,f,t,f,monthly,f,upgrade
S-42f3be,A-05f0e5,2024-04-29,,Enterprise,32,6368,76416,f,f,f,monthly,t,no_change
S-c04755,A-2789e3,2024-10-14,,Basic,11,209,2508,f,f,f,annual,t,no_change
S-bfca66,A-10b8da,2023-06-09,,Basic,14,266,3192,f,f,f,annual,f,no_change
S-cdf625,A-c222ab,2024-08-24,,Pro,32,1568,18816,f,f,f,monthly,t,no_change
S-d8f67e,A-f97b9a,2024-06-11,,Enterprise,36,7164,85968,f,f,f,monthly,t,no_change
S-80af39,A-7f29a7,2024-09-26,,Basic,41,779,9348,f,f,f,monthly,t,no_change
S-11034a,A-9bfc9f,2024-07-11,,Pro,53,2597,31164,f,t,t,annual,t,conflict
S-40d3aa,A-9badbd,2024-08-22,,Basic,103,1957,23484,f,f,f,monthly,t,no_change
S-679640,A-b44e3e,2024-06-25,,Enterprise,40,7960,95520,f,f,f,monthly,f,no_change
S-cb853a,A-c37cab,2024-12-17,,Basic,23,437,5244,f,f,f,annual,t,no_change
S-f553b5,A-6da850,2023-10-08,,Pro,34,1666,19992,f,t,f,monthly,t,upgrade
S-fb0905,A-09316c,2024-12-10,,Basic,70,1330,15960,f,f,f,annual,t,no_change
S-0fc73c,A-9affe6,2023-09-14,,Basic,56,1064,12768,f,f,f,annual,t,no_change
S-7e7a73,A-89ee83,2024-12-20,,Enterprise,16,3184,38208,f,f,f,monthly,t,no_change
S-2dc98b,A-5a92e7,2024-11-08,,Pro,9,441,5292,f,f,f,annual,t,no_change
S-16f4a2,A-e08cd3,2024-11-10,,Enterprise,67,13333,159996,f,f,f,annual,t,no_change
S-6630bc,A-600734,2024-03-07,,Enterprise,29,5771,69252,f,f,f,monthly,t,no_change
S-bd2ab2,A-186a44,2024-11-23,,Enterprise,47,9353,112236,f,f,f,annual,t,no_change
S-97bc99,A-82861f,2024-05-25,,Pro,46,2254,27048,f,f,f,annual,t,no_change
S-0c0ddf,A-65c341,2024-10-05,,Enterprise,11,2189,26268,f,f,f,annual,t,no_change
S-f45fe3,A-02fac6,2024-05-30,,Pro,59,2891,34692,f,f,f,monthly,t,no_change
S-936fa3,A-02cd81,2024-07-16,,Pro,44,2156,25872,f,f,f,annual,t,no_change
S-82df6c,A-ac9111,2023-09-06,,Pro,41,2009,24108,f,f,t,annual,t,downgrade
S-a83bc2,A-b07b56,2024-11-25,,Basic,25,475,5700,f,f,f,monthly,f,no_change
S-69a7ce,A-58b9ff,2024-07-14,,Pro,6,294,3528,f,f,f,annual,t,no_change
S-522a6f,A-3a7284,2024-11-30,,Enterprise,39,7761,93132,f,f,f,annual,t,no_change
S-1a04fe,A-4e631b,2024-05-13,,Enterprise,22,4378,52536,f,t,f,annual,t,upgrade
S-d22ebe,A-5a92e7,2024-06-14,,Basic,9,171,2052,f,f,f,annual,t,no_change
S-fa781b,A-271f46,2024-04-25,,Enterprise,38,0,0,t,f,f,monthly,t,no_change
S-718116,A-462d45,2024-05-03,,Pro,11,539,6468,f,f,t,monthly,t,downgrade
S-ce5fb5,A-fd9422,2024-11-25,,Enterprise,58,0,0,t,f,f,monthly,t,no_change
S-2ebd06,A-32728c,2023-04-04,,Pro,20,980,11760,f,f,f,monthly,t,no_change
S-03a939,A-cd458b,2024-07-25,,Enterprise,26,5174,62088,f,f,f,monthly,t,no_change
S-fc65aa,A-eb1312,2024-12-27,,Enterprise,25,4975,59700,f,f,f,annual,t,no_change
S-6d9231,A-c37601,2024-12-24,,Enterprise,12,2388,28656,f,f,f,monthly,t,no_change
S-4b15c4,A-65aeb5,2024-08-01,,Enterprise,18,3582,42984,f,f,f,annual,t,no_change
S-66f0d0,A-0158bb,2024-06-28,,Basic,35,665,7980,f,f,f,monthly,t,no_change
S-95aaf8,A-781cc0,2024-10-30,,Basic,12,228,2736,f,f,f,annual,t,no_change
S-3a2aee,A-e08cd3,2024-12-14,,Enterprise,67,0,0,t,f,f,monthly,t,no_change
S-66a834,A-659280,2023-12-23,,Enterprise,31,6169,74028,f,f,f,annual,f,no_change
S-e9b437,A-0f7d77,2024-11-30,,Pro,11,539,6468,f,f,f,monthly,t,no_change
S-61a647,A-726cfa,2023-11-01,,Pro,11,539,6468,f,f,f,annual,t,no_change
S-ef2703,A-0b0d6d,2024-12-30,,Enterprise,36,7164,85968,f,f,f,annual,t,no_change
S-c288ef,A-d26ab4,2024-12-09,,Pro,9,0,0,t,f,f,annual,t,no_change
S-91e96a,A-970c97,2024-03-06,,Enterprise,14,2786,33432,f,f,t,monthly,f,downgrade
S-453f00,A-45ce7a,2023-08-18,2024-05-20,Pro,16,784,9408,f,t,t,monthly,t,conflict
S-812d97,A-249769,2024-08-24,,Pro,19,0,0,t,f,f,annual,t,no_change
S-39a5a7,A-09316c,2024-09-22,,Basic,70,1330,15960,f,f,f,monthly,t,no_change
S-1c06f3,A-53f4e3,2024-11-05,,Basic,13,247,2964,f,f,f,annual,t,no_change
S-c6ff41,A-443f6f,2024-12-19,,Basic,38,722,8664,f,f,f,monthly,t,no_change
S-108caf,A-6dee43,2023-10-31,,Enterprise,12,2388,28656,f,f,f,annual,t,no_change
S-644316,A-cdf020,2024-10-07,,Enterprise,23,4577,54924,f,t,f,annual,t,upgrade
S-d54349,A-016043,2024-09-11,,Enterprise,20,3980,47760,f,f,f,annual,t,no_change
S-10a1b5,A-e98302,2024-09-09,,Basic,34,646,7752,f,f,f,annual,f,no_change
S-93fa71,A-309e54,2024-12-21,,Enterprise,59,11741,140892,f,f,t,annual,t,downgrade
S-550202,A-bb3bd4,2024-12-17,,Basic,23,437,5244,f,f,f,annual,t,no_change
S-07399c,A-4e44e8,2024-11-18,,Basic,29,551,6612,f,f,f,monthly,t,no_change
S-f4e174,A-ae052e,2024-12-17,,Basic,39,0,0,t,f,f,annual,t,no_change
S-3b5eb3,A-6f8ad2,2024-10-07,2024-10-12,Pro,70,0,0,t,t,f,annual,t,upgrade
S-08c8e1,A-31ab9a,2024-12-10,,Enterprise,14,2786,33432,f,f,f,monthly,t,no_change
S-6b977f,A-7988d1,2024-08-25,,Pro,33,1617,19404,f,f,f,monthly,f,no_change
S-c1f8e1,A-0532a9,2024-12-26,,Pro,19,931,11172,f,t,f,annual,f,upgrade
S-9030e0,A-32728c,2024-04-18,,Enterprise,20,0,0,t,t,f,annual,t,upgrade
S-02d6c8,A-3a7284,2024-12-05,,Enterprise,31,6169,74028,f,f,f,monthly,t,no_change
S-599207,A-427b69,2024-12-08,,Enterprise,17,3383,40596,f,f,f,annual,t,no_change
S-5d8b88,A-1d5444,2024-11-25,,Pro,24,1176,14112,f,f,f,annual,t,no_change
S-ac01fb,A-533452,2024-11-27,,Enterprise,14,0,0,t,f,f,annual,t,no_change
S-b7ef4c,A-5ed98d,2024-11-25,,Pro,28,1372,16464,f,f,f,monthly,f,no_change
S-9f0371,A-313be3,2024-07-03,,Enterprise,47,0,0,t,f,f,annual,t,no_change
S-d914d8,A-ee42db,2023-06-30,,Pro,13,0,0,t,f,t,monthly,t,downgrade
S-67c131,A-432483,2024-09-02,2024-09-15,Pro,13,637,7644,f,f,f,annual,t,no_change
S-263c1e,A-a8b49c,2023-12-26,,Pro,16,0,0,t,f,f,monthly,t,no_change
S-76b964,A-39868b,2024-10-11,,Pro,9,441,5292,f,t,f,monthly,f,upgrade
S-d4d459,A-2e4581,2024-12-19,,Enterprise,29,5771,69252,f,f,f,monthly,t,no_change
S-b45a10,A-313be3,2024-08-14,,Pro,56,2744,32928,f,f,f,monthly,f,no_change
S-1b0848,A-dcc3f1,2024-01-17,,Pro,51,2499,29988,f,f,f,monthly,t,no_change
S-00ab51,A-ae052e,2024-03-31,,Pro,39,1911,22932,f,t,f,monthly,t,upgrade
S-1ccdd4,A-54d94a,2024-10-21,,Pro,27,1323,15876,f,f,f,monthly,t,no_change
S-302119,A-e1462e,2023-04-03,,Enterprise,15,2985,35820,f,f,t,monthly,t,downgrade
S-65e749,A-2d4502,2024-07-14,,Basic,61,1159,13908,f,f,f,monthly,f,no_change
S-05b1b6,A-337bc1,2023-11-11,,Enterprise,34,6766,81192,f,f,f,monthly,t,no_change
S-f2da7f,A-1619f8,2024-11-05,,Enterprise,29,5771,69252,f,f,f,monthly,t,no_change
S-d71fe9,A-d62e02,2024-10-11,,Enterprise,6,1194,14328,f,f,f,annual,t,no_change
S-f69fca,A-4c38bc,2024-07-06,,Basic,36,684,8208,f,f,f,annual,t,no_change
S-5b322c,A-1f0636,2024-07-27,,Basic,105,1995,23940,f,f,f,annual,t,no_change
S-392e05,A-65a46c,2024-03-10,,Basic,45,855,10260,f,f,f,annual,t,no_change
S-fd3d2d,A-e36807,2024-10-06,,Enterprise,40,0,0,t,f,f,monthly,t,no_change
S-8ddc89,A-bd4513,2024-11-27,,Enterprise,50,9950,119400,f,f,f,monthly,t,no_change
S-07c0da,A-068fc6,2024-01-02,,Pro,35,0,0,t,f,f,annual,t,no_change
S-d1dbf7,A-3b37d9,2023-12-02,,Pro,28,0,0,t,f,f,monthly,t,no_change
S-e57fb8,A-96e141,2023-10-14,,Enterprise,40,0,0,t,f,f,monthly,t,no_change
S-b71cfb,A-9123ac,2024-05-10,,Enterprise,15,0,0,t,f,t,monthly,t,downgrade
S-a7da97,A-5790f4,2024-12-25,,Enterprise,63,12537,150444,f,f,f,annual,f,no_change
S-4b005c,A-50f3f7,2024-01-05,,Enterprise,45,8955,107460,f,f,f,annual,t,no_change
S-605115,A-bd4513,2024-12-30,,Basic,50,950,11400,f,f,f,annual,t,no_change
S-fcbd92,A-7f29a7,2024-12-21,,Pro,41,2009,24108,f,f,f,monthly,t,no_change
S-d9e0d1,A-812c5b,2024-11-15,,Basic,55,1045,12540,f,f,f,annual,t,no_change
S-869978,A-443f6f,2024-12-24,,Enterprise,19,3781,45372,f,f,f,monthly,f,no_change
S-5daabf,A-533452,2024-12-16,,Enterprise,9,1791,21492,f,t,t,monthly,t,conflict
S-c0352b,A-cc102e,2024-11-06,,Pro,13,637,7644,f,f,f,monthly,f,no_change
S-a648e7,A-3b5cd1,2024-01-29,,Basic,13,247,2964,f,f,f,annual,f,no_change
S-618471,A-bbc346,2024-10-20,,Enterprise,45,8955,107460,f,f,f,monthly,t,no_change
S-a16038,A-d4e0d4,2024-11-15,,Pro,117,5733,68796,f,f,f,monthly,t,no_change
S-b805b2,A-d77f4c,2024-04-13,,Enterprise,8,1592,19104,f,f,f,annual,f,no_change
S-b04b73,A-e1b9cd,2023-11-24,2024-06-27,Enterprise,40,7960,95520,f,f,f,monthly,t,no_change
S-ed4475,A-1f559b,2024-06-27,,Pro,12,588,7056,f,f,f,annual,t,no_change
S-5a1d20,A-f97b9a,2024-12-08,,Pro,16,784,9408,f,f,f,annual,t,no_change
S-c65456,A-a33200,2024-09-26,,Pro,29,1421,17052,f,f,f,annual,t,no_change
S-7fbc53,A-2edab2,2024-03-29,,Pro,17,833,9996,f,f,f,monthly,f,no_change
S-0d33fc,A-1b707d,2023-11-18,,Enterprise,16,3184,38208,f,f,f,monthly,t,no_change
S-db3e30,A-40de06,2023-11-08,,Basic,28,532,6384,f,f,f,annual,t,no_change
S-966ce7,A-a1b80b,2024-04-01,,Enterprise,16,3184,38208,f,f,f,annual,t,no_change
S-41ea32,A-054577,2024-10-22,2024-12-05,Basic,24,456,5472,f,f,f,monthly,t,no_change
S-57800a,A-f446b6,2024-09-08,,Basic,5,95,1140,f,f,f,annual,t,no_change
S-daf6aa,A-098560,2024-10-27,,Basic,40,760,9120,f,f,f,monthly,t,no_change
S-615a8a,A-bf7919,2024-12-31,,Enterprise,11,0,0,t,f,f,annual,f,no_change
S-a892fd,A-22f2df,2024-12-27,,Pro,8,392,4704,f,f,f,monthly,f,no_change
S-2b2532,A-410e86,2024-12-25,,Enterprise,24,4776,57312,f,f,f,monthly,f,no_change
S-54daa5,A-94f8c9,2024-12-17,,Enterprise,36,7164,85968,f,f,f,annual,t,no_change
S-85320b,A-71615e,2024-08-21,,Enterprise,15,0,0,t,t,f,monthly,t,upgrade
S-317bed,A-53f4e3,2024-10-16,,Basic,18,342,4104,f,f,f,monthly,f,no_change
S-4fc62f,A-6c093d,2024-12-12,,Enterprise,7,0,0,t,f,f,annual,t,no_change
S-fb10b8,A-5a92e7,2024-07-15,,Pro,43,2107,25284,f,f,f,annual,t,no_change
S-0fc72f,A-faa28c,2024-02-23,,Pro,65,3185,38220,f,t,f,annual,t,upgrade
S-55834e,A-4437e4,2024-08-30,,Pro,4,0,0,t,f,f,annual,t,no_change
S-09d706,A-6e08f3,2024-07-20,,Pro,8,392,4704,f,f,t,monthly,t,downgrade
S-738d4a,A-71615e,2024-12-06,,Pro,15,735,8820,f,f,f,annual,t,no_change
S-207191,A-726cfa,2023-07-15,,Pro,20,980,11760,f,f,f,annual,t,no_change
S-ff5ff8,A-eb2fdc,2024-05-25,,Pro,31,1519,18228,f,f,f,annual,t,no_change
S-99c1c7,A-fa3095,2024-06-04,,Basic,70,1330,15960,f,f,f,annual,t,no_change
S-d5aded,A-0f6450,2024-12-29,,Pro,28,1372,16464,f,f,f,monthly,t,no_change
S-b1e72a,A-adc1f3,2024-12-12,,Enterprise,12,2388,28656,f,f,f,monthly,t,no_change
S-1898b3,A-e1462e,2023-07-23,,Basic,28,0,0,t,f,f,annual,t,no_change
S-76eded,A-ae052e,2024-10-24,2024-12-11,Pro,39,1911,22932,f,f,f,monthly,t,no_change
S-3d2ebb,A-716841,2024-10-15,,Basic,45,855,10260,f,f,f,annual,t,no_change
S-1299be,A-f45426,2024-10-18,,Basic,9,171,2052,f,f,t,monthly,f,downgrade
S-59d90a,A-aa9511,2024-08-28,2024-11-13,Pro,29,0,0,t,f,f,annual,t,no_change
S-1f505e,A-95b24a,2023-07-30,,Basic,38,722,8664,f,t,f,annual,t,upgrade
S-ed1eb5,A-726cfa,2024-01-08,,Basic,15,285,3420,f,t,f,monthly,t,upgrade
S-950c4e,A-ee42db,2024-02-20,,Basic,24,456,5472,f,f,f,annual,t,no_change
S-d34b17,A-9123ac,2024-10-21,,Enterprise,18,3582,42984,f,f,f,annual,t,no_change
S-f33b5f,A-f97b9a,2024-08-22,,Basic,65,0,0,t,f,f,annual,t,no_change
S-505db5,A-883b7d,2024-05-01,,Pro,53,2597,31164,f,f,f,monthly,t,no_change
S-db56d2,A-c1dfe1,2023-10-26,2024-03-17,Basic,26,494,5928,f,f,f,monthly,f,no_change
S-075ffc,A-eb7c38,2024-09-02,2024-12-15,Enterprise,15,2985,35820,f,f,f,annual,t,no_change
S-b59bff,A-cea1f0,2024-12-27,,Enterprise,8,1592,19104,f,f,f,annual,f,no_change
S-3ae8d8,A-396e5f,2024-10-02,,Enterprise,7,1393,16716,f,t,f,monthly,t,upgrade
S-62b7cf,A-4c38bc,2024-11-06,,Enterprise,36,7164,85968,f,t,f,annual,t,upgrade
S-91ec54,A-331424,2024-11-04,,Pro,11,0,0,t,f,f,monthly,f,no_change
S-4f43fd,A-fd7ad3,2024-12-26,,Basic,29,551,6612,f,f,f,monthly,t,no_change
S-0dd555,A-e7a1e2,2024-11-22,,Pro,33,1617,19404,f,f,f,annual,f,no_change
S-36f8c0,A-19b2c8,2023-06-19,,Pro,33,1617,19404,f,f,f,annual,t,no_change
S-204d42,A-5b4ebb,2024-10-22,,Pro,21,1029,12348,f,f,f,monthly,t,no_change
S-770f21,A-a8d89d,2024-07-12,,Basic,35,665,7980,f,f,f,monthly,t,no_change
S-14b7f3,A-50bb9f,2024-08-09,,Basic,5,95,1140,f,f,f,monthly,t,no_change
S-34512a,A-9289f6,2024-11-22,,Pro,1,49,588,f,f,f,monthly,t,no_change
S-e22519,A-f44180,2024-06-17,,Pro,14,686,8232,f,f,f,monthly,t,no_change
S-c419d6,A-6e08f3,2024-02-16,,Enterprise,24,4776,57312,f,f,f,annual,f,no_change
S-dc9874,A-cc102e,2024-05-09,2024-09-27,Pro,42,2058,24696,f,f,f,annual,t,no_change
S-2d3096,A-712533,2024-01-19,,Pro,22,1078,12936,f,f,f,annual,t,no_change
S-9d727d,A-ac85cd,2024-12-09,2024-12-18,Basic,53,0,0,t,f,f,monthly,t,no_change
S-78cb5f,A-9badbd,2024-12-07,,Enterprise,7,1393,16716,f,f,f,monthly,t,no_change
S-3b0fbb,A-bd4708,2024-10-12,,Pro,59,0,0,t,f,f,annual,f,no_change
S-4eabfc,A-751bd4,2024-09-18,,Basic,10,190,2280,f,f,f,monthly,t,no_change
S-35752e,A-e6afc1,2024-05-08,,Pro,1,49,588,f,f,f,annual,t,no_change
S-e56037,A-2ebb4b,2024-05-25,,Pro,41,2009,24108,f,t,f,annual,t,upgrade
S-c545c8,A-c1e51e,2024-10-20,,Basic,7,133,1596,f,f,t,monthly,t,downgrade
S-10f143,A-6f8ad2,2024-08-13,,Basic,8,152,1824,f,f,f,monthly,t,no_change
S-8669e4,A-6dee43,2024-08-11,2024-10-23,Pro,55,2695,32340,f,f,f,annual,f,no_change
S-0337da,A-098560,2024-09-02,,Enterprise,29,5771,69252,f,f,f,monthly,t,no_change
S-fe77d4,A-fda07f,2024-12-01,,Pro,16,784,9408,f,t,f,monthly,t,upgrade
S-ac2157,A-5a184f,2024-04-14,,Enterprise,14,2786,33432,f,f,f,monthly,t,no_change
S-f180b5,A-86cdb4,2024-10-13,,Basic,17,323,3876,f,f,f,monthly,t,no_change
S-8442d1,A-82d8a6,2024-12-22,2024-12-24,Enterprise,21,0,0,t,f,f,monthly,t,no_change
S-f3e5f9,A-a09355,2024-12-09,,Pro,26,1274,15288,f,f,f,monthly,t,no_change
S-6b1de8,A-6843f2,2024-12-27,,Basic,21,399,4788,f,f,f,monthly,t,no_change
S-c7621b,A-ced9aa,2024-11-23,2024-11-25,Basic,19,361,4332,f,f,f,annual,t,no_change
S-973625,A-794a0b,2023-12-18,,Basic,23,437,5244,f,f,f,annual,f,no_change
S-7425f9,A-3d957b,2024-07-30,,Pro,29,1421,17052,f,t,f,monthly,t,upgrade
S-9d8ac4,A-313be3,2024-09-29,,Basic,47,0,0,t,f,f,annual,t,no_change
S-1a20b6,A-1e6fc3,2024-04-01,,Pro,5,245,2940,f,f,f,monthly,t,no_change
S-a3791c,A-c4ea60,2024-12-17,,Enterprise,18,3582,42984,f,f,f,monthly,t,no_change
S-f9cb96,A-fd9422,2024-05-09,,Enterprise,58,11542,138504,f,t,f,annual,t,upgrade
S-5450af,A-b48f73,2024-12-13,,Enterprise,80,15920,191040,f,f,f,annual,f,no_change
S-641794,A-fd9422,2024-05-08,,Pro,58,0,0,t,f,f,annual,t,no_change
S-7fb77e,A-91e948,2023-11-10,,Pro,41,2009,24108,f,t,f,annual,t,upgrade
S-30008c,A-cc98bc,2024-05-26,,Pro,54,2646,31752,f,t,f,annual,t,upgrade
S-e8f8c0,A-cab532,2023-05-27,,Enterprise,25,4975,59700,f,f,f,monthly,t,no_change
S-9828eb,A-cb6cc6,2024-10-01,,Pro,25,1225,14700,f,f,f,monthly,t,no_change
S-d75e1f,A-922109,2024-11-29,,Enterprise,4,796,9552,f,f,f,monthly,f,no_change
S-7077ab,A-fda07f,2024-12-30,,Basic,14,266,3192,f,f,f,monthly,t,no_change
S-aa751f,A-86fc1d,2024-10-16,,Basic,37,703,8436,f,f,f,monthly,t,no_change
S-08a3ca,A-c45b23,2024-09-07,,Pro,25,0,0,t,f,f,annual,t,no_change
S-886184,A-7c83a1,2024-09-20,,Enterprise,17,0,0,t,f,f,annual,t,no_change
S-46a7eb,A-e19ff6,2024-10-05,,Enterprise,43,0,0,t,f,f,monthly,t,no_change
S-482e5b,A-427b69,2024-09-07,,Pro,18,882,10584,f,f,f,annual,t,no_change
S-632acf,A-331424,2024-08-28,,Enterprise,11,2189,26268,f,f,f,monthly,t,no_change
S-712e69,A-0f3e88,2024-11-24,,Basic,17,323,3876,f,f,f,annual,t,no_change
S-f8d74d,A-7641d3,2024-05-21,,Enterprise,14,2786,33432,f,f,f,monthly,f,no_change
S-c2c197,A-029f69,2024-09-15,2024-09-19,Basic,15,285,3420,f,f,f,monthly,f,no_change
S-e2981a,A-7f4db3,2024-11-06,,Enterprise,18,3582,42984,f,f,f,annual,t,no_change
S-fae195,A-a7bd4b,2023-10-31,,Basic,22,418,5016,f,t,f,annual,f,upgrade
S-a8a1e8,A-f92792,2024-08-25,,Enterprise,35,6965,83580,f,f,f,monthly,t,no_change
S-d471c6,A-a6d261,2024-07-16,,Basic,9,171,2052,f,f,f,monthly,t,no_change
S-465825,A-e2cd1b,2024-11-20,,Basic,18,342,4104,f,t,f,monthly,t,upgrade
S-c59b3b,A-781cc0,2024-09-18,,Enterprise,12,2388,28656,f,f,f,annual,t,no_change
S-7e8bd4,A-ac14bb,2024-03-26,,Basic,27,513,6156,f,f,f,monthly,t,no_change
S-92ae0a,A-91e948,2024-07-11,,Enterprise,41,8159,97908,f,t,f,monthly,t,upgrade
S-180859,A-d4ac0e,2024-08-06,,Basic,18,342,4104,f,f,f,monthly,t,no_change
S-3c8e09,A-e351e1,2024-10-01,,Basic,33,627,7524,f,f,f,monthly,t,no_change
S-306a99,A-3a5ad8,2024-03-31,,Basic,9,0,0,t,f,f,monthly,t,no_change
S-0bdf55,A-7dacce,2024-09-18,,Enterprise,13,2587,31044,f,f,f,annual,f,no_change
S-cc771c,A-81edc3,2024-06-08,,Pro,41,2009,24108,f,t,f,monthly,f,upgrade
S-af6284,A-30b4ca,2024-05-27,,Enterprise,86,17114,205368,f,f,f,annual,t,no_change
S-e92512,A-0dbdc6,2024-03-13,,Basic,30,570,6840,f,f,f,monthly,t,no_change
S-87d801,A-443b7c,2024-09-16,,Pro,5,245,2940,f,f,f,monthly,t,no_change
S-74bda1,A-dfbd31,2024-06-17,,Basic,14,0,0,t,f,f,annual,f,no_change
S-fcb954,A-45ce7a,2024-03-19,,Enterprise,16,3184,38208,f,f,f,annual,t,no_change
S-a44d30,A-e08cd3,2024-10-31,,Enterprise,67,13333,159996,f,f,f,monthly,t,no_change
S-a4a6c9,A-86fc1d,2024-08-16,,Enterprise,28,5572,66864,f,t,f,monthly,t,upgrade
S-ff2510,A-80eeb6,2024-09-14,,Pro,46,0,0,t,t,t,annual,t,conflict
S-1c54b6,A-0f6450,2024-12-31,,Enterprise,28,5572,66864,f,f,f,monthly,f,no_change
S-90a14e,A-503d5a,2024-03-30,,Pro,4,196,2352,f,f,f,annual,f,no_change
S-b4cd75,A-cc102e,2024-09-23,,Enterprise,13,2587,31044,f,f,f,monthly,f,no_change
S-10bf4d,A-ce66f8,2023-08-24,,Basic,29,551,6612,f,f,f,monthly,t,no_change
S-7e8699,A-e89151,2024-11-14,,Pro,31,1519,18228,f,f,f,monthly,t,no_change
S-726749,A-43a9e3,2024-02-22,,Pro,18,882,10584,f,t,f,annual,t,upgrade
S-d2932e,A-ac9111,2024-08-26,,Enterprise,21,4179,50148,f,f,f,annual,f,no_change
S-72a3e2,A-3c1a3f,2024-10-26,,Basic,7,133,1596,f,f,f,annual,f,no_change
S-763b53,A-592832,2024-12-22,,Basic,18,342,4104,f,f,f,annual,f,no_change
S-8b4074,A-d922bf,2024-12-10,,Enterprise,9,1791,21492,f,f,f,annual,t,no_change
S-37d427,A-eb2fdc,2024-04-06,,Basic,31,589,7068,f,f,f,monthly,t,no_change
S-1784ce,A-a0ca4e,2024-09-25,,Pro,49,2401,28812,f,f,f,annual,t,no_change
S-c913f8,A-82d8a6,2024-12-03,,Enterprise,68,13532,162384,f,f,f,monthly,t,no_change
S-67acc8,A-f9cc74,2024-11-09,,Pro,30,0,0,t,f,f,monthly,t,no_change
S-1a93b8,A-5a92e7,2024-10-03,,Enterprise,19,0,0,t,f,f,annual,f,no_change
S-cc3f3d,A-94f8c9,2024-10-19,,Enterprise,17,3383,40596,f,f,f,annual,f,no_change
S-66bae1,A-812c5b,2024-10-22,,Basic,55,1045,12540,f,f,f,monthly,t,no_change
S-0aed9e,A-22d9d2,2024-06-29,,Pro,8,392,4704,f,f,f,annual,t,no_change
S-fa92c5,A-443b7c,2024-10-01,,Pro,84,4116,49392,f,f,f,monthly,t,no_change
S-fee9c9,A-779e4e,2024-07-02,,Enterprise,6,1194,14328,f,f,f,annual,f,no_change
S-2d0d53,A-fe79a5,2024-09-06,,Enterprise,23,4577,54924,f,f,f,annual,t,no_change
S-e0a991,A-9affe6,2023-04-06,,Enterprise,7,1393,16716,f,f,f,monthly,t,no_change
S-58b1a2,A-67be94,2024-06-20,,Enterprise,52,10348,124176,f,f,f,monthly,t,no_change
S-f6a70a,A-2446e3,2024-10-06,,Enterprise,27,5373,64476,f,t,f,annual,t,upgrade
S-9c9700,A-0f6450,2024-12-31,,Basic,28,532,6384,f,f,f,annual,t,no_change
S-65ec6b,A-ac14bb,2024-03-15,2024-10-20,Enterprise,35,6965,83580,f,f,f,monthly,t,no_change
S-99a404,A-139c3b,2024-12-20,,Basic,10,190,2280,f,f,f,annual,t,no_change
S-532502,A-a09355,2024-11-14,,Basic,14,266,3192,f,f,f,monthly,t,no_change
S-77befa,A-7e0a10,2023-11-29,,Basic,46,874,10488,f,f,f,monthly,f,no_change
S-aa78ed,A-6e08f3,2024-02-29,,Pro,18,0,0,t,t,f,monthly,f,upgrade
S-e781ba,A-53f4e3,2024-06-17,,Pro,19,931,11172,f,f,f,monthly,f,no_change
S-61fa27,A-5a3eb9,2024-10-30,,Basic,21,399,4788,f,f,f,annual,f,no_change
S-4f5c94,A-6dee43,2023-10-22,,Basic,6,114,1368,f,f,f,annual,t,no_change
S-4a0cb3,A-a1b80b,2024-05-16,2024-08-04,Enterprise,22,0,0,t,f,f,monthly,t,no_change
S-77c880,A-40906c,2024-12-01,,Pro,92,4508,54096,f,f,f,annual,t,no_change
S-f8ee6e,A-ed510f,2023-04-19,,Enterprise,42,0,0,t,f,f,monthly,t,no_change
S-c7b793,A-90a8c8,2024-11-07,,Pro,23,1127,13524,f,f,f,monthly,t,no_change
S-e7f571,A-9affe6,2023-06-06,2024-12-11,Basic,7,133,1596,f,f,f,monthly,t,no_change
S-611bf8,A-df10db,2023-09-08,,Enterprise,2,398,4776,f,f,f,annual,t,no_change
S-f3979e,A-9c18c4,2023-12-15,,Pro,11,539,6468,f,f,f,annual,t,no_change
S-409beb,A-7988d1,2024-03-12,,Basic,33,0,0,t,f,f,annual,t,no_change
S-0896bc,A-9779ad,2024-12-16,,Enterprise,40,7960,95520,f,f,f,monthly,f,no_change
S-e09e04,A-fda07f,2024-08-24,,Enterprise,14,2786,33432,f,t,f,annual,t,upgrade
S-293a1f,A-40de06,2024-05-17,,Pro,28,1372,16464,f,f,f,monthly,f,no_change
S-b56884,A-c1dfe1,2024-07-26,,Enterprise,41,8159,97908,f,f,f,annual,t,no_change
S-5f8ad0,A-dfbd31,2024-08-08,,Basic,24,456,5472,f,f,f,annual,t,no_change
S-713c12,A-8ed5dd,2024-11-27,,Basic,15,285,3420,f,f,t,monthly,t,downgrade
S-e74ca1,A-59f724,2024-08-24,,Basic,3,0,0,t,f,f,monthly,f,no_change
S-b6a35b,A-59f724,2024-05-08,,Pro,19,931,11172,f,f,f,monthly,t,no_change
S-711528,A-a7bd4b,2024-09-25,,Basic,18,342,4104,f,f,f,monthly,t,no_change
S-101401,A-08e34e,2024-12-05,,Pro,58,2842,34104,f,f,f,monthly,t,no_change
S-155934,A-4a4c2d,2024-04-16,,Pro,54,0,0,t,f,f,annual,t,no_change
S-535bd1,A-d792a6,2023-03-18,,Pro,9,0,0,t,f,f,monthly,f,no_change
S-42bbe0,A-2e3bad,2024-10-09,,Basic,61,0,0,t,f,f,annual,t,no_change
S-09076d,A-87aa7b,2024-12-23,,Pro,51,2499,29988,f,t,f,monthly,t,upgrade
S-d302e2,A-bd4708,2024-08-31,,Enterprise,37,7363,88356,f,f,f,annual,t,no_change
S-f9a56a,A-0be015,2024-11-19,,Basic,24,456,5472,f,f,f,monthly,f,no_change
S-f783b6,A-2d4502,2024-08-31,,Enterprise,7,1393,16716,f,f,f,monthly,t,no_change
S-6d9705,A-726cfa,2024-03-25,,Enterprise,11,2189,26268,f,f,f,annual,t,no_change
S-93ab2d,A-f17767,2023-05-02,,Basic,2,38,456,f,f,f,annual,t,no_change
S-617065,A-a45270,2024-10-01,,Enterprise,3,597,7164,f,t,f,annual,t,upgrade
S-329803,A-1f0ac7,2024-04-29,,Basic,34,646,7752,f,f,f,monthly,f,no_change
S-677801,A-80eeb6,2024-05-02,,Enterprise,89,17711,212532,f,f,f,monthly,t,no_change
S-3092cb,A-6a4e2d,2023-08-03,,Enterprise,22,4378,52536,f,f,f,annual,t,no_change
S-f9469c,A-781cc0,2024-09-04,,Enterprise,12,2388,28656,f,t,f,monthly,t,upgrade
S-c13970,A-59f724,2024-06-27,,Basic,36,684,8208,f,f,f,monthly,t,no_change
S-c1c6ca,A-856b1e,2024-02-03,,Pro,36,1764,21168,f,f,f,monthly,t,no_change
S-966a44,A-f5641b,2024-04-21,2024-07-22,Enterprise,31,6169,74028,f,t,t,monthly,t,conflict
S-aef0c5,A-e1b9cd,2024-05-22,,Basic,40,760,9120,f,f,f,monthly,t,no_change
S-6ca9be,A-e888d1,2023-05-11,,Basic,54,1026,12312,f,f,f,annual,t,no_change
S-f7b2fc,A-f446b6,2024-07-25,2024-10-13,Enterprise,13,2587,31044,f,f,f,monthly,t,no_change
S-9c414f,A-0a282f,2024-12-27,,Pro,2,98,1176,f,f,f,annual,t,no_change
S-4b9226,A-798a3f,2024-10-11,,Enterprise,13,2587,31044,f,f,f,monthly,f,no_change
S-72fa62,A-4c56c9,2024-09-03,,Enterprise,27,5373,64476,f,f,f,annual,t,no_change
S-4fe9b6,A-8bde0c,2024-12-19,2024-12-30,Pro,25,1225,14700,f,f,f,annual,t,no_change
S-7c635b,A-92a333,2023-08-15,,Enterprise,33,6567,78804,f,f,f,annual,t,no_change
S-c158df,A-fa2041,2024-10-27,,Enterprise,18,3582,42984,f,f,f,monthly,t,no_change
S-b49c0a,A-db5e9e,2024-12-05,,Pro,23,1127,13524,f,f,f,monthly,f,no_change
S-42822d,A-443f6f,2024-12-15,,Pro,25,1225,14700,f,f,f,annual,t,no_change
S-432401,A-c7ffc2,2023-05-25,,Pro,132,6468,77616,f,f,f,monthly,t,no_change
S-71fc3d,A-ccb686,2024-12-06,,Enterprise,10,1990,23880,f,f,f,monthly,t,no_change
