ticket_id,account_id,submitted_at,closed_at,resolution_time_hours,priority,first_response_time_minutes,satisfaction_score,escalation_flag
T-d57ae7,A-bf7919,2023-06-11,2023-06-11,23,low,110,5,f
T-c8d035,A-bf7919,2024-10-29,2024-10-29,78,high,53,,f
T-6ba215,A-56962b,2023-03-24,2023-03-26,59,low,73,3,f
T-d0e9c2,A-0f6450,2024-02-27,2024-02-28,55,medium,112,,f
T-bdc427,A-56962b,2023-01-23,2023-01-25,28,high,79,,f
T-777bf4,A-0f6450,2023-01-20,2023-01-20,17,low,54,5,f
T-4220fc,A-0f6450,2023-06-06,2023-06-07,16,low,70,3,t
T-2e8ffa,A-56962b,2023-08-15,2023-08-15,21,medium,153,,f
T-762eff,A-0f6450,2023-04-24,2023-04-25,46,low,46,3,f
T-82577a,A-56962b,2024-02-19,2024-02-19,11,low,117,,f
T-a4d85c,A-0f6450,2023-04-03,2023-04-05,-8,medium,37,3,f
T-e45dfb,A-0f6450,2023-04-08,2023-04-08,24,medium,173,4,f
T-bd64bb,A-5a92e7,2023-04-25,2023-04-27,46,urgent,172,5,f
T-b5f0d3,A-016043,2023-10-02,2023-10-02,53,high,28,4,f
T-c6dcaf,A-32fb14,2023-03-18,2023-03-20,101,low,24,,f
T-e41843,A-c9bb3e,2023-07-22,2023-07-23,19,high,119,4,f
T-992cf9,A-c9bb3e,2024-12-14,2024-12-14,74,medium,21,4,f
T-f6909c,A-5a92e7,2023-05-18,2023-05-19,71,medium,9,5,f
T-fd84fa,A-08e34e,2023-03-16,2023-03-17,40,medium,170,3,f
T-e63e72,A-396e5f,2024-06-02,2024-06-02,50,high,125,,f
T-6da9bc,A-396e5f,2024-12-10,2024-12-12,27,high,49,4,t
T-8ccee6,A-6e08f3,2023-04-07,2023-04-08,92,urgent,122,3,f
T-d3a975,A-3ce5b8,2023-10-08,2023-10-09,39,urgent,169,3,f
T-9a49dd,A-3ce5b8,2023-05-08,2023-05-09,53,high,65,4,f
T-6ba61d,A-484819,2024-08-15,2024-08-17,34,high,165,,f
T-1b7db9,A-712533,2024-05-05,2024-05-06,29,low,145,5,f
T-c475b2,A-712533,2024-10-29,2024-10-29,53,high,76,4,f
T-7e77dc,A-7cfe77,2023-12-23,2023-12-23,12,medium,42,,f
T-1c52db,A-8e47ca,2023-01-04,2023-01-05,39,medium,90,,f
T-322072,A-8e47ca,2023-02-17,2023-02-18,38,high,130,,f
T-2651ec,A-8e47ca,2024-02-18,2024-02-18,68,high,21,,f
T-611c1e,A-8e47ca,2023-03-09,2023-03-09,43,high,17,3,f
T-8639ca,A-8e47ca,2023-09-30,2023-10-03,69,medium,145,5,t
T-273811,A-029f69,2023-06-23,2023-06-25,-10,low,85,,f
T-788eff,A-029f69,2024-04-18,2024-04-19,0,urgent,131,3,f
T-abcd41,A-6da850,2024-11-01,2024-11-02,-26,medium,44,,f
T-6ec2a9,A-9208f0,2023-06-21,2023-06-23,-6,low,3,,f
T-e0c9bf,A-6da850,2023-01-10,2023-01-12,6,medium,26,,f
T-d612f3,A-bb1486,2024-05-19,2024-05-19,27,low,1,3,f
T-387b29,A-956988,2024-04-20,2024-04-21,46,low,83,,f
T-b1720e,A-bb1486,2023-08-27,2023-08-27,21,high,118,,f
T-4f404a,A-bb1486,2024-03-07,2024-03-07,83,high,115,,f
T-f01315,A-956988,2024-11-22,2024-11-24,73,urgent,153,3,f
T-8444c1,A-69fad4,2023-09-16,2023-09-18,5,medium,114,4,f
T-cc8d03,A-69fad4,2024-07-19,2024-07-20,20,medium,22,3,f
T-46fbb6,A-69fad4,2023-07-27,2023-07-29,58,low,167,,f
T-ef99b1,A-eb1312,2023-09-04,2023-09-06,50,low,117,5,f
T-1e5e13,A-249769,2024-07-24,2024-07-24,59,high,180,3,f
T-2ef49b,A-cc1d8d,2023-09-15,2023-09-16,10,medium,33,5,f
T-05b5f6,A-cc1d8d,2024-03-05,2024-03-06,41,high,137,,f
T-06d051,A-cc1d8d,2024-01-24,2024-01-24,44,medium,94,,f
T-d9cb01,A-0baac2,2024-03-23,2024-03-25,31,urgent,104,,f
T-48a7e1,A-0baac2,2024-06-30,2024-07-01,6,low,79,,f
T-cbc3ef,A-c4ea60,2023-02-06,2023-02-08,47,medium,51,3,f
T-91c983,A-dfbd31,2023-05-23,2023-05-23,35,high,177,5,f
T-484790,A-0f6450,2023-12-13,2023-12-14,18,urgent,102,,f
T-1df364,A-c70870,2024-05-06,2024-05-06,1,medium,127,4,f
T-6086c6,A-cd458b,2024-09-08,2024-09-08,24,urgent,84,5,f
T-e17f8c,A-ac85cd,2024-02-02,2024-02-02,17,low,66,4,f
T-30e7ba,A-31ab9a,2024-01-17,2024-01-18,21,high,58,,f
T-0cfcc4,A-69fad4,2024-09-13,2024-09-13,43,urgent,164,4,f
T-cfbf16,A-249769,2024-10-12,2024-10-14,32,low,13,5,f
T-8e58b9,A-cc1d8d,2024-08-06,2024-08-06,39,high,106,4,f
T-b8b946,A-cc1d8d,2024-04-09,2024-04-11,31,medium,126,,f
T-3ef55f,A-098560,2023-09-02,2023-09-02,43,high,174,3,t
T-7cab7d,A-c37cab,2024-01-15,2024-01-15,38,low,28,4,f
T-090534,A-cc8c8f,2023-11-30,2023-11-30,65,urgent,143,4,f
T-6684a4,A-cc8c8f,2023-11-19,2023-11-19,40,urgent,103,3,f
T-27e2a5,A-9f9299,2024-09-11,2024-09-13,43,low,42,,f
T-495585,A-acb7f7,2024-01-27,2024-01-27,35,medium,31,3,f
T-d6c9b1,A-a6d261,2024-02-09,2024-02-09,4,high,32,5,f
T-5df8d7,A-a6d261,2024-12-05,2024-12-07,33,medium,3,4,f
T-0f7d84,A-a6d261,2024-10-27,2024-10-29,-14,medium,81,,f
T-65b231,A-a6d261,2023-09-11,2023-09-13,11,low,137,5,t
T-967ccc,A-acb7f7,2023-12-28,2023-12-30,37,urgent,144,4,f
T-bdbc42,A-31ab9a,2024-09-09,2024-09-11,-9,urgent,90,4,f
T-9d8a29,A-c222ab,2024-07-16,2024-07-17,58,urgent,131,,f
T-a45f3e,A-d792a6,2024-02-11,2024-02-12,26,urgent,174,4,f
T-4cf1f9,A-d792a6,2024-12-29,2024-12-29,59,urgent,125,,f
T-7a5dca,A-d792a6,2023-11-02,2023-11-04,45,high,28,,f
T-a2a84a,A-d792a6,2023-03-30,2023-03-31,51,medium,36,4,f
T-89db4e,A-31ab9a,2023-08-31,2023-09-02,1,medium,132,,f
T-5b0a56,A-78f02b,2024-07-24,2024-07-26,0,medium,42,,f
T-97f5bb,A-31ab9a,2024-12-25,2024-12-25,-19,medium,6,3,f
T-0f97f5,A-7f4db3,2023-05-12,2023-05-12,8,low,153,3,f
T-bf0575,A-78f02b,2023-04-10,2023-04-12,-29,high,125,5,f
T-74e1b9,A-0dbdc6,2023-09-06,2023-09-06,14,low,138,,f
T-8a14a4,A-ac85cd,2023-11-19,2023-11-21,1,medium,128,3,f
T-7b13df,A-ac85cd,2024-08-01,2024-08-01,1,low,35,,f
T-79b057,A-31ab9a,2023-01-22,2023-01-23,1,low,66,4,f
T-862ab3,A-31ab9a,2024-06-16,2024-06-18,-24,medium,85,3,f
T-b9e7df,A-526d93,2023-05-10,2023-05-10,1,medium,158,,f
T-e3d7af,A-526d93,2024-11-13,2024-11-15,1,low,157,,f
T-f660fd,A-526d93,2024-02-21,2024-02-23,1,urgent,161,,f
T-2422ea,A-526d93,2024-04-14,2024-04-16,1,high,49,4,f
T-e58f06,A-7f4db3,2024-06-08,2024-06-09,1,high,155,3,t
T-fbe6c4,A-526d93,2023-10-26,2023-10-29,1,high,148,3,t
T-9bb4f6,A-7f4db3,2024-05-20,2024-05-20,-24,medium,14,4,f
T-ce1dee,A-d792a6,2024-10-10,2024-10-11,31,low,126,,f
T-0bc38a,A-c70870,2023-07-08,2023-07-08,-24,low,159,5,f
T-abeb65,A-c70870,2024-07-07,2024-07-09,40,low,10,,f
T-87bb00,A-c70870,2024-08-18,2024-08-19,19,medium,62,3,f
T-7431ee,A-c70870,2023-06-05,2023-06-07,27,high,171,,f
T-041287,A-34ea2f,2024-07-15,2024-07-17,78,urgent,19,4,f
T-0c9c88,A-0baac2,2024-07-10,2024-07-12,67,high,89,5,f
T-820846,A-180abf,2024-07-30,2024-07-30,71,medium,44,,f
T-6b1bf1,A-180abf,2024-01-20,2024-01-21,45,medium,5,3,f
T-7b7a5a,A-1e50e0,2024-10-02,2024-10-02,62,high,170,5,t
T-7a95e0,A-0baac2,2023-12-16,2023-12-16,33,low,54,,f
T-113483,A-1e50e0,2024-10-29,2024-10-29,98,urgent,116,,f
T-c248c0,A-0baac2,2024-06-05,2024-06-07,35,high,54,3,f
T-30ab22,A-65aeb5,2023-09-01,2023-09-03,74,high,146,5,f
T-194946,A-65aeb5,2023-08-10,2023-08-11,78,low,173,,f
T-30b4eb,A-104f1a,2024-12-30,2024-12-30,31,medium,37,,f
T-7772d1,A-104f1a,2024-03-26,2024-03-28,6,low,40,4,f
T-57fa50,A-104f1a,2023-05-25,2023-05-27,31,high,118,5,f
T-17884a,A-104f1a,2023-08-07,2023-08-08,6,medium,38,3,f
T-964182,A-104f1a,2024-04-08,2024-04-08,6,medium,19,3,t
T-ebb149,A-0baac2,2024-09-14,2024-09-15,6,high,154,5,f
T-66636b,A-37f969,2023-07-25,2023-07-27,6,medium,116,4,f
T-29abed,A-cd458b,2024-03-28,2024-03-30,29,urgent,39,5,f
T-a51205,A-cd458b,2023-07-04,2023-07-05,42,urgent,76,3,f
T-bb236d,A-cd458b,2024-06-25,2024-06-26,26,urgent,61,5,f
T-6bdc37,A-80eeb6,2023-07-23,2023-07-24,17,high,89,5,f
T-12a7d7,A-80eeb6,2023-08-02,2023-08-02,53,low,59,3,f
T-2066b3,A-80eeb6,2023-05-19,2023-05-21,80,urgent,87,3,t
T-895101,A-37f969,2024-04-12,2024-04-12,7,urgent,19,,f
T-00183b,A-37f969,2023-09-06,2023-09-06,17,medium,5,4,f
T-629f53,A-37f969,2023-12-29,2023-12-29,6,low,176,,t
T-399f72,A-37f969,2023-12-15,2023-12-15,31,high,154,3,f
T-9b7b66,A-13466a,2023-06-24,2023-06-24,108,high,77,5,f
T-fb6fa3,A-0a62f5,2024-11-26,2024-11-26,58,urgent,57,,f
T-b29471,A-44dc83,2023-06-11,2023-06-12,91,high,53,4,f
T-e938bb,A-832ec2,2024-07-24,2024-07-26,53,medium,171,4,f
T-a80500,A-fce879,2023-01-16,2023-01-17,113,medium,74,3,f
T-9876fb,A-2e3bad,2024-01-18,2024-01-18,97,high,92,,f
T-c28542,A-d49cc5,2024-07-18,2024-07-20,84,medium,32,4,f
T-6a7af3,A-d49cc5,2024-05-15,2024-05-15,82,urgent,134,5,f
T-76ee80,A-fce879,2024-07-17,2024-07-18,100,urgent,49,5,f
T-0fc8f9,A-fda07f,2023-11-28,2023-11-29,109,medium,110,3,f
T-b43464,A-08e34e,2024-07-15,2024-07-17,36,high,67,3,f
T-ae23c2,A-7e0a10,2023-03-09,2023-03-10,0,urgent,127,5,f
T-9bf64e,A-3ce5b8,2023-10-07,2023-10-08,31,high,87,,f
T-471c3e,A-3ce5b8,2024-08-15,2024-08-16,19,high,89,4,f
T-926ee8,A-5a92e7,2023-06-17,2023-06-19,60,high,9,5,f
T-990f20,A-6a7c9d,2024-08-15,2024-08-16,37,medium,42,3,f
T-b1d1d0,A-bcf664,2023-08-13,2023-08-14,35,urgent,128,3,f
T-1cea26,A-bcf664,2023-12-18,2023-12-20,69,high,169,5,t
T-74be0c,A-bcf664,2024-11-16,2024-11-16,44,high,4,4,f
T-42f9b6,A-bcf664,2023-05-12,2023-05-12,36,urgent,172,,f
T-fa3300,A-bcf664,2024-07-03,2024-07-06,18,low,80,,f
T-135f77,A-cd458b,2024-12-02,2024-12-04,11,medium,146,5,f
T-e9e7a7,A-3be56b,2023-06-17,2023-06-17,93,low,107,3,f
T-673852,A-4e44e8,2024-09-15,2024-09-15,1,low,10,3,f
T-51307e,A-b78bf8,2023-09-15,2023-09-16,88,low,93,5,f
T-1e3043,A-b78bf8,2024-02-19,2024-02-19,68,urgent,89,5,f
T-bc6799,A-9f9299,2023-04-12,2023-04-14,94,medium,146,,f
T-ceb781,A-712533,2023-07-17,2023-07-17,-6,low,108,3,f
T-300e16,A-22d9d2,2024-10-15,2024-10-15,64,urgent,131,3,t
T-776916,A-0a282f,2023-06-12,2023-06-14,41,medium,12,5,f
T-14ab7d,A-bece89,2023-02-20,2023-02-21,84,medium,63,5,f
T-051e5b,A-e08cd3,2023-09-20,2023-09-20,52,urgent,59,5,f
T-187648,A-592832,2024-10-27,2024-10-28,52,medium,51,,f
T-a7489c,A-7e0a10,2024-01-24,2024-01-26,26,high,72,,f
T-33d113,A-7e0a10,2024-08-11,2024-08-12,36,high,30,,f
T-ad6a24,A-7e0a10,2024-12-18,2024-12-19,-3,urgent,43,,f
T-7df5b2,A-b78bf8,2024-12-01,2024-12-01,74,medium,161,5,f
T-c9a73c,A-b9f5b1,2024-10-24,2024-10-24,11,urgent,86,4,f
T-f0d824,A-b9f5b1,2023-12-01,2023-12-02,60,urgent,165,3,f
T-2c34c5,A-034368,2023-08-29,2023-08-31,35,low,34,5,f
T-6858fa,A-034368,2024-05-04,2024-05-05,13,medium,51,,f
T-a7ce4a,A-034368,2023-07-01,2023-07-01,62,high,124,,f
T-317894,A-0651a4,2024-04-20,2024-04-20,88,high,135,3,f
T-56fa73,A-2e3bad,2023-05-03,2023-05-05,98,low,49,4,f
T-fcedc6,A-5a184f,2024-04-13,2024-04-14,65,high,33,4,f
T-42efc2,A-2e3bad,2024-01-08,2024-01-08,22,high,159,,f
T-cd31c2,A-0651a4,2023-07-21,2023-07-22,84,high,9,,f
T-bd38ae,A-5a184f,2023-09-25,2023-09-25,30,medium,38,4,f
T-5c2e35,A-034368,2023-01-11,2023-01-12,63,urgent,123,,f
T-563a64,A-b9f5b1,2023-08-20,2023-08-21,35,medium,15,3,f
T-9703b6,A-7df7a7,2023-07-04,2023-07-04,84,urgent,142,4,f
T-f10d70,A-fda07f,2024-09-01,2024-09-01,88,high,3,4,f
T-de489a,A-692f18,2024-07-28,2024-07-30,112,high,96,5,f
T-4ecb7b,A-acb7f7,2023-08-19,2023-08-21,18,low,98,,f
T-c786ff,A-c222ab,2024-12-26,2024-12-27,28,urgent,152,,f
T-134bb9,A-2bc93d,2024-11-23,2024-11-23,102,medium,44,5,f
T-ef9608,A-2bc93d,2023-05-28,2023-05-28,48,urgent,112,4,f
T-134994,A-0a62f5,2023-11-05,2023-11-07,35,high,153,,f
T-7e129c,A-df10db,2023-12-04,2023-12-06,88,medium,46,3,t
T-c98c9f,A-832ec2,2024-02-28,2024-02-28,50,medium,68,,f
T-9fcefd,A-659280,2023-04-17,2023-04-17,65,low,91,4,f
T-956203,A-ccb686,2023-11-06,2023-11-08,92,high,30,4,f
T-21da91,A-b9f5b1,2024-08-09,2024-08-10,43,low,121,3,f
T-c01944,A-c37cab,2024-03-28,2024-03-29,41,medium,146,3,f
T-276a05,A-c37cab,2023-10-17,2023-10-19,30,high,144,3,t
T-0b025f,A-c37cab,2024-02-15,2024-02-16,77,high,87,5,f
T-5e7096,A-44dc83,2023-10-18,2023-10-19,43,low,35,,f
T-a89311,A-44dc83,2023-11-07,2023-11-09,112,urgent,93,4,f
T-e4d183,A-44dc83,2024-09-15,2024-09-16,82,low,6,5,f
T-6b1dfe,A-832ec2,2024-04-14,2024-04-14,87,high,87,4,t
T-c895a0,A-5a92e7,2024-10-10,2024-10-10,71,medium,3,3,f
T-30fb5e,A-34ea2f,2023-12-20,2023-12-20,83,low,158,3,f
T-b78a44,A-9208f0,2023-09-27,2023-09-28,-6,medium,103,4,f
T-0a9b1f,A-9208f0,2023-01-27,2023-01-27,-15,medium,166,,t
T-9f4e20,A-7a0d69,2024-07-04,2024-07-05,30,urgent,83,,f
T-b88fe0,A-34ea2f,2023-11-08,2023-11-08,55,medium,42,,f
T-963409,A-5a92e7,2023-04-01,2023-04-01,12,urgent,127,4,f
T-01e321,A-3ce5b8,2024-06-01,2024-06-02,56,medium,80,4,f
T-e67195,A-3ce5b8,2024-10-25,2024-10-27,1,low,156,3,f
T-4f2be5,A-3ce5b8,2023-04-07,2023-04-08,42,medium,137,5,f
T-1e968e,A-484819,2023-12-10,2023-12-10,24,urgent,127,,f
T-a0545c,A-484819,2024-04-26,2024-04-26,30,medium,152,,f
T-fb798a,A-8bde0c,2024-11-07,2024-11-07,11,medium,64,,f
T-9ff2ab,A-32fb14,2024-05-27,2024-05-27,48,urgent,10,,f
T-05fd42,A-f45426,2024-08-24,2024-08-25,105,urgent,38,4,f
T-3a75b1,A-3be56b,2024-02-13,2024-02-15,97,low,61,4,f
T-334013,A-3be56b,2023-07-17,2023-07-19,34,medium,96,4,f
T-7c0dc3,A-b20d99,2023-08-08,2023-08-10,52,medium,32,4,f
T-7fd978,A-22d9d2,2023-12-26,2023-12-26,71,urgent,8,,f
T-9f48ae,A-22d9d2,2024-01-22,2024-01-22,56,medium,87,5,f
T-ca352f,A-22d9d2,2024-04-24,2024-04-25,96,high,140,4,f
T-04dbe2,A-22d9d2,2024-07-16,2024-07-16,43,urgent,25,,f
T-ded4a8,A-0a282f,2024-05-03,2024-05-05,64,urgent,35,5,f
T-c16096,A-e08cd3,2024-12-26,2024-12-28,44,urgent,148,4,f
T-5dbf5b,A-7cfe77,2023-03-15,2023-03-16,62,high,154,3,f
T-e6b94b,A-7cfe77,2024-10-12,2024-10-13,77,low,143,3,f
T-52fdaf,A-e08cd3,2023-04-21,2023-04-23,65,urgent,23,3,f
T-7f088c,A-4e44e8,2023-06-21,2023-06-23,29,low,175,4,f
T-0aca85,A-8bde0c,2024-07-08,2024-07-08,-4,medium,153,4,f
T-1a05b7,A-2446e3,2024-02-08,2024-02-08,94,urgent,111,3,f
T-a32dd4,A-6a7c9d,2024-04-27,2024-04-28,46,high,13,,f
T-6e3b72,A-3b5cd1,2023-01-27,2023-01-27,47,medium,22,,f
T-ae7b6e,A-4e44e8,2023-02-18,2023-02-18,45,urgent,45,3,f
T-e18407,A-3b5cd1,2024-12-21,2024-12-23,58,urgent,92,,f
T-c83359,A-9208f0,2023-07-17,2023-07-17,-13,low,25,3,f
T-6b831b,A-9208f0,2024-12-12,2024-12-14,-2,low,57,3,f
T-095fc4,A-9208f0,2023-03-01,2023-03-02,29,urgent,100,,f
T-837699,A-751bd4,2024-02-22,2024-02-22,22,urgent,174,5,t
T-391128,A-0dbdc6,2023-09-11,2023-09-13,26,medium,92,,f
T-04c2d4,A-0dbdc6,2023-08-15,2023-08-16,42,low,86,,f
T-687ec1,A-0dbdc6,2024-10-10,2024-10-12,1,high,65,5,f
T-07593c,A-310452,2023-11-24,2023-11-24,119,medium,145,3,f
T-0854f6,A-310452,2024-01-31,2024-02-02,60,urgent,178,3,f
T-be05b0,A-396e5f,2024-08-15,2024-08-16,-2,urgent,27,,f
T-d2e273,A-9f9299,2024-10-05,2024-10-05,79,high,94,,f
T-08e86b,A-9f9299,2023-10-05,2023-10-05,47,urgent,160,,f
T-a528f4,A-b78bf8,2023-04-15,2023-04-16,67,urgent,7,3,f
T-3bfb51,A-425e76,2024-05-07,2024-05-07,34,high,60,,f
T-847498,A-7cfe77,2023-07-17,2023-07-19,47,high,36,,f
T-223760,A-2edab2,2023-04-01,2023-04-03,99,low,124,,f
T-863bcf,A-bece89,2024-05-28,2024-05-29,65,medium,163,4,t
T-996921,A-751bd4,2024-11-13,2024-11-14,17,urgent,124,5,f
T-d4a251,A-751bd4,2023-01-10,2023-01-10,9,urgent,127,3,f
T-546223,A-ccabf0,2023-01-04,2023-01-06,80,high,46,4,f
T-69e92c,A-ccabf0,2023-09-27,2023-09-28,90,medium,114,3,f
T-2a2ecd,A-533452,2023-10-26,2023-10-27,53,medium,30,,f
T-970c6c,A-439b2f,2024-12-12,2024-12-12,64,urgent,123,,f
T-565965,A-3b5cd1,2023-01-11,2023-01-12,59,urgent,42,4,f
T-3a3aa1,A-3b5cd1,2023-10-21,2023-10-21,44,low,24,4,f
T-411989,A-2446e3,2024-10-27,2024-10-27,56,medium,148,4,f
T-772cfe,A-e51ec7,2024-10-05,2024-10-06,32,high,87,5,f
T-b7b797,A-bbc346,2024-03-11,2024-03-12,149,medium,24,,f
T-b8e4c5,A-ef84cf,2023-11-03,2023-11-04,108,low,98,,f
T-866ebe,A-b07b56,2023-06-05,2023-06-06,120,urgent,115,,f
T-690c29,A-c222ab,2024-12-01,2024-12-03,31,medium,77,5,f
T-2c61f3,A-4bfa33,2024-06-29,2024-06-29,49,high,180,3,f
T-753ba1,A-4bfa33,2023-12-08,2023-12-08,79,high,29,,f
T-743f15,A-d49cc5,2024-12-21,2024-12-23,82,urgent,2,,f
T-1f01f6,A-4bfa33,2023-12-12,2023-12-12,48,urgent,46,4,f
T-ca36f7,A-812c5b,2023-02-28,2023-03-01,122,high,108,4,f
T-2904e8,A-692f18,2024-11-11,2024-11-11,113,low,144,,f
T-29279c,A-812c5b,2023-02-20,2023-02-21,80,urgent,127,4,f
T-b2b3fd,A-7df7a7,2024-03-19,2024-03-20,91,high,132,3,t
T-e834e7,A-310452,2024-12-29,2024-12-30,87,medium,46,4,f
T-787a34,A-396e5f,2024-03-06,2024-03-06,30,high,147,,f
T-d4805c,A-1b9609,2023-06-22,2023-06-22,90,low,42,,f
T-533b28,A-1b9609,2024-10-22,2024-10-24,115,high,26,,f
T-df66b4,A-425e76,2023-10-05,2023-10-08,69,high,160,3,f
T-f925c6,A-425e76,2023-02-14,2023-02-14,88,high,162,4,t
T-d93bf8,A-32728c,2023-01-25,2023-01-26,84,medium,51,3,f
T-87f0f2,A-425e76,2024-02-18,2024-02-20,84,medium,164,3,f
T-f39a06,A-96e141,2024-03-07,2024-03-09,91,medium,58,,f
T-686725,A-993085,2024-03-23,2024-03-25,108,medium,78,,f
T-2b6bb1,A-993085,2024-02-20,2024-02-22,81,high,33,4,f
T-7309d6,A-ccabf0,2024-04-18,2024-04-19,80,medium,43,,f
T-4c383b,A-993085,2024-12-09,2024-12-10,78,low,109,3,f
T-e4b581,A-ef84cf,2024-11-02,2024-11-02,139,low,11,4,t
T-f932f6,A-ef84cf,2023-08-07,2023-08-07,120,urgent,91,4,f
T-f09f22,A-ef84cf,2024-10-27,2024-10-29,139,urgent,54,5,f
T-e2e929,A-b07b56,2023-04-30,2023-05-01,80,high,43,3,f
T-0d73d3,A-ef84cf,2024-03-11,2024-03-13,116,low,143,,f
T-671909,A-310452,2023-05-05,2023-05-07,108,medium,60,5,f
T-20d400,A-c9bb3e,2023-10-14,2023-10-15,60,high,169,,f
T-95e4c4,A-484819,2024-02-24,2024-02-26,6,low,176,4,f
T-baea58,A-6e08f3,2024-08-22,2024-08-23,85,low,152,4,f
T-f0aca7,A-1b9609,2024-04-22,2024-04-24,46,urgent,74,3,f
T-9f53ca,A-1b9609,2024-01-23,2024-01-24,122,high,157,,f
T-41c4aa,A-f45426,2023-10-31,2023-10-31,96,low,144,,f
T-afb7aa,A-f45426,2023-05-02,2023-05-02,81,urgent,25,,f
T-7b5fdd,A-5a184f,2023-06-28,2023-06-28,62,low,56,5,f
T-0ae05a,A-7cfe77,2023-04-14,2023-04-14,43,medium,38,,f
T-99abf9,A-2edab2,2023-07-31,2023-07-31,50,high,135,3,f
T-2708ab,A-96e141,2023-11-07,2023-11-07,78,medium,42,4,f
T-f2e96f,A-96e141,2023-04-24,2023-04-24,88,urgent,130,,f
T-583d4d,A-df1e44,2023-05-12,2023-05-13,119,medium,91,5,f
T-6c4112,A-bece89,2024-02-27,2024-02-28,96,urgent,56,,f
T-17f85e,A-bece89,2024-02-24,2024-02-25,31,urgent,133,3,f
T-ebcbc7,A-7e0a10,2023-09-02,2023-09-02,-19,urgent,41,3,f
T-75271b,A-751bd4,2023-10-22,2023-10-22,13,medium,101,,f
T-a289f8,A-2446e3,2024-05-09,2024-05-12,94,medium,55,5,f
T-4e7b8f,A-e51ec7,2023-06-08,2023-06-10,60,medium,94,,f
T-bb3cde,A-bbc346,2023-06-09,2023-06-11,140,urgent,128,4,f
T-4b2bf5,A-e7a1e2,2024-03-31,2024-04-01,89,low,37,4,f
T-ec6d18,A-4e0e85,2024-09-30,2024-10-02,97,high,110,5,f
T-371908,A-d49cc5,2024-04-13,2024-04-13,90,low,53,,f
T-78ed7c,A-b07346,2024-08-13,2024-08-15,13,high,31,4,f
T-aeb97e,A-922109,2023-05-15,2023-05-15,79,medium,151,,f
T-9dc012,A-fda07f,2023-09-24,2023-09-24,113,high,2,,f
T-27d2a6,A-fda07f,2024-04-21,2024-04-22,118,low,102,,f
T-2521f4,A-812c5b,2024-08-28,2024-08-28,84,urgent,13,,f
T-4d5634,A-13466a,2024-11-04,2024-11-06,49,medium,76,3,t
T-772188,A-fda07f,2024-08-03,2024-08-03,81,urgent,68,5,f
T-3915f7,A-310452,2024-04-10,2024-04-10,68,medium,139,3,f
T-d3c23c,A-396e5f,2023-08-25,2023-08-25,51,low,166,,f
T-411de2,A-c9bb3e,2023-09-27,2023-09-29,86,low,7,5,f
T-9d2c2c,A-425e76,2024-03-05,2024-03-07,96,medium,50,,f
T-ed8926,A-32728c,2023-03-11,2023-03-12,72,medium,72,4,f
T-702e0f,A-96e141,2024-01-26,2024-01-27,93,high,17,4,f
T-3118d4,A-df1e44,2024-11-22,2024-11-24,123,high,128,,f
T-19a57f,A-2edab2,2023-10-18,2023-10-20,92,low,34,,f
T-0111f8,A-96e141,2024-04-15,2024-04-15,104,high,95,5,f
T-8b1323,A-2edab2,2024-07-15,2024-07-15,99,medium,116,,f
T-ac09fb,A-751bd4,2023-09-13,2023-09-13,74,high,97,,f
T-6ce2af,A-ccabf0,2023-04-22,2023-04-23,79,high,156,4,f
T-182de8,A-993085,2024-06-07,2024-06-08,80,low,108,,f
T-ad61d7,A-271f46,2023-02-09,2023-02-10,85,medium,79,,f
T-ce367c,A-533452,2024-07-27,2024-07-27,9,urgent,30,,f
T-85c450,A-439b2f,2023-01-05,2023-01-05,43,low,67,,f
T-dd8c7f,A-439b2f,2024-01-23,2024-01-24,41,urgent,66,,f
T-30849e,A-e51ec7,2023-03-03,2023-03-03,78,low,99,,f
T-0b8b7d,A-3b5cd1,2023-04-18,2023-04-19,31,low,53,,f
T-ba59c1,A-bbc346,2024-09-05,2024-09-07,135,medium,156,5,f
T-e44461,A-7f29a7,2024-07-08,2024-07-09,116,urgent,5,4,f
T-65eac5,A-b07b56,2023-04-19,2023-04-19,89,urgent,104,,f
T-9fff22,A-b07346,2024-03-08,2024-03-10,29,medium,162,,f
T-a594a0,A-4bfa33,2023-05-20,2023-05-20,77,medium,84,4,f
T-cee549,A-b07346,2024-11-12,2024-11-12,27,urgent,37,3,f
T-9cbdc5,A-c222ab,2024-10-28,2024-10-28,25,medium,18,,f
T-42f242,A-922109,2024-04-12,2024-04-14,56,high,104,3,f
T-d6707b,A-7df7a7,2023-04-24,2023-04-26,120,high,5,5,f
T-089718,A-812c5b,2023-01-06,2023-01-06,67,medium,105,,f
T-ac9630,A-13466a,2023-11-11,2023-11-11,120,high,130,5,f
T-0ebaee,A-659280,2024-03-05,2024-03-05,84,medium,178,,f
T-b55b60,A-659280,2024-08-25,2024-08-25,87,low,50,5,f
T-9f2d91,A-2e3bad,2024-09-20,2024-09-20,57,low,110,,f
T-035ec1,A-df10db,2024-09-11,2024-09-13,27,medium,127,3,f
T-0416e6,A-44dc83,2023-08-31,2023-09-01,33,high,120,5,f
T-fa10d0,A-0651a4,2023-09-11,2023-09-11,57,urgent,18,,f
T-8d611d,A-2e3bad,2023-02-08,2023-02-09,91,medium,125,3,f
T-2fa50a,A-b9f5b1,2023-02-10,2023-02-11,71,medium,17,4,f
T-e112be,A-34ea2f,2023-11-03,2023-11-04,58,urgent,74,4,f
T-4d29dc,A-5a92e7,2023-01-04,2023-01-05,64,urgent,147,,f
T-be7c14,A-34ea2f,2024-10-09,2024-10-10,56,low,77,,f
T-88aac2,A-c9bb3e,2023-12-09,2023-12-10,42,urgent,161,4,f
T-eecc2f,A-c9bb3e,2024-12-05,2024-12-05,56,high,73,,f
T-eb97d9,A-32fb14,2024-07-22,2024-07-22,87,urgent,115,,f
T-b123d2,A-32fb14,2024-09-05,2024-09-05,60,low,89,4,f
T-4db443,A-08e34e,2024-03-29,2024-03-30,73,low,15,,f
T-000c31,A-3ce5b8,2024-04-05,2024-04-05,9,urgent,65,,f
T-bf9878,A-3ce5b8,2024-11-15,2024-11-17,32,urgent,15,3,f
T-0217dd,A-484819,2023-02-05,2023-02-05,33,urgent,78,5,f
T-2968aa,A-016043,2024-12-11,2024-12-13,47,low,143,,f
T-9c0369,A-34ea2f,2023-09-24,2023-09-25,71,low,30,4,f
T-633a99,A-016043,2024-04-13,2024-04-13,60,high,63,,f
T-5cfb64,A-5a92e7,2024-08-15,2024-08-17,46,low,136,,f
T-7cb39d,A-3be56b,2023-12-22,2023-12-22,70,medium,32,3,f
T-008e20,A-b78bf8,2024-12-17,2024-12-19,69,urgent,94,3,f
T-d99655,A-712533,2024-11-26,2024-11-28,45,high,104,,f
T-b5076f,A-712533,2024-08-07,2024-08-09,21,medium,53,3,f
T-d5e980,A-22d9d2,2023-06-21,2023-06-21,73,low,137,4,f
T-fa9585,A-0a282f,2024-10-26,2024-10-26,64,medium,144,4,f
T-91b90d,A-e08cd3,2024-12-26,2024-12-26,7,high,109,4,f
T-b68fa5,A-e08cd3,2023-10-13,2023-10-13,64,medium,101,,f
T-fb59aa,A-e08cd3,2024-04-29,2024-04-29,32,high,96,,f
T-cee095,A-e08cd3,2023-04-23,2023-04-24,55,high,129,,f
T-0afa9f,A-e08cd3,2023-11-02,2023-11-03,11,low,79,,f
T-44cfed,A-592832,2023-12-02,2023-12-04,78,high,68,,f
T-3329cb,A-592832,2024-04-30,2024-04-30,47,low,123,5,f
T-ce9e96,A-7a0d69,2024-04-25,2024-04-25,76,high,22,5,f
T-36db9a,A-6a7c9d,2023-03-09,2023-03-11,73,high,125,5,f
T-93e27e,A-8bde0c,2023-08-06,2023-08-08,38,high,42,4,f
T-6c817f,A-6da850,2023-08-01,2023-08-03,25,urgent,69,,f
T-a0d060,A-9208f0,2023-01-04,2023-01-04,1,low,18,,f
T-3345a4,A-6da850,2024-12-21,2024-12-23,30,low,112,4,f
T-d890d5,A-6da850,2023-09-22,2023-09-22,-5,high,131,,f
T-452a96,A-2ebb4b,2024-04-05,2024-04-06,12,low,149,3,f
T-8c694d,A-883b7d,2024-05-24,2024-05-24,39,low,39,3,t
T-5f84c5,A-1f559b,2024-01-22,2024-01-24,51,high,28,4,f
T-f8b58d,A-ee42db,2023-01-16,2023-01-18,44,urgent,144,,f
T-219077,A-fb186e,2024-02-09,2024-02-10,48,medium,58,,f
T-2e5ba4,A-0be015,2024-12-05,2024-12-05,48,low,46,4,t
T-54e843,A-bb3bd4,2024-10-06,2024-10-06,49,medium,63,3,f
T-066714,A-b2225d,2024-04-11,2024-04-12,31,high,52,3,f
T-8001a4,A-c9bb3e,2023-05-08,2023-05-08,70,urgent,53,4,t
T-bbe374,A-3ce5b8,2024-01-15,2024-01-17,35,low,155,,f
T-50ad36,A-922109,2023-05-07,2023-05-08,84,medium,126,,f
T-6bd715,A-4e0e85,2024-05-14,2024-05-16,141,medium,129,,f
T-a3288b,A-098560,2024-12-28,2024-12-30,99,low,26,3,f
T-6cce32,A-659280,2024-06-12,2024-06-12,55,medium,176,4,f
T-61fc87,A-034368,2023-01-13,2023-01-15,85,medium,127,3,f
T-462ece,A-b9f5b1,2023-07-17,2023-07-19,31,low,50,3,t
T-b0edf2,A-7cfe77,2024-05-06,2024-05-07,60,medium,150,3,f
T-9bae5a,A-7cfe77,2024-04-14,2024-04-14,-11,urgent,176,5,f
T-0f1c67,A-78f02b,2024-10-09,2024-10-11,-29,low,51,4,f
T-64b0b8,A-533452,2023-09-27,2023-09-29,87,low,16,5,f
T-00fa83,A-9208f0,2023-04-01,2023-04-03,-2,low,6,,f
T-22842d,A-533452,2024-08-05,2024-08-05,88,high,66,3,f
T-804c6c,A-751bd4,2024-10-29,2024-10-30,43,medium,49,4,f
T-0024de,A-712f1c,2023-07-27,2023-07-28,21,high,74,,f
T-4d04b9,A-e43bf7,2024-07-08,2024-07-09,12,urgent,144,,f
T-d5e12f,A-0f3e88,2024-10-17,2024-10-17,15,urgent,93,4,f
T-dfce9a,A-4c56c9,2024-09-08,2024-09-09,13,medium,126,5,f
T-c59f77,A-6f8ad2,2024-11-30,2024-12-01,17,medium,8,,f
T-90f06d,A-94c3cd,2023-07-27,2023-07-27,24,medium,60,,f
T-30b537,A-2e4581,2023-09-09,2023-09-10,10,urgent,64,3,f
T-60242d,A-72799b,2024-01-29,2024-01-29,9,low,56,4,t
T-7119c9,A-b179bf,2023-08-27,2023-08-27,5,urgent,154,,f
T-98a84a,A-157070,2023-12-20,2023-12-21,10,low,26,,f
T-04457d,A-854864,2024-07-18,2024-07-20,5,medium,140,5,f
T-13f1b8,A-5b4ebb,2023-12-05,2023-12-06,20,low,121,5,f
T-f8e2c3,A-40a557,2024-03-01,2024-03-03,20,high,60,,f
T-4e7816,A-05f0e5,2024-10-03,2024-10-04,15,low,108,,f
T-0dea8b,A-671f31,2024-01-24,2024-01-26,12,medium,45,3,f
T-ca96ba,A-410e86,2024-04-28,2024-04-28,23,high,64,,f
T-ac0b69,A-ac9111,2024-03-02,2024-03-02,14,low,86,,f
T-4fb3f2,A-c62e55,2023-03-05,2023-03-07,20,medium,136,3,f
T-2b4423,A-158f4e,2023-12-07,2023-12-07,17,high,99,,f
T-b17401,A-50bb9f,2024-02-21,2024-02-21,23,high,171,3,f
T-bfa749,A-684255,2023-08-04,2023-08-04,21,low,137,5,f
T-3b24c1,A-0aaf6e,2024-06-09,2024-06-11,22,high,151,3,f
T-68c8a6,A-7c4956,2024-09-23,2024-09-23,24,high,34,,f
T-bccf63,A-82d8a6,2024-11-29,2024-12-01,24,high,67,3,f
T-98448a,A-462d45,2024-02-10,2024-02-10,5,high,99,4,f
T-f68dde,A-118d55,2024-09-08,2024-09-08,19,medium,1,4,f
T-3a2a66,A-e98302,2023-09-15,2023-09-17,12,low,150,,f
T-490c4a,A-503d5a,2023-08-08,2023-08-08,21,urgent,179,,f
T-ec46f5,A-f5641b,2023-04-19,2023-04-21,7,high,93,,f
T-6b6fb7,A-716841,2024-02-11,2024-02-11,16,medium,119,3,f
T-a1d9dd,A-fd7ad3,2024-04-27,2024-04-29,7,urgent,21,3,f
T-121d6f,A-d5a319,2024-09-17,2024-09-17,21,low,132,4,t
T-fd1ba2,A-d27f50,2023-12-15,2023-12-16,21,high,158,4,f
T-b6d7ac,A-a0ca4e,2023-10-29,2023-10-29,10,low,12,5,t
T-f2b9a5,A-f6b2fb,2024-01-19,2024-01-20,16,medium,138,5,t
T-358dd5,A-ced9aa,2023-08-20,2023-08-22,8,medium,131,,f
T-06bf16,A-4a4c2d,2023-08-02,2023-08-03,9,medium,44,4,f
T-f155f0,A-b179bf,2023-08-06,2023-08-06,24,high,156,,f
T-777753,A-ce66f8,2023-01-23,2023-01-25,10,low,74,,f
T-384dcb,A-bc4d48,2024-11-18,2024-11-20,5,urgent,6,5,t
T-857a8d,A-bb3bd4,2024-01-08,2024-01-10,54,medium,52,,f
T-50c7f8,A-a1bbb6,2024-01-18,2024-01-19,9,urgent,47,,f
T-486b6b,A-883b7d,2023-01-28,2023-01-28,48,urgent,102,5,f
T-e5c785,A-b54c01,2023-03-07,2023-03-08,47,medium,41,3,f
T-2c6679,A-0be015,2024-07-16,2024-07-18,54,medium,73,5,f
T-19cc99,A-c16b88,2023-04-28,2023-04-30,11,high,134,,f
T-35fc90,A-e98302,2023-10-23,2023-10-25,12,low,121,,f
T-d4142b,A-700ade,2023-05-25,2023-05-27,8,urgent,69,4,f
T-7c6ab3,A-65a46c,2024-12-23,2024-12-25,51,urgent,96,5,f
T-4f0d98,A-e40f45,2023-03-31,2023-03-31,24,urgent,19,,f
T-e97da3,A-45ce7a,2024-04-04,2024-04-05,14,low,81,,f
T-990a0e,A-fa3095,2024-11-06,2024-11-08,15,high,28,,f
T-bdc72c,A-34d880,2024-11-19,2024-11-21,39,medium,106,3,f
T-f7ec04,A-ad296b,2023-10-18,2023-10-18,51,urgent,74,3,t
T-856d24,A-dbc825,2023-05-05,2023-05-07,42,high,166,,f
T-5fb9f7,A-0f7d77,2023-01-06,2023-01-06,40,medium,88,,f
T-c45238,A-3f9cc0,2024-11-03,2024-11-05,36,medium,139,,f
T-a3f900,A-ae052e,2023-07-22,2023-07-23,10,medium,126,3,f
T-ade86f,A-e3bd71,2024-01-25,2024-01-25,53,low,96,,f
T-0e6db2,A-ccc747,2024-06-27,2024-06-29,12,urgent,169,5,f
T-4c2f4b,A-726cfa,2023-12-02,2023-12-03,24,high,150,,f
T-e7dc15,A-39868b,2024-03-26,2024-03-26,13,medium,137,,f
T-dd45ee,A-8ed5dd,2024-12-09,2024-12-09,35,high,97,3,f
T-03303d,A-87aa7b,2023-11-29,2023-12-01,16,high,7,,t
T-1ed4c4,A-c62e55,2024-03-21,2024-03-21,12,urgent,129,5,f
T-67bfcf,A-3932db,2023-09-01,2023-09-02,20,urgent,144,3,f
T-088eb6,A-ac14bb,2024-03-28,2024-03-28,11,high,23,,f
T-b4bec0,A-117171,2023-08-05,2023-08-06,23,urgent,137,,f
T-03d219,A-ae052e,2024-01-02,2024-01-04,7,urgent,6,,f
T-7c2d38,A-ad3abd,2024-11-03,2024-11-03,20,high,35,,f
T-1112c6,A-de24d5,2023-09-22,2023-09-25,14,urgent,24,3,f
T-938c6d,A-a8d89d,2023-08-19,2023-08-21,22,low,132,,f
T-7d4777,A-66224b,2024-11-20,2024-11-21,6,medium,4,3,f
T-03624c,A-7c6b6b,2024-01-29,2024-01-31,18,low,68,3,f
T-3fab11,A-463db0,2023-03-12,2023-03-14,24,high,123,5,f
T-37f2cf,A-faa28c,2024-05-29,2024-05-30,22,urgent,127,5,t
T-826f63,A-f9cc74,2023-07-23,2023-07-26,15,low,169,,f
T-cbfd6b,A-8b0451,2023-03-15,2023-03-16,5,medium,137,4,f
T-be44ea,A-bc4d48,2024-09-17,2024-09-19,20,medium,19,5,f
T-fcd539,A-7da956,2024-07-12,2024-07-12,17,urgent,97,,f
T-433a53,A-297a2d,2023-02-28,2023-02-28,7,high,160,3,f
T-ced995,A-76fa4d,2024-06-24,2024-06-25,8,urgent,92,,f
T-9398db,A-bbe56f,2024-06-28,2024-06-30,19,low,107,5,f
T-58a90d,A-cb6cc6,2024-11-25,2024-11-26,13,high,170,3,f
T-8833a5,A-a1b80b,2023-12-02,2023-12-03,17,medium,150,4,f
T-ef7c6e,A-f446b6,2024-05-14,2024-05-14,12,high,47,5,f
T-b8ed8f,A-22f2df,2023-01-18,2023-01-18,17,high,99,,f
T-97fa24,A-f51f16,2023-06-16,2023-06-16,6,medium,73,3,f
T-290bd4,A-ccc747,2023-06-02,2023-06-02,23,medium,18,,f
T-a8de52,A-5b4ebb,2024-11-07,2024-11-07,24,medium,128,5,f
T-73259c,A-54ecc2,2023-05-09,2023-05-09,6,medium,59,,f
T-eace7b,A-9c18c4,2023-02-12,2023-02-13,5,low,156,,f
T-9cb671,A-ce550d,2023-06-11,2023-06-13,24,high,73,,f
T-1cbbd0,A-c1dfe1,2024-01-28,2024-01-29,12,urgent,38,4,f
T-78b6e2,A-55f257,2023-09-11,2023-09-12,22,high,45,5,f
T-a941f1,A-a09355,2023-10-20,2023-10-20,12,low,129,5,f
T-667845,A-82861f,2024-09-17,2024-09-17,21,urgent,77,3,f
T-6a2899,A-4437e4,2023-09-12,2023-09-14,23,medium,136,,t
T-365342,A-39868b,2023-04-04,2023-04-05,23,low,146,5,f
T-4be927,A-96bbc6,2023-11-04,2023-11-06,14,low,31,3,f
T-5b7600,A-bd4513,2023-08-28,2023-08-29,5,medium,127,5,f
T-62d8ce,A-50f3f7,2024-09-01,2024-09-02,19,low,165,5,f
T-2a24d4,A-8145a0,2023-08-19,2023-08-19,19,urgent,87,3,f
T-a3d1d0,A-c58f49,2023-08-24,2023-08-25,24,urgent,54,,f
T-ffeda5,A-560d27,2023-11-12,2023-11-13,20,medium,90,,f
T-85af66,A-1f7acb,2024-01-12,2024-01-12,9,medium,165,,f
T-e13c08,A-de58ca,2023-12-28,2023-12-28,24,low,23,,f
T-f365f1,A-9779ad,2024-10-14,2024-10-15,19,medium,161,5,f
T-59d842,A-158f4e,2024-08-05,2024-08-07,7,medium,168,4,f
T-4a12e6,A-d42431,2024-08-07,2024-08-08,8,urgent,108,5,f
T-d3391b,A-cb5333,2023-11-25,2023-11-27,23,low,165,,f
T-ae6671,A-798a3f,2023-07-16,2023-07-18,9,urgent,112,,f
T-1760ba,A-0b0d6d,2023-08-03,2023-08-04,11,medium,1,3,f
T-a231f8,A-76fa4d,2023-04-19,2023-04-19,21,high,177,4,f
T-fe8af7,A-90a8c8,2023-10-13,2023-10-14,17,low,33,3,f
T-167962,A-e3bd71,2023-11-09,2023-11-10,46,high,143,3,f
T-abb562,A-700ade,2023-09-08,2023-09-08,15,low,6,5,f
T-a819c9,A-139c3b,2023-07-11,2023-07-13,11,urgent,38,,f
T-36d4a7,A-902ef7,2024-07-07,2024-07-08,13,urgent,130,,f
T-701980,A-ced9aa,2023-09-15,2023-09-15,17,low,125,3,f
T-5f6c15,A-e43bf7,2024-12-25,2024-12-25,20,medium,26,3,f
T-706693,A-b54c01,2023-12-31,2024-01-01,38,medium,19,3,f
T-027d8f,A-508199,2024-03-23,2024-03-24,7,urgent,27,,f
T-3798d5,A-5ed98d,2024-03-28,2024-03-28,24,medium,56,,f
T-763f2d,A-118f1c,2023-06-22,2023-06-24,10,medium,141,3,f
T-196fca,A-6843f2,2024-04-27,2024-04-29,10,high,22,3,f
T-b2adad,A-54ecc2,2024-10-29,2024-10-31,17,medium,20,5,f
T-37b69f,A-bb1eaa,2024-05-21,2024-05-21,12,urgent,114,4,f
T-f873ff,A-9123ac,2023-04-21,2023-04-22,5,low,73,4,f
T-a427d8,A-4ef964,2023-03-24,2023-03-24,41,high,61,3,f
T-5c2f82,A-1f559b,2023-12-13,2023-12-15,47,urgent,143,4,f
T-f0f18c,A-ed510f,2023-03-31,2023-04-02,24,high,137,,f
T-6807e7,A-a33200,2023-08-23,2023-08-23,53,low,118,4,f
T-a1bab0,A-45ce7a,2023-04-25,2023-04-27,9,medium,141,4,f
T-5daa6c,A-f44180,2024-04-28,2024-04-29,12,low,157,5,f
T-ea0979,A-855a48,2024-06-30,2024-07-01,9,urgent,177,,f
T-308071,A-f51f16,2023-04-16,2023-04-17,23,high,10,3,f
T-ed091b,A-09316c,2023-08-12,2023-08-14,11,medium,129,4,f
T-fd14d8,A-751c58,2023-06-21,2023-06-23,23,medium,178,,f
T-3a3a53,A-139c3b,2024-12-18,2024-12-19,8,medium,89,5,f
T-35ae60,A-7641d3,2023-12-17,2023-12-19,14,medium,174,,f
T-93f5f0,A-3c1a3f,2023-08-04,2023-08-04,9,low,20,,f
T-0a835d,A-0aaf6e,2023-11-06,2023-11-08,15,low,14,,f
T-a79931,A-b179bf,2023-08-23,2023-08-25,5,low,94,4,f
T-54b348,A-50f3f7,2023-05-31,2023-06-02,5,low,41,,f
T-c32093,A-313be3,2023-01-27,2023-01-27,46,urgent,41,,f
T-6de710,A-7da956,2024-02-04,2024-02-05,14,low,55,,f
T-4c7b15,A-443f6f,2023-01-22,2023-01-24,52,low,126,5,f
T-496c6b,A-1e1b80,2024-08-23,2024-08-25,7,low,150,3,f
T-d92e2e,A-712426,2024-07-18,2024-07-20,20,high,67,4,f
T-2a21f8,A-1f7acb,2024-05-30,2024-05-30,5,medium,92,4,f
T-ee77ae,A-8ed5dd,2024-05-17,2024-05-19,40,low,87,,f
T-b0b086,A-bb3bd4,2023-02-18,2023-02-19,52,medium,65,5,f
T-d319e4,A-eb7c38,2024-03-04,2024-03-05,40,low,46,,f
T-c722ef,A-ced9aa,2023-09-17,2023-09-17,24,low,69,,f
T-100066,A-7f6b86,2023-01-11,2023-01-13,21,high,166,,f
T-6f8270,A-dbc825,2023-11-11,2023-11-14,49,high,118,3,f
T-5a402d,A-e7beab,2023-04-25,2023-04-27,19,low,138,3,f
T-287b04,A-92a333,2023-05-07,2023-05-08,10,low,11,,f
T-e545b2,A-dfbd31,2024-01-09,2024-01-10,47,low,158,5,f
T-c2b413,A-90a8c8,2024-03-31,2024-04-02,7,urgent,13,3,f
T-246510,A-bb3bd4,2024-09-29,2024-09-30,40,high,160,5,f
T-011d5c,A-a09355,2023-05-13,2023-05-15,8,urgent,34,3,f
T-af4249,A-dec005,2023-10-02,2023-10-04,22,low,180,3,f
T-dcb2e1,A-34d880,2023-10-10,2023-10-12,54,medium,78,3,f
T-a9333e,A-5ed98d,2024-09-06,2024-09-09,24,medium,77,,f
T-4d5bca,A-970c97,2023-01-29,2023-01-31,19,urgent,139,5,f
T-5a765e,A-3cc791,2024-02-27,2024-02-29,38,high,38,5,f
T-e7f66c,A-241e75,2023-04-25,2023-04-27,17,low,136,,f
T-0e3932,A-118d55,2024-12-09,2024-12-09,8,medium,32,4,f
T-52fd00,A-0532a9,2023-01-29,2023-01-29,18,medium,49,,f
T-d5e01b,A-de24d5,2023-12-29,2023-12-29,21,high,177,,f
T-1bc086,A-00cac8,2023-09-15,2023-09-15,23,urgent,92,,f
T-a1ebca,A-712426,2024-12-10,2024-12-11,13,medium,43,4,f
T-d9e588,A-bbe56f,2024-08-01,2024-08-01,21,low,117,3,f
T-765765,A-4437e4,2023-08-13,2023-08-14,21,high,120,,f
T-848076,A-c42f1f,2023-10-31,2023-10-31,18,low,105,3,f
T-00644f,A-8adedc,2023-05-22,2023-05-24,22,medium,62,,f
T-ec469a,A-e4bf56,2023-07-10,2023-07-12,13,urgent,72,5,f
T-d1c41b,A-98a59a,2023-03-22,2023-03-23,13,high,68,,f
T-367cc3,A-b7b7b7,2024-08-31,2024-08-31,8,medium,159,5,f
T-f86b35,A-139c3b,2024-09-13,2024-09-13,23,urgent,108,,f
T-e23a37,A-855a48,2023-05-11,2023-05-11,15,high,55,,f
T-270c25,A-81edc3,2023-12-19,2023-12-21,11,high,56,,f
T-f3e69b,A-b7ef83,2024-10-03,2024-10-05,7,medium,70,,f
T-2987d9,A-50f3f7,2023-04-17,2023-04-18,16,urgent,155,5,t
T-da63ee,A-149a69,2023-01-30,2023-01-31,6,high,79,5,f
T-44b600,A-eafc6e,2023-07-14,2023-07-16,15,medium,136,,f
T-4d0d5b,A-5a215a,2024-12-06,2024-12-06,21,urgent,126,4,f
T-122749,A-4e960a,2024-01-14,2024-01-15,14,low,77,,f
T-27d61d,A-c7e58b,2024-01-25,2024-01-25,24,medium,171,4,f
T-86e757,A-82d8a6,2023-10-29,2023-10-31,20,high,129,,f
T-13e2c4,A-92a3af,2024-03-17,2024-03-19,19,medium,29,5,f
T-c556c6,A-7c5768,2024-11-21,2024-11-23,13,high,39,4,f
T-fc25d0,A-fd7ad3,2024-08-17,2024-08-19,17,high,138,,f
T-7cca37,A-dbc825,2024-10-02,2024-10-03,53,medium,128,5,t
T-df9759,A-b7724f,2024-12-30,2024-12-30,38,medium,86,3,f
T-7cefd9,A-7920cc,2023-03-31,2023-04-02,18,medium,146,5,f
T-9717fc,A-cea1f0,2024-05-11,2024-05-13,6,medium,145,,f
T-e57828,A-883b7d,2023-04-16,2023-04-17,37,high,52,,f
T-9bbea1,A-b54c01,2023-02-06,2023-02-08,39,low,172,,f
T-4e24d4,A-b3fe05,2023-05-29,2023-05-31,9,urgent,75,,f
T-618d10,A-afa505,2024-09-25,2024-09-25,40,urgent,130,,f
T-9736d7,A-d4e0d4,2023-08-12,2023-08-12,8,medium,66,,f
T-7a48cd,A-4c38bc,2024-07-27,2024-07-29,13,medium,37,4,f
T-8f1182,A-fa3095,2023-05-25,2023-05-27,19,high,98,,f
T-62b1dd,A-a45270,2024-12-27,2024-12-29,53,medium,112,4,f
T-21c5ae,A-9123ac,2024-11-18,2024-11-19,16,urgent,77,4,f
T-7d1efb,A-eb2fdc,2023-12-18,2023-12-19,17,medium,16,,f
T-bad86e,A-7c6b6b,2024-09-10,2024-09-12,8,high,144,,f
T-818ae1,A-6965e1,2024-07-27,2024-07-29,23,low,55,,f
T-e1cf37,A-4c38bc,2023-04-13,2023-04-15,13,high,72,3,f
T-104009,A-fd7ad3,2023-08-21,2023-08-23,24,high,82,,f
T-2b7d40,A-474ad4,2023-04-23,2023-04-25,20,medium,65,,t
T-b4f3d9,A-378b99,2023-08-03,2023-08-03,17,low,101,5,f
T-d6ab6c,A-66224b,2023-12-05,2023-12-05,12,urgent,58,3,f
T-cd4a87,A-798a3f,2023-04-08,2023-04-09,21,urgent,38,3,f
T-3aa54d,A-db5e9e,2024-06-25,2024-06-27,23,low,177,5,f
T-640bda,A-96bbc6,2023-01-07,2023-01-08,22,medium,112,3,f
T-8e435c,A-e1b9cd,2023-06-16,2023-06-17,20,high,115,3,f
T-867910,A-3793ee,2024-06-14,2024-06-16,17,high,11,4,f
T-316da7,A-1ac5e0,2024-01-15,2024-01-16,12,high,44,4,f
T-3517a8,A-702032,2023-07-28,2023-07-30,8,medium,43,,f
T-86c6c6,A-8adedc,2023-08-05,2023-08-07,10,high,22,4,f
T-32b901,A-67be94,2024-11-14,2024-11-16,51,high,1,,f
T-d90ef7,A-e2cd1b,2023-08-17,2023-08-19,10,medium,101,4,f
T-096b66,A-313be3,2023-06-27,2023-06-27,48,urgent,69,,f
T-b6d93a,A-50bb9f,2023-02-24,2023-02-25,6,low,35,,f
T-d5352f,A-c1e51e,2023-01-23,2023-01-25,13,high,148,3,f
T-5f94dd,A-d82ef9,2024-12-31,2024-12-31,6,high,149,4,f
T-d0ff21,A-378b99,2023-07-11,2023-07-12,20,medium,40,5,f
T-1d7cfb,A-05d3b3,2024-08-11,2024-08-11,19,urgent,44,5,f
T-0c378b,A-f03140,2023-12-04,2023-12-05,13,low,169,,f
T-bde8aa,A-781cc0,2024-08-01,2024-08-02,21,high,133,,f
T-bf01b8,A-59f724,2024-06-21,2024-06-21,8,urgent,30,4,f
T-952a1a,A-9bfc9f,2023-06-04,2023-06-06,24,high,168,4,t
T-361edc,A-eb7fac,2023-03-18,2023-03-18,10,low,112,,f
T-2d4793,A-ce550d,2024-02-12,2024-02-12,13,urgent,88,,f
T-9bfb24,A-ad64c6,2024-07-02,2024-07-04,16,high,2,5,f
T-502019,A-4e631b,2024-09-23,2024-09-23,44,low,18,4,f
T-5b0ebb,A-cea1f0,2023-03-22,2023-03-23,18,high,17,,f
T-2e5c7e,A-ff79f2,2024-09-04,2024-09-06,19,low,136,,f
T-ac4493,A-66224b,2023-08-12,2023-08-14,17,medium,172,4,f
T-6f11a3,A-a1b80b,2023-05-13,2023-05-15,5,urgent,18,,f
T-759c6f,A-fb186e,2023-01-11,2023-01-12,52,medium,132,3,f
T-c127ef,A-149a69,2024-10-01,2024-10-02,11,high,170,4,f
T-926f27,A-34d880,2024-10-05,2024-10-07,49,low,127,3,f
T-6db7d8,A-e888d1,2023-12-06,2023-12-07,8,urgent,68,3,f
T-ad4ec7,A-560d27,2024-02-28,2024-02-28,21,low,62,3,f
T-88949f,A-68f37c,2024-10-26,2024-10-27,50,low,173,,f
T-4dd126,A-af0cd2,2024-06-27,2024-06-28,5,medium,123,,f
T-6750a4,A-a33200,2024-03-14,2024-03-15,53,low,101,,f
T-58506b,A-158f4e,2023-12-14,2023-12-14,21,urgent,124,4,f
T-b0acc7,A-1f559b,2023-08-27,2023-08-29,37,medium,126,4,f
T-59d67b,A-86902e,2024-03-21,2024-03-23,11,urgent,17,3,f
T-130a82,A-cb5333,2023-08-22,2023-08-23,19,low,35,3,f
T-66d999,A-b44e3e,2023-06-26,2023-06-27,6,urgent,41,5,f
T-037337,A-378b99,2024-07-11,2024-07-11,15,low,1,,f
T-342b36,A-cc102e,2024-10-17,2024-10-19,21,low,177,5,f
T-9eb2b5,A-dcc3f1,2024-01-16,2024-01-17,12,urgent,144,5,f
T-f3e7c5,A-756192,2023-01-23,2023-01-23,10,urgent,119,5,f
T-116af1,A-dcc2f0,2024-05-08,2024-05-10,8,urgent,93,,f
T-d32d8c,A-c1e51e,2023-01-04,2023-01-05,12,urgent,55,4,f
T-cb9d4b,A-fd7ad3,2023-07-06,2023-07-07,18,medium,144,4,f
T-475284,A-d27f50,2024-04-13,2024-04-13,12,low,99,3,f
T-458e24,A-f25509,2024-03-27,2024-03-27,18,medium,147,4,f
T-c8be02,A-378b99,2023-11-03,2023-11-05,6,medium,115,5,f
T-f3f1b8,A-dbc825,2024-04-11,2024-04-13,44,low,122,,f
T-4a0f02,A-186a44,2023-01-21,2023-01-23,24,urgent,61,,f
T-ef0a78,A-ad296b,2024-09-09,2024-09-10,35,medium,81,3,f
T-11534a,A-524364,2023-03-21,2023-03-23,11,low,110,5,f
T-c0d8b2,A-8b0451,2024-12-01,2024-12-03,11,urgent,23,3,f
T-84717f,A-f19409,2024-11-12,2024-11-12,37,urgent,90,4,f
T-cbc17d,A-7c5768,2024-09-30,2024-09-30,21,medium,62,,f
T-1d4920,A-b7b7b7,2024-05-11,2024-05-11,24,low,101,,f
T-b369df,A-c7e58b,2024-08-13,2024-08-13,20,low,125,3,f
T-29e9b8,A-4a267b,2023-05-17,2023-05-17,24,low,166,5,f
T-96702f,A-9077b0,2023-09-14,2023-09-16,13,high,176,5,f
T-9df3b0,A-eb2fdc,2023-01-23,2023-01-25,19,low,42,4,f
T-a39933,A-ed510f,2023-01-31,2023-02-01,17,urgent,129,5,f
T-7febc0,A-779e4e,2023-01-27,2023-01-28,12,urgent,79,3,f
T-3ec096,A-f97b9a,2023-06-18,2023-06-20,53,high,32,3,f
T-41014e,A-a0ca4e,2024-12-02,2024-12-04,7,high,40,,f
T-5c0331,A-940b8b,2024-10-25,2024-10-26,24,high,47,,f
T-251fda,A-856b1e,2024-09-15,2024-09-15,15,low,123,,f
T-8d3d46,A-30b4ca,2024-09-02,2024-09-04,9,medium,131,,f
T-3367b8,A-ba6516,2023-07-17,2023-07-19,37,low,14,,f
T-429ce6,A-c45b23,2024-05-30,2024-05-30,11,high,55,3,f
T-2b1a0a,A-89ee83,2024-10-05,2024-10-05,51,medium,35,4,t
T-c0ce04,A-94f8c9,2024-08-30,2024-09-01,6,urgent,29,,f
T-864e85,A-9bfc9f,2024-03-01,2024-03-03,22,low,72,3,f
T-5c9e4d,A-c7e58b,2024-12-16,2024-12-18,7,urgent,104,,f
T-af95b8,A-58b9ff,2023-11-30,2023-12-02,22,low,120,4,f
T-3f754a,A-bb3bd4,2024-09-25,2024-09-25,41,urgent,36,5,f
T-367563,A-e61e98,2024-11-23,2024-11-23,38,medium,175,,f
T-7b0fe1,A-716841,2023-04-03,2023-04-04,23,low,176,,f
T-ac5eaa,A-55f257,2023-05-22,2023-05-23,18,urgent,144,5,f
T-f27d8b,A-7920cc,2023-09-30,2023-10-01,24,urgent,113,,f
T-60706c,A-2922b6,2024-10-02,2024-10-03,21,urgent,136,,f
T-ea7839,A-ba6516,2024-03-17,2024-03-18,47,low,58,3,f
T-e74b9f,A-94d3da,2024-06-10,2024-06-11,24,low,98,3,f
T-dfad13,A-5b1bcd,2024-12-17,2024-12-17,6,urgent,143,5,f
T-60c481,A-5247b3,2024-07-29,2024-07-31,12,urgent,131,4,f
T-cfae4d,A-fdfc91,2023-01-27,2023-01-28,39,urgent,55,4,f
T-742fdb,A-fdfc91,2024-11-17,2024-11-17,51,urgent,120,3,f
T-48f8ab,A-dcc2f0,2023-07-20,2023-07-20,9,medium,107,,f
T-35ba6a,A-ab438f,2024-03-03,2024-03-03,15,urgent,139,3,f
T-5b9038,A-d922bf,2024-07-16,2024-07-16,21,high,7,3,f
T-0079ed,A-cc98bc,2023-06-13,2023-06-13,20,urgent,125,,f
T-f708b2,A-bc87bc,2023-10-11,2023-10-11,21,low,177,3,f
T-1dc468,A-4c6f11,2023-11-29,2023-11-29,8,urgent,14,5,f
T-cbfee6,A-5247b3,2023-06-11,2023-06-13,17,high,173,,f
T-32cb13,A-1986ca,2023-06-14,2023-06-14,19,urgent,146,4,f
T-88d5fe,A-0b0d6d,2024-01-14,2024-01-15,12,urgent,59,,f
T-325ab2,A-f03140,2023-09-21,2023-09-22,18,medium,71,,f
T-cc5da4,A-86cdb4,2023-08-07,2023-08-09,11,high,33,5,f
T-86268f,A-157070,2024-12-04,2024-12-06,5,low,176,3,f
T-89ae7a,A-503d5a,2024-01-11,2024-01-14,5,high,107,5,f
T-7c37e5,A-8b0451,2024-12-10,2024-12-11,15,urgent,104,,f
T-6deaa1,A-5f2961,2023-06-30,2023-07-02,9,high,19,,f
T-ffd35f,A-bb1eaa,2023-10-15,2023-10-17,5,urgent,106,,f
T-d15fe8,A-600734,2024-03-15,2024-03-17,21,high,88,4,f
T-b45de1,A-a7bd4b,2023-07-11,2023-07-11,14,high,70,4,f
T-0c38ce,A-bbe56f,2024-11-30,2024-12-01,10,urgent,79,,f
T-5b2010,A-038089,2024-04-18,2024-04-18,16,medium,149,3,f
T-2a5b2f,A-f92792,2024-07-03,2024-07-05,18,low,80,4,f
T-8206e8,A-e43bf7,2024-06-17,2024-06-18,7,low,86,,f
T-fd832d,A-4ae22a,2023-02-11,2023-02-11,8,low,107,,f
T-3c6a06,A-c62e55,2024-02-03,2024-02-03,17,urgent,132,4,f
T-8a7eca,A-fa3095,2023-10-24,2023-10-26,24,urgent,132,5,f
T-5df251,A-b179bf,2023-10-06,2023-10-08,12,high,139,,f
T-5bd570,A-dcc3f1,2023-06-10,2023-06-12,15,low,95,,f
T-eeae26,A-0f3e88,2023-11-24,2023-11-26,11,low,104,5,f
T-8ec963,A-bc4d48,2023-06-24,2023-06-25,18,high,133,3,f
T-4b2c43,A-c4ea60,2024-04-07,2024-04-08,41,medium,83,3,f
T-926c1c,A-eb7c38,2024-05-13,2024-05-14,46,medium,119,5,f
T-fcd24e,A-f1f639,2024-12-05,2024-12-05,20,high,27,5,f
T-6db04f,A-ed510f,2023-07-06,2023-07-08,9,urgent,46,,f
T-d89dd4,A-6dee43,2023-11-07,2023-11-08,15,urgent,64,5,f
T-c8c1c0,A-f446b6,2023-07-28,2023-07-28,6,low,25,,f
T-8402a1,A-1e6fc3,2023-04-25,2023-04-25,18,low,122,,f
T-d5bbc8,A-05d3b3,2023-08-13,2023-08-13,18,medium,19,,f
T-d370a4,A-fd7ad3,2023-12-23,2023-12-25,14,urgent,118,5,t
T-f0e463,A-3cc791,2023-12-04,2023-12-06,43,low,75,5,f
T-145a95,A-6f50ae,2023-03-01,2023-03-02,6,medium,144,5,f
T-80284c,A-ce550d,2023-08-24,2023-08-26,10,urgent,64,3,f
T-b03205,A-b9eed8,2023-05-29,2023-05-30,7,urgent,40,3,f
T-935cb7,A-5f7781,2024-08-14,2024-08-16,17,high,21,4,f
T-ad83da,A-fb186e,2023-10-18,2023-10-18,44,urgent,91,,f
T-0d0582,A-ee42db,2024-02-13,2024-02-15,38,medium,5,,f
T-c0b6ed,A-1986ca,2024-07-27,2024-07-29,13,urgent,30,3,f
T-50b851,A-cea1f0,2023-12-26,2023-12-28,18,low,42,4,f
T-f7d63c,A-65a46c,2024-10-29,2024-10-30,49,urgent,4,4,f
T-22710d,A-1b707d,2024-04-19,2024-04-21,38,medium,53,,f
T-699109,A-ced9aa,2024-05-14,2024-05-15,10,urgent,54,,f
T-9bde67,A-524364,2023-09-30,2023-10-02,16,high,59,4,f
T-37b102,A-0be015,2023-04-02,2023-04-03,35,high,133,4,f
T-d62751,A-86cdb4,2024-12-02,2024-12-02,16,urgent,167,,f
T-8384cf,A-d922bf,2024-01-23,2024-01-23,15,low,95,,f
T-22b4a9,A-3cc791,2024-09-18,2024-09-20,44,urgent,48,3,f
T-dc51a8,A-0532a9,2024-11-24,2024-11-25,17,low,6,,f
T-e6c083,A-443b7c,2024-05-16,2024-05-17,54,high,81,5,f
T-6ea0dd,A-a09355,2024-02-08,2024-02-08,24,low,87,4,f
T-f14a3d,A-0be015,2023-04-13,2023-04-13,52,urgent,123,,f
T-621fb8,A-7f8241,2024-04-19,2024-04-20,14,medium,135,3,f
T-adcdc9,A-adc1f3,2023-06-12,2023-06-14,8,urgent,25,4,f
T-6d98ab,A-ced9aa,2023-12-22,2023-12-23,22,high,124,,f
T-9a1036,A-443b7c,2023-01-24,2023-01-25,50,urgent,51,5,f
T-2ca992,A-3f9cc0,2024-08-17,2024-08-18,50,high,28,,f
T-4bf7c6,A-463db0,2024-08-15,2024-08-15,22,low,171,4,f
T-7dfa96,A-e888d1,2023-09-12,2023-09-14,12,low,98,,f
T-274882,A-3b37d9,2023-01-03,2023-01-04,36,medium,89,5,f
T-0ca62f,A-e40f45,2023-08-31,2023-09-01,13,urgent,114,5,f
T-20c0bf,A-2d4502,2023-04-23,2023-04-25,9,urgent,30,5,f
T-1c2c18,A-ed510f,2024-03-28,2024-03-30,18,urgent,122,,f
T-e07558,A-296d7c,2024-04-27,2024-04-27,16,urgent,31,3,f
T-d6be94,A-30b4ca,2023-05-05,2023-05-07,8,medium,125,4,f
T-a14a68,A-86fc1d,2023-08-15,2023-08-17,48,high,38,3,f
T-118f13,A-19b2c8,2024-09-05,2024-09-06,24,high,109,5,f
T-2ae381,A-f3ff05,2023-07-12,2023-07-14,10,medium,108,3,f
T-897033,A-1b7577,2023-08-07,2023-08-09,16,urgent,157,3,f
T-2fee89,A-42e5e1,2024-01-25,2024-01-26,16,high,124,4,f
T-c9394b,A-427b69,2024-04-09,2024-04-09,22,medium,99,,f
T-7b4c85,A-5a215a,2023-07-26,2023-07-28,12,urgent,18,,f
T-ab2c55,A-45ce7a,2023-08-18,2023-08-19,23,medium,49,3,f
T-11b816,A-9077b0,2024-09-07,2024-09-07,12,urgent,180,3,f
T-d51f64,A-558c72,2024-08-28,2024-08-30,15,low,30,,f
T-675d69,A-19b2c8,2023-02-03,2023-02-04,11,medium,132,4,f
T-ba404b,A-8145a0,2023-01-06,2023-01-06,19,low,30,5,f
T-9d4edb,A-9174e0,2023-06-09,2023-06-11,22,low,173,,f
T-3fd10a,A-bcbe98,2024-05-14,2024-05-15,10,high,29,,f
T-16968a,A-e89151,2024-10-10,2024-10-11,16,medium,54,,f
T-a65a71,A-e89151,2024-04-01,2024-04-03,24,medium,43,5,f
T-f3737d,A-1986ca,2023-05-01,2023-05-01,23,low,100,4,f
T-fb84f7,A-ce550d,2024-10-25,2024-10-27,20,medium,90,5,f
T-4db8d5,A-40a557,2024-11-24,2024-11-26,5,urgent,119,5,f
T-9fc75b,A-4c6f11,2023-12-06,2023-12-08,17,high,173,5,f
T-d82bc4,A-157070,2023-08-25,2023-08-26,11,urgent,152,,t
T-604490,A-f9cc74,2024-09-13,2024-09-15,18,low,115,4,f
T-55edb1,A-b9eed8,2023-01-05,2023-01-06,21,medium,87,5,f
T-466dab,A-d82ef9,2023-03-26,2023-03-28,13,urgent,38,5,f
T-dd5960,A-f19b24,2024-01-22,2024-01-22,20,urgent,73,,t
T-ef33cf,A-1e1b80,2024-01-26,2024-01-27,13,medium,16,,f
T-d8aafb,A-fa3095,2024-10-05,2024-10-07,23,low,91,,f
T-0e6900,A-d42431,2023-02-28,2023-03-01,14,medium,20,,f
T-5e66ab,A-c37601,2023-01-26,2023-01-26,23,urgent,180,4,f
T-a5e537,A-186a44,2023-04-22,2023-04-24,24,high,176,3,f
T-e2d68e,A-8ae3fc,2023-04-27,2023-04-29,11,high,14,,f
T-154975,A-313be3,2023-07-16,2023-07-17,54,urgent,70,,f
T-95452e,A-aa9511,2023-08-09,2023-08-11,45,urgent,61,,f
T-da0863,A-1e6fc3,2023-12-30,2023-12-30,7,high,2,5,f
T-65d099,A-e60f9d,2024-02-09,2024-02-11,23,urgent,81,,f
T-5ceddb,A-4d1e75,2024-07-10,2024-07-10,11,medium,173,4,f
T-4579d9,A-76fa4d,2023-06-23,2023-06-24,21,medium,57,5,f
T-4669d1,A-4ae22a,2024-03-08,2024-03-09,18,low,101,3,f
T-1acc04,A-8145a0,2023-08-08,2023-08-08,20,high,85,,f
T-284720,A-cc102e,2024-04-11,2024-04-11,22,low,93,3,f
T-20d740,A-8145a0,2024-02-02,2024-02-03,6,medium,119,,f
T-df87ef,A-67be94,2023-03-03,2023-03-05,43,high,7,5,f
T-0de7f1,A-e7beab,2024-09-22,2024-09-23,21,low,172,,f
T-9def1e,A-ffc04f,2023-02-23,2023-02-23,53,high,18,4,f
T-73d14f,A-726cfa,2023-08-22,2023-08-24,21,low,142,4,f
T-035748,A-e98302,2023-09-25,2023-09-27,10,urgent,133,4,f
T-b918db,A-f25509,2024-05-08,2024-05-08,16,low,162,5,f
T-3cdeb2,A-600734,2024-09-09,2024-09-11,13,medium,88,,f
T-b35070,A-39b19f,2023-04-01,2023-04-03,51,high,133,,f
T-2795e4,A-09316c,2024-12-20,2024-12-22,16,low,81,3,f
T-62614c,A-89ee83,2023-08-02,2023-08-02,51,urgent,32,,f
T-921bf4,A-f97b9a,2024-06-10,2024-06-11,41,medium,109,,f
T-81a9e7,A-712f1c,2024-02-27,2024-02-28,22,medium,108,4,f
T-38714f,A-fe79a5,2024-12-25,2024-12-25,10,high,63,,f
T-306781,A-bb3bd4,2023-12-05,2023-12-07,37,medium,21,,f
T-99b0b8,A-a0ca4e,2023-10-17,2023-10-19,15,low,148,3,f
T-98be51,A-5790f4,2024-07-07,2024-07-09,22,medium,13,4,f
T-bb7fa9,A-7f6b86,2024-09-17,2024-09-19,17,high,81,4,f
T-0a3847,A-49b828,2024-10-04,2024-10-04,13,medium,20,3,t
T-6dbff1,A-bcbe98,2024-05-27,2024-05-29,6,medium,11,3,t
T-8be779,A-139c3b,2023-10-26,2023-10-26,5,low,5,,f
T-791dc9,A-0aaf6e,2023-03-29,2023-03-30,10,low,127,,f
T-b25f66,A-f3ff05,2023-12-17,2023-12-19,6,low,104,4,f
T-52a57e,A-5b051a,2024-03-24,2024-03-24,48,urgent,2,3,f
T-d72e3b,A-bd4708,2024-11-15,2024-11-15,9,medium,34,3,f
T-e46e71,A-9badbd,2023-10-19,2023-10-19,9,urgent,125,,f
T-c5ffb0,A-ce66f8,2024-05-27,2024-05-28,15,urgent,139,,f
T-cb3efb,A-e7beab,2023-09-16,2023-09-16,23,high,28,5,f
T-885f5b,A-4e960a,2023-08-08,2023-08-08,18,low,141,4,f
T-5d46d9,A-fdfc91,2023-06-13,2023-06-13,53,high,148,,f
T-ddf662,A-5247b3,2024-01-14,2024-01-15,16,high,66,,f
T-210819,A-ed510f,2024-09-13,2024-09-13,15,medium,87,4,f
T-416fb5,A-b9eed8,2023-11-10,2023-11-11,15,medium,114,3,f
T-7cdb82,A-bd4513,2023-04-26,2023-04-28,17,medium,37,4,f
T-c9f3f0,A-309e54,2024-07-19,2024-07-20,11,high,145,,f
T-45239b,A-7f6b86,2024-10-28,2024-10-30,23,high,29,,f
T-a61785,A-756192,2023-04-03,2023-04-05,5,urgent,17,,f
T-112307,A-9badbd,2023-10-12,2023-10-14,16,urgent,37,5,f
T-ae29f6,A-9a532a,2023-09-12,2023-09-13,14,high,176,,f
T-a5de10,A-ce550d,2024-06-03,2024-06-04,10,medium,98,4,f
T-1ab00a,A-d922bf,2024-01-25,2024-01-27,18,low,30,,f
T-2b2d2d,A-39868b,2024-01-21,2024-01-23,16,medium,40,3,f
T-66d5a0,A-671f31,2024-03-01,2024-03-01,16,urgent,153,,f
T-056486,A-86902e,2023-05-01,2023-05-02,8,medium,7,,f
T-afa224,A-bcbe98,2024-05-23,2024-05-25,19,urgent,1,,f
T-c16052,A-05d3b3,2023-09-14,2023-09-15,17,high,70,,f
T-5fff6a,A-9123ac,2024-08-02,2024-08-03,13,medium,169,,f
T-347ab6,A-cc102e,2023-05-18,2023-05-18,7,high,36,,f
T-3d947f,A-3932db,2023-02-27,2023-03-01,11,low,26,5,f
T-c59e1a,A-40906c,2024-10-20,2024-10-21,22,low,127,3,f
T-abd0a8,A-0354fe,2024-11-30,2024-11-30,8,high,107,3,f
T-1e6dde,A-ac9111,2024-05-05,2024-05-06,10,urgent,89,,f
T-94b38c,A-503d5a,2023-09-28,2023-09-29,8,high,128,,f
T-399e29,A-bb1eaa,2024-02-25,2024-02-25,19,high,67,,f
T-8fd002,A-2d1036,2023-03-30,2023-04-01,15,low,53,4,f
T-7bb8d5,A-1ac5e0,2024-09-03,2024-09-04,12,medium,50,4,f
T-e062e2,A-378b99,2024-08-19,2024-08-20,22,high,106,3,f
T-880bce,A-54d94a,2024-05-16,2024-05-18,13,low,118,4,f
T-7b09d9,A-e19ff6,2024-01-09,2024-01-09,24,high,162,5,f
T-9e2480,A-328bd0,2024-08-24,2024-08-26,21,high,26,4,f
T-af5765,A-3c1a3f,2024-03-09,2024-03-09,24,low,44,3,f
T-b60d4d,A-417d2f,2024-02-01,2024-02-03,11,high,20,5,f
T-e33b60,A-c37601,2024-02-26,2024-02-28,5,low,23,3,f
T-44e08c,A-45ce7a,2024-12-14,2024-12-16,14,medium,101,,f
T-8c6169,A-7dacce,2023-07-14,2023-07-14,9,high,135,3,f
T-baf332,A-8145a0,2023-01-09,2023-01-09,14,medium,98,,f
T-e6d8dd,A-e4bf56,2024-08-10,2024-08-10,17,urgent,175,5,f
T-8f8c19,A-309e54,2023-05-30,2023-05-30,14,low,87,,f
T-bc6854,A-d3c88e,2023-12-15,2023-12-17,7,high,98,,f
T-141b01,A-337bc1,2024-12-01,2024-12-01,22,medium,136,,f
T-b3739a,A-2f6a32,2023-12-27,2023-12-28,6,medium,139,3,f
T-fa0eed,A-f25509,2024-05-30,2024-06-01,22,high,68,,f
T-14571c,A-02fac6,2023-11-01,2023-11-02,42,low,176,5,f
T-90b336,A-d26ab4,2023-09-28,2023-09-30,13,urgent,148,4,f
T-1ecc39,A-c7e58b,2024-12-01,2024-12-01,12,high,28,4,f
T-71ab14,A-f97b9a,2023-01-31,2023-02-01,38,medium,39,4,f
T-76c486,A-089363,2023-11-06,2023-11-07,6,low,153,3,f
T-20065b,A-1e1b80,2023-05-14,2023-05-16,11,high,54,4,f
T-161f9c,A-6c093d,2024-07-11,2024-07-12,11,high,6,,f
T-1e8229,A-5790f4,2023-08-21,2023-08-21,6,medium,3,,f
T-aac2ca,A-18793f,2023-03-04,2023-03-05,8,low,155,4,f
T-b6d936,A-cb6cc6,2024-03-11,2024-03-11,6,high,135,4,f
T-6d8b81,A-117171,2023-11-04,2023-11-05,23,high,52,,t
T-2006d9,A-e40f45,2023-02-16,2023-02-18,24,high,157,,f
T-d75ceb,A-9b9fe9,2024-07-26,2024-07-27,45,urgent,158,3,f
T-cd5725,A-f6b2fb,2023-10-26,2023-10-29,24,high,155,,f
T-e727f3,A-39868b,2023-01-27,2023-01-29,16,medium,122,4,f
T-22c308,A-6f50ae,2024-08-07,2024-08-08,17,low,105,5,f
T-31021c,A-65a46c,2023-10-14,2023-10-16,46,low,116,3,f
T-7dca41,A-b48f73,2023-05-13,2023-05-14,11,low,62,,f
T-37d585,A-0f7d77,2023-11-23,2023-11-25,42,high,138,5,f
T-d5f2dd,A-0532a9,2023-06-30,2023-07-01,11,high,86,3,f
T-0cf3e3,A-0be015,2023-03-23,2023-03-25,40,medium,53,4,f
T-db2c10,A-0aaf6e,2024-10-13,2024-10-15,8,low,47,5,f
T-89d6c4,A-40de06,2023-11-24,2023-11-24,10,medium,111,4,f
T-b57da5,A-65a46c,2024-06-22,2024-06-22,45,urgent,107,,f
T-cce7ba,A-17939a,2024-08-14,2024-08-16,13,urgent,150,,f
T-3ca62f,A-3b37d9,2023-03-29,2023-03-29,35,urgent,103,4,f
T-b456f1,A-c4ea60,2023-11-05,2023-11-05,38,low,22,5,f
T-49a11d,A-6c093d,2024-05-08,2024-05-09,18,medium,123,5,f
T-274cf7,A-781cc0,2024-01-28,2024-01-30,15,low,9,3,f
T-d80a44,A-58b9ff,2023-02-04,2023-02-06,21,medium,38,,t
T-1c3d56,A-3cc791,2024-06-16,2024-06-16,36,medium,151,4,t
T-e1d305,A-149a69,2023-06-16,2023-06-17,19,urgent,114,3,f
T-74d3f4,A-038089,2024-05-25,2024-05-26,13,low,102,,f
T-b3cd04,A-5247b3,2024-09-08,2024-09-10,11,medium,51,5,f
T-f59d6e,A-3c1a3f,2023-09-25,2023-09-27,22,low,99,4,f
T-601022,A-39b19f,2024-10-04,2024-10-05,46,low,32,5,t
T-9f9f2d,A-4814a3,2023-11-02,2023-11-03,36,medium,57,,t
T-19ea5b,A-d4ac0e,2024-09-08,2024-09-08,20,low,15,,f
T-c8e32b,A-bc4d48,2024-01-22,2024-01-22,21,high,129,,f
T-a2760f,A-68f37c,2023-11-02,2023-11-02,35,medium,169,,f
T-d0a540,A-e5d6ab,2024-09-17,2024-09-19,7,high,11,,f
T-79975c,A-10b8f2,2023-12-26,2023-12-28,24,low,116,5,f
T-5fc181,A-a7bd4b,2023-05-06,2023-05-07,23,low,109,,f
T-ddd1a5,A-ae052e,2023-04-02,2023-04-03,8,low,62,5,f
T-bf2ee1,A-b2af2e,2023-08-20,2023-08-20,23,medium,99,4,f
T-4a7bb7,A-6c093d,2023-02-27,2023-03-01,11,high,76,,t
T-ed85f6,A-05d3b3,2023-08-23,2023-08-23,5,medium,40,4,f
T-8027c4,A-66224b,2024-02-29,2024-03-01,11,low,113,3,f
T-eed292,A-bb2f49,2024-03-29,2024-03-29,17,low,100,,f
T-779cd9,A-b11cd0,2024-01-11,2024-01-12,15,low,160,,f
T-1bf8d6,A-cc102e,2023-10-31,2023-11-02,23,medium,130,5,f
T-a7d132,A-503d5a,2024-03-10,2024-03-10,11,low,41,,f
T-c8afc4,A-19b2c8,2023-11-28,2023-11-29,13,medium,29,5,f
T-cdfd31,A-1d5444,2024-12-11,2024-12-11,9,high,96,,f
T-13718e,A-a7bd4b,2023-07-20,2023-07-22,13,high,14,3,f
T-2c8cf7,A-940b8b,2023-09-17,2023-09-19,23,urgent,57,3,f
T-8b1e89,A-cbbe12,2024-03-21,2024-03-23,24,high,7,3,f
T-3804b6,A-e98302,2023-06-28,2023-06-28,10,high,40,5,f
T-862af5,A-e7beab,2023-03-01,2023-03-01,7,low,139,5,f
T-09eea1,A-328bd0,2024-02-18,2024-02-19,22,medium,106,4,f
T-e00e0a,A-6e7827,2024-11-17,2024-11-19,12,medium,81,4,f
T-7d8c37,A-94d3da,2024-08-06,2024-08-06,24,low,4,5,f
T-09e88f,A-bb2f49,2023-01-28,2023-01-28,23,urgent,45,4,f
T-0854a1,A-0354fe,2024-04-11,2024-04-13,13,high,78,,f
T-ca7d9e,A-20736a,2024-12-14,2024-12-15,10,high,145,3,f
T-c2e25a,A-50bb9f,2023-08-12,2023-08-12,23,medium,142,5,f
T-f7e86b,A-10b8da,2023-09-23,2023-09-24,19,high,32,4,f
T-b65657,A-f92792,2024-11-24,2024-11-24,17,medium,84,,f
T-0cd0f4,A-f6b2fb,2023-01-26,2023-01-27,5,high,56,,f
T-72295c,A-ad64c6,2024-04-20,2024-04-20,22,medium,60,,f
T-bf6b9b,A-35083d,2023-10-02,2023-10-04,17,high,87,5,f
T-d7ff1e,A-558c72,2024-05-03,2024-05-05,18,urgent,91,4,f
T-4cc0d7,A-558c72,2023-09-08,2023-09-10,7,medium,113,5,t
T-6b7933,A-b7ef83,2024-01-24,2024-01-25,15,urgent,88,4,f
T-39910e,A-019782,2024-09-09,2024-09-09,10,urgent,166,,f
T-0e1c0e,A-69b156,2024-07-06,2024-07-08,18,high,161,5,f
T-e496a8,A-117171,2024-08-22,2024-08-22,24,medium,34,,f
T-1dbfc1,A-c42f1f,2023-01-08,2023-01-10,11,high,67,,f
T-5ab106,A-f97b9a,2024-11-14,2024-11-15,46,low,45,,f
T-fd80a1,A-bcbe98,2023-09-24,2023-09-26,7,urgent,122,,f
T-0e39f9,A-726cfa,2024-08-05,2024-08-05,13,high,93,4,f
T-027331,A-474ad4,2024-05-03,2024-05-03,12,medium,76,5,f
T-324459,A-51ec1b,2023-08-20,2023-08-22,7,high,105,5,f
T-2b0805,A-202b67,2024-07-28,2024-07-29,10,urgent,179,,f
T-1f5562,A-86902e,2023-01-25,2023-01-27,10,medium,69,,f
T-c2a8c2,A-779e4e,2023-07-11,2023-07-11,17,urgent,86,5,f
T-dbe987,A-463db0,2023-02-22,2023-02-24,6,medium,25,,f
T-d3ac82,A-f17767,2023-03-13,2023-03-15,16,high,88,,t
T-d67e21,A-4814a3,2023-05-31,2023-05-31,38,low,150,,f
T-07968b,A-068fc6,2023-04-04,2023-04-06,16,low,123,,f
T-c6d16e,A-00bed1,2024-03-13,2024-03-14,7,urgent,107,4,f
T-0088b7,A-ce550d,2024-05-15,2024-05-17,21,medium,173,3,t
T-17b048,A-443b7c,2023-08-23,2023-08-24,38,urgent,44,3,f
T-6a99e2,A-c42f1f,2024-09-28,2024-09-30,7,low,37,5,f
T-646e6d,A-019782,2024-12-01,2024-12-01,10,urgent,48,3,f
T-e81350,A-cea1f0,2024-09-02,2024-09-04,18,urgent,172,5,f
T-866db3,A-f446b6,2023-12-20,2023-12-20,13,low,106,4,f
T-faf9c4,A-40a557,2023-07-19,2023-07-19,6,low,143,,f
T-b475e9,A-f51f16,2023-04-23,2023-04-23,13,urgent,109,,f
T-911d71,A-dcc3f1,2024-03-20,2024-03-21,15,urgent,3,3,f
T-ad1e6e,A-503d5a,2023-11-06,2023-11-08,14,medium,116,,f
T-8132dc,A-474ad4,2023-09-13,2023-09-14,10,urgent,11,,f
T-ad077a,A-6dee43,2023-10-16,2023-10-17,24,urgent,12,3,f
T-09f4bd,A-ce66f8,2023-09-11,2023-09-12,17,medium,75,3,f
T-cd1aee,A-1ac5e0,2023-08-05,2023-08-05,15,high,99,3,f
T-ff778b,A-9badbd,2024-10-12,2024-10-12,5,low,47,,f
T-3716d2,A-e61e98,2023-10-17,2023-10-19,36,medium,127,5,f
T-0c9932,A-eb2fdc,2023-10-18,2023-10-18,6,medium,50,5,f
T-861a59,A-3b37d9,2024-09-23,2024-09-24,44,medium,39,,f
T-3090a7,A-f19409,2023-03-09,2023-03-09,47,medium,175,,f
T-29acb7,A-68f37c,2023-05-07,2023-05-07,46,urgent,76,,f
T-3b6d69,A-ba6516,2024-06-24,2024-06-26,47,medium,90,4,f
T-7faf10,A-600734,2023-09-01,2023-09-03,18,medium,79,,f
T-b9f162,A-20736a,2024-12-01,2024-12-03,17,high,131,4,f
T-ae22ba,A-bb3bd4,2023-10-14,2023-10-14,48,low,178,4,f
T-202a0d,A-17939a,2023-12-30,2023-12-31,14,medium,7,,f
T-c44351,A-4d1e75,2024-04-29,2024-04-30,10,medium,24,4,f
T-5c1ed6,A-de58ca,2023-05-08,2023-05-08,7,low,148,3,f
T-34421f,A-02fac6,2024-05-18,2024-05-18,38,high,179,3,f
T-99e0a1,A-378b99,2023-12-01,2023-12-02,11,low,110,,f
T-ffc8ec,A-43a9e3,2024-06-26,2024-06-27,8,medium,41,3,f
T-12b388,A-0354fe,2024-11-07,2024-11-07,14,medium,14,,f
T-dd2674,A-3932db,2024-01-28,2024-01-28,18,high,158,5,f
T-1018b1,A-1619f8,2024-02-12,2024-02-12,8,medium,89,,f
T-474619,A-139c3b,2023-10-08,2023-10-08,14,medium,88,5,f
T-b6633c,A-02fac6,2024-02-18,2024-02-19,40,urgent,107,,f
T-7ddfa5,A-977ca0,2023-09-30,2023-10-02,9,high,117,,f
T-0a1945,A-798a3f,2024-10-30,2024-10-30,10,urgent,34,4,f
T-cb2104,A-fb186e,2023-06-03,2023-06-03,36,low,6,5,f
T-ecf597,A-d42431,2023-01-29,2023-01-29,23,high,174,3,f
T-235e0a,A-ce66f8,2023-05-17,2023-05-19,16,medium,107,,f
T-9369c9,A-e351e1,2024-08-18,2024-08-19,13,urgent,51,3,f
T-86a1f6,A-bb2f49,2024-01-20,2024-01-21,14,high,162,4,f
T-1ba73b,A-e40f45,2023-11-20,2023-11-20,5,medium,75,3,f
T-c863f8,A-94f8c9,2023-11-12,2023-11-14,14,low,141,5,f
T-1ea354,A-ae052e,2023-12-07,2023-12-07,15,urgent,48,,f
T-474315,A-bb3bd4,2024-03-01,2024-03-02,39,urgent,139,4,f
T-6047ed,A-c45b23,2024-04-23,2024-04-25,16,high,25,,f
T-47ef6b,A-712426,2023-10-17,2023-10-17,9,medium,43,,f
T-2e8d9d,A-9ee962,2023-04-15,2023-04-15,15,low,31,,f
T-c400c4,A-7f6b86,2023-05-18,2023-05-18,13,high,39,,f
T-520606,A-43a9e3,2023-01-15,2023-01-15,24,urgent,89,5,f
T-3f5174,A-a7bd4b,2024-06-07,2024-06-08,20,high,98,3,f
T-3a9f01,A-038089,2023-10-10,2023-10-12,11,urgent,32,3,f
T-91bbd1,A-427b69,2024-05-06,2024-05-08,15,urgent,120,3,f
T-72bc99,A-ff3c73,2023-03-08,2023-03-08,15,urgent,116,4,f
T-f29fb2,A-186a44,2024-03-30,2024-04-01,23,medium,103,,f
T-a01218,A-075038,2023-03-18,2023-03-20,6,high,104,3,f
T-463295,A-3a7284,2023-02-14,2023-02-16,14,urgent,152,3,f
T-464084,A-1f0636,2024-04-27,2024-04-29,5,high,82,4,f
T-2188d7,A-f5641b,2023-05-31,2023-05-31,15,urgent,46,3,f
T-9bb199,A-af0cd2,2024-04-23,2024-04-25,17,urgent,152,,f
T-be97e7,A-7d514c,2024-03-20,2024-03-20,21,low,87,5,f
T-5ceae7,A-92a3af,2024-06-13,2024-06-14,5,high,10,3,f
T-b4c569,A-b48f73,2023-11-06,2023-11-06,17,high,4,5,f
T-832df9,A-88c6ca,2023-02-26,2023-02-28,21,urgent,12,,f
T-0ceebb,A-72799b,2024-09-06,2024-09-08,14,high,104,5,f
T-e6ff26,A-4e960a,2024-12-08,2024-12-08,18,urgent,130,,f
T-688401,A-1e1b80,2024-03-30,2024-03-31,14,high,94,3,f
T-7620e2,A-54ecc2,2023-07-28,2023-07-29,23,high,129,,f
T-10020f,A-3932db,2023-08-24,2023-08-25,17,urgent,71,,f
T-a2eb91,A-4c56c9,2024-01-12,2024-01-14,15,medium,136,,f
T-69f219,A-9289f6,2024-12-16,2024-12-18,35,high,26,,f
T-dd1f11,A-bcbe98,2024-09-16,2024-09-17,13,medium,71,,f
T-c46a1b,A-86cdb4,2023-11-07,2023-11-08,12,medium,119,5,f
T-7048cb,A-adc1f3,2023-03-10,2023-03-10,14,low,41,3,f
T-65bdba,A-8ae05d,2023-08-06,2023-08-07,6,high,48,4,f
T-da9797,A-bc87bc,2024-10-01,2024-10-02,6,high,160,3,f
T-b9b80b,A-afa505,2024-06-24,2024-06-26,40,urgent,49,3,t
T-0648e6,A-0e966d,2024-12-01,2024-12-01,49,low,113,4,f
T-5a8cb8,A-9affe6,2024-08-19,2024-08-21,12,low,51,,f
T-580c71,A-068fc6,2023-04-15,2023-04-15,19,urgent,156,,f
T-2a19c6,A-52dd88,2023-12-14,2023-12-17,11,low,111,,f
T-836ae9,A-410e86,2023-12-22,2023-12-24,6,low,130,,f
T-1d4ad7,A-0be015,2024-01-04,2024-01-06,42,urgent,44,4,f
T-203b1e,A-69b156,2024-06-12,2024-06-14,18,high,92,4,f
T-69bbea,A-02fac6,2023-03-03,2023-03-03,50,medium,43,,f
T-b0f248,A-0be015,2024-11-26,2024-11-27,54,high,122,,f
T-0f0bde,A-e888d1,2024-09-24,2024-09-26,12,medium,168,4,f
T-b14d75,A-7641d3,2023-03-08,2023-03-10,18,medium,115,5,t
T-8580fd,A-3a5ad8,2023-06-09,2023-06-11,24,urgent,149,,f
T-2c4195,A-ffc04f,2024-01-08,2024-01-08,39,low,175,5,f
T-4a1a56,A-4e631b,2023-09-04,2023-09-05,49,urgent,86,,f
T-718543,A-f03140,2023-01-28,2023-01-30,5,urgent,46,3,f
T-a61271,A-05d3b3,2024-11-03,2024-11-05,7,urgent,3,,f
T-0766ec,A-e351e1,2024-12-29,2024-12-29,5,low,100,3,f
T-738fd8,A-7920cc,2024-03-15,2024-03-15,24,low,94,3,f
T-3b09c6,A-49b828,2023-11-04,2023-11-05,5,medium,93,,f
T-946568,A-e40f45,2023-01-02,2023-01-03,12,medium,24,,f
T-676fdf,A-7920cc,2024-10-04,2024-10-05,22,medium,122,,f
T-80fc65,A-d82ef9,2024-10-08,2024-10-10,6,low,116,,t
T-8caacd,A-eb7c38,2023-08-16,2023-08-16,39,urgent,56,,f
T-39076a,A-b7724f,2024-01-22,2024-01-23,36,urgent,15,3,f
T-77dffb,A-ee42db,2023-12-18,2023-12-18,36,medium,80,3,f
T-c752b7,A-e36807,2024-09-20,2024-09-20,23,high,145,5,f
T-77064e,A-cab532,2024-03-28,2024-03-29,41,low,175,4,f
T-5cf4eb,A-ce550d,2024-06-15,2024-06-15,11,high,169,4,f
T-b4957a,A-8ae3fc,2024-03-06,2024-03-06,20,urgent,73,,f
T-07694c,A-9779ad,2023-06-14,2023-06-14,12,high,96,,f
T-011d44,A-dfbd31,2024-03-29,2024-03-29,40,low,159,4,f
T-fc3f98,A-6f8ad2,2023-07-12,2023-07-14,5,urgent,17,4,f
T-466cea,A-ced9aa,2023-11-23,2023-11-23,23,medium,70,,f
T-1e7cbe,A-bb3bd4,2023-07-10,2023-07-11,49,high,158,,f
T-4e6353,A-ffc04f,2024-05-13,2024-05-14,52,low,123,,f
T-7098db,A-117171,2024-12-12,2024-12-14,6,low,95,4,f
T-ddcfa7,A-40906c,2024-05-26,2024-05-26,12,medium,84,3,f
T-016d69,A-f97b9a,2023-03-18,2023-03-19,54,high,85,,f
T-91aaf3,A-e1462e,2023-04-18,2023-04-20,12,high,122,4,f
T-39b9b3,A-779e4e,2023-03-24,2023-03-24,22,urgent,86,,f
T-3c3935,A-c1e51e,2023-01-29,2023-01-30,9,urgent,15,3,f
T-7ff36c,A-0cc442,2023-04-28,2023-04-28,24,medium,11,,f
T-153c4f,A-297a2d,2024-05-14,2024-05-16,13,high,9,,f
T-2b9ac2,A-cbbe12,2023-06-30,2023-07-02,6,low,163,5,f
T-59dfb0,A-82861f,2024-12-18,2024-12-20,22,medium,24,3,f
T-584792,A-d82ef9,2023-10-15,2023-10-17,16,low,121,4,f
T-a67c6a,A-40de06,2024-02-18,2024-02-20,10,urgent,24,,f
T-d035ff,A-86902e,2024-03-13,2024-03-15,12,urgent,22,,f
T-9e0fbe,A-42b791,2023-12-12,2023-12-13,11,urgent,34,3,f
T-7dfcbc,A-ac9111,2023-06-21,2023-06-21,17,urgent,94,5,f
T-bc73ad,A-fd7ad3,2024-10-08,2024-10-09,13,low,103,5,f
T-2d7007,A-bd4708,2024-12-13,2024-12-15,21,high,176,,f
T-eaf4bf,A-f446b6,2023-07-26,2023-07-27,9,urgent,114,5,f
T-885cc0,A-798a3f,2024-05-11,2024-05-11,20,high,33,5,f
T-73bcc4,A-d27f50,2024-05-01,2024-05-02,9,medium,108,5,f
T-882ab9,A-65c341,2023-07-23,2023-07-24,12,high,90,,f
T-88c429,A-700ade,2024-11-03,2024-11-04,7,urgent,22,,f
T-70430b,A-856b1e,2023-03-25,2023-03-26,5,low,8,,f
T-36a591,A-18793f,2023-12-09,2023-12-10,20,low,99,3,f
T-2a5b67,A-118d55,2023-07-24,2023-07-25,23,medium,47,5,f
T-7976e4,A-50f3f7,2023-06-17,2023-06-19,15,medium,31,5,f
T-d1973c,A-0532a9,2023-03-11,2023-03-13,7,low,88,,f
T-d2dda8,A-81edc3,2023-07-01,2023-07-02,20,high,75,3,f
T-d1454f,A-68f37c,2024-09-12,2024-09-12,49,medium,42,4,f
T-84745f,A-c16cf7,2023-01-20,2023-01-21,16,medium,165,,f
T-46f3a5,A-7c4956,2024-12-22,2024-12-22,7,low,64,,f
T-575b7e,A-e351e1,2023-10-05,2023-10-05,19,low,9,5,f
T-f79198,A-0f7d77,2023-11-30,2023-12-01,38,medium,17,,f
T-e65eaf,A-5b1bcd,2024-09-06,2024-09-07,19,urgent,14,,f
T-d23384,A-600734,2023-09-03,2023-09-05,8,high,74,4,f
T-c512cd,A-86cdb4,2024-11-07,2024-11-07,7,high,81,3,f
T-13a6c8,A-b44e3e,2023-12-27,2023-12-27,12,urgent,119,4,f
T-c53a87,A-10b8da,2023-02-19,2023-02-20,11,high,105,,f
T-accc3f,A-53f4e3,2024-01-20,2024-01-21,16,urgent,55,4,f
T-4d9add,A-6965e1,2023-08-12,2023-08-12,19,high,155,3,f
T-326fb6,A-1f559b,2023-06-28,2023-06-29,42,high,142,4,f
T-02ebc4,A-0354fe,2023-01-20,2023-01-20,17,low,78,5,f
T-d8ba4b,A-ffc04f,2023-11-12,2023-11-12,44,medium,17,5,f
T-2859a9,A-c1e51e,2024-10-29,2024-10-31,12,urgent,59,3,f
T-80caf3,A-7641d3,2023-02-21,2023-02-23,6,urgent,123,,f
T-fc38c0,A-a1b80b,2023-01-21,2023-01-22,11,low,107,3,f
T-2f8785,A-cdf020,2023-12-26,2023-12-26,7,low,121,5,f
T-c961eb,A-f9cc74,2024-12-09,2024-12-11,12,medium,26,3,f
T-5d144c,A-462d45,2023-09-18,2023-09-19,20,urgent,43,,f
T-3b9fea,A-f97b9a,2023-09-16,2023-09-16,43,low,58,,f
T-4616b9,A-17939a,2024-02-06,2024-02-08,10,high,105,5,f
T-149155,A-5b4ebb,2024-01-02,2024-01-02,5,medium,17,,f
T-2ef7b5,A-a1bbb6,2023-10-27,2023-10-27,14,high,168,,f
T-b8a88e,A-94c3cd,2023-03-20,2023-03-22,15,medium,175,4,f
T-e0928c,A-cbbe12,2023-09-04,2023-09-04,24,urgent,26,4,f
T-86e8cc,A-ced9aa,2023-07-20,2023-07-20,24,low,147,,f
T-1070ee,A-bb1eaa,2023-10-04,2023-10-06,6,urgent,178,,f
T-c5474d,A-00cac8,2023-06-06,2023-06-08,19,urgent,149,,f
T-3c2ede,A-a1bbb6,2023-08-24,2023-08-24,23,high,147,4,f
T-49f7fa,A-68f37c,2024-04-20,2024-04-20,36,high,139,,f
T-804db5,A-9f0b68,2024-12-09,2024-12-11,10,high,122,,f
T-b51da1,A-354f12,2023-08-03,2023-08-05,46,low,104,,f
T-b95195,A-cdf020,2023-07-11,2023-07-13,5,medium,28,,f
T-4013e1,A-5b4ebb,2023-02-19,2023-02-21,21,low,18,5,f
T-99dba7,A-dcc3f1,2024-05-01,2024-05-02,5,low,126,4,f
T-cbc3ab,A-1f7acb,2023-01-20,2023-01-22,23,high,155,5,f
T-2354bb,A-d26ab4,2023-08-30,2023-08-31,13,medium,72,,f
T-4e07bf,A-600734,2023-10-29,2023-10-29,20,urgent,123,3,f
T-c39af4,A-149a69,2024-10-19,2024-10-21,7,low,59,,f
T-4ebe83,A-6e7827,2024-09-25,2024-09-26,17,low,86,3,f
T-00f542,A-158f4e,2024-04-18,2024-04-19,14,medium,83,5,f
T-8d5902,A-e61e98,2023-07-01,2023-07-02,52,medium,58,5,f
T-dfd61e,A-b2af2e,2024-01-09,2024-01-11,21,low,91,4,f
T-a56288,A-4a267b,2023-06-22,2023-06-22,16,high,25,5,f
T-f45502,A-781cc0,2024-08-17,2024-08-19,23,high,120,5,f
T-3bc756,A-a0ca4e,2023-04-24,2023-04-24,14,low,129,4,t
T-eb6b8e,A-02cd81,2024-07-10,2024-07-10,14,high,99,4,t
T-01c405,A-c16b88,2023-03-15,2023-03-16,8,medium,121,,f
T-e6d7c6,A-c58f49,2024-08-13,2024-08-13,18,medium,95,5,f
T-f97a8b,A-0e966d,2024-09-11,2024-09-11,37,medium,100,5,t
T-ca8cb0,A-2b9d3e,2024-03-12,2024-03-13,21,low,127,5,f
T-5d7ef5,A-9ee962,2024-02-11,2024-02-13,24,high,23,4,f
T-78fcb1,A-39868b,2024-01-02,2024-01-02,24,urgent,16,5,f
T-5df3d2,A-c42f1f,2024-04-05,2024-04-06,21,high,97,,f
T-8206d0,A-9bfc9f,2024-09-23,2024-09-24,22,urgent,21,,f
T-fa1316,A-712426,2024-05-18,2024-05-20,14,low,169,4,f
T-ac52cc,A-87aa7b,2024-03-19,2024-03-19,10,medium,64,,f
T-e8ac58,A-1ac5e0,2023-01-10,2023-01-11,17,medium,21,5,f
T-cddf95,A-bcf87c,2024-01-09,2024-01-11,11,medium,40,3,f
T-c6ee94,A-f446b6,2024-11-25,2024-11-25,14,high,127,,t
T-9e6b9a,A-39868b,2023-06-10,2023-06-12,22,high,144,,f
T-b04488,A-d40bf7,2024-11-03,2024-11-03,21,urgent,80,5,f
T-2b0275,A-22f2df,2024-06-14,2024-06-16,13,high,49,,f
T-6676f9,A-3d957b,2024-03-05,2024-03-07,17,high,40,3,f
T-d66f0f,A-8b25f2,2023-12-03,2023-12-05,13,medium,15,5,f
T-4486bf,A-1619f8,2024-11-11,2024-11-12,23,urgent,152,,f
T-e34acc,A-9bfc9f,2023-08-24,2023-08-25,22,low,30,3,f
T-7d878f,A-54d94a,2024-07-19,2024-07-21,23,medium,18,3,f
T-508c6e,A-151c9a,2024-06-01,2024-06-01,8,medium,176,3,f
T-233db8,A-a0ca4e,2023-10-03,2023-10-04,24,low,133,3,f
T-d6e90f,A-e4bf56,2024-03-22,2024-03-24,13,urgent,142,3,f
T-ed09ab,A-94d3da,2024-12-27,2024-12-28,18,high,130,,f
T-2537ea,A-5a3eb9,2023-04-15,2023-04-16,7,high,71,,f
T-2d3ea5,A-e4bf56,2024-08-27,2024-08-28,22,urgent,124,,f
T-2e98ad,A-854864,2023-09-14,2023-09-16,15,medium,90,5,f
T-d6da92,A-2d1036,2024-11-30,2024-11-30,19,urgent,83,5,f
T-f367ef,A-c7ffc2,2023-10-12,2023-10-14,52,low,143,,f
T-df5e8e,A-b48f73,2023-06-22,2023-06-23,16,high,40,3,f
T-bf2cc6,A-e2cd1b,2023-05-12,2023-05-13,21,high,162,3,f
T-b43b6a,A-4ae22a,2024-08-09,2024-08-09,17,urgent,10,,f
T-0313d4,A-ad64c6,2024-11-04,2024-11-06,21,medium,173,,f
T-8d4cd3,A-f25509,2023-07-13,2023-07-15,8,high,169,,f
T-67350b,A-8adedc,2024-08-19,2024-08-19,15,low,19,,f
T-e6e1ba,A-d922bf,2023-05-28,2023-05-29,18,medium,146,,t
T-91edfc,A-92a3af,2024-03-30,2024-04-01,10,medium,68,,t
T-51cf8c,A-fe79a5,2023-05-25,2023-05-25,12,medium,123,5,f
T-ea95ef,A-751c58,2023-02-07,2023-02-08,10,medium,147,4,f
T-10ac61,A-2d4502,2024-05-02,2024-05-02,11,urgent,171,5,f
T-902d96,A-76fa4d,2024-12-27,2024-12-29,24,high,147,4,f
T-2b2a49,A-39b19f,2024-06-04,2024-06-05,39,medium,174,,f
T-4e9902,A-42b791,2023-06-22,2023-06-22,10,high,162,5,f
T-2d6f9d,A-fabe19,2023-05-23,2023-05-24,15,urgent,63,,f
T-21a62a,A-bc4d48,2024-09-20,2024-09-20,14,medium,104,5,f
T-435417,A-02cd81,2024-02-02,2024-02-02,17,urgent,44,5,f
T-f0ad1e,A-940b8b,2023-07-14,2023-07-14,19,low,164,5,f
T-e6e80e,A-ffc04f,2023-06-23,2023-06-23,47,urgent,21,,f
T-d553b7,A-39b19f,2023-08-06,2023-08-07,42,low,5,4,f
T-437e48,A-9174e0,2024-10-30,2024-10-31,21,urgent,161,5,f
T-1948cd,A-bc87bc,2023-11-10,2023-11-12,22,medium,28,,f
T-b9ca29,A-e98302,2024-08-28,2024-08-30,8,low,37,4,f
T-f9f1f5,A-e19ff6,2023-04-21,2023-04-23,22,high,109,4,f
T-81c410,A-3f9cc0,2023-12-07,2023-12-09,45,urgent,138,,f
T-99ec8e,A-f9cc74,2024-11-14,2024-11-16,17,low,129,3,f
T-27d929,A-10b8f2,2023-11-10,2023-11-12,17,urgent,26,5,f
T-6faf48,A-7c83a1,2024-04-21,2024-04-21,12,high,82,5,f
T-7b5e96,A-b9eed8,2024-09-29,2024-09-29,19,high,162,4,f
T-cc3d2a,A-b11cd0,2024-01-31,2024-01-31,17,medium,104,,f
T-437b2d,A-95b24a,2023-11-06,2023-11-07,43,high,12,3,f
T-9eecab,A-f3ff05,2023-07-17,2023-07-18,17,high,122,,f
T-cb95ef,A-c4ea60,2023-02-16,2023-02-18,48,low,74,3,f
T-1e080e,A-712426,2024-08-04,2024-08-04,5,urgent,66,5,f
T-da9234,A-7da956,2024-04-20,2024-04-21,24,medium,112,5,f
T-a6cf94,A-1b707d,2024-10-18,2024-10-19,37,medium,160,,f
T-82f258,A-ff3c73,2023-03-19,2023-03-21,19,medium,79,3,f
T-256979,A-038089,2023-04-02,2023-04-02,19,low,96,,f
T-8e9bd1,A-1f7acb,2024-06-27,2024-06-29,16,medium,131,5,f
T-544625,A-a8b49c,2023-09-23,2023-09-26,11,low,105,4,f
T-21611f,A-82861f,2023-01-27,2023-01-28,17,low,19,3,f
T-24643b,A-d922bf,2024-02-21,2024-02-21,7,low,130,3,f
T-298948,A-fdfc91,2024-02-06,2024-02-08,53,urgent,105,4,f
T-7ba83f,A-ffc04f,2023-02-01,2023-02-02,44,high,47,4,f
T-e14078,A-e2cd1b,2023-04-27,2023-04-27,17,urgent,16,,f
T-93a37f,A-95b24a,2023-08-08,2023-08-08,42,high,74,,f
T-519a0a,A-f5641b,2024-08-09,2024-08-11,22,medium,132,,f
T-dca519,A-ce66f8,2024-09-14,2024-09-14,9,urgent,47,,f
T-b9e44a,A-1ac5e0,2023-06-10,2023-06-12,5,medium,13,,f
T-17e8e9,A-7c6b6b,2023-09-03,2023-09-04,18,high,63,5,f
T-82ae01,A-49b828,2023-06-03,2023-06-03,16,medium,150,4,f
T-e51e43,A-4e960a,2023-04-30,2023-04-30,13,low,41,5,f
T-45e6da,A-1e6fc3,2024-03-08,2024-03-09,18,low,120,3,f
T-b5aa6f,A-7c83a1,2023-02-14,2023-02-15,22,low,85,4,f
T-09dd85,A-fd7ad3,2023-02-06,2023-02-06,6,low,12,3,f
T-1cd0a4,A-35083d,2024-06-25,2024-06-27,14,low,61,5,f
T-6e76a6,A-625d0b,2023-09-17,2023-09-18,40,urgent,141,,f
T-db00f6,A-c1e51e,2024-08-13,2024-08-14,10,urgent,101,3,f
T-d5ea25,A-9289f6,2024-10-14,2024-10-16,44,low,56,5,f
T-1bcdb6,A-cbd1a3,2024-06-28,2024-06-28,6,medium,12,4,f
T-7214d0,A-443f6f,2024-09-06,2024-09-06,52,urgent,42,5,f
T-a3df20,A-39ddf4,2024-03-09,2024-03-11,17,high,118,,f
T-4cc9eb,A-bc87bc,2024-12-29,2024-12-31,24,low,46,5,f
T-c1ca2b,A-7920cc,2023-06-18,2023-06-19,18,low,150,5,f
T-a80aac,A-443b7c,2023-06-18,2023-06-19,38,medium,12,,f
T-63aaba,A-241e75,2023-09-07,2023-09-08,5,medium,21,,f
T-9f7253,A-883b7d,2023-06-23,2023-06-23,51,urgent,144,4,f
T-4336b6,A-ed510f,2024-06-22,2024-06-24,17,low,19,,f
T-c30ac0,A-2f6a32,2024-05-06,2024-05-08,7,medium,5,4,f
T-37c256,A-856b1e,2024-01-11,2024-01-13,22,low,133,,f
T-fa88e4,A-95b24a,2024-03-14,2024-03-14,51,high,122,5,f
T-970159,A-e888d1,2024-02-09,2024-02-10,7,urgent,95,,t
T-665175,A-883b7d,2024-12-01,2024-12-01,43,urgent,13,3,f
T-2ca24a,A-42e5e1,2024-05-22,2024-05-22,8,high,51,4,f
T-7bc25b,A-337bc1,2023-08-10,2023-08-10,10,medium,7,4,f
T-df171c,A-09540c,2024-02-24,2024-02-25,14,high,72,4,f
T-ed6cdf,A-977ca0,2023-06-02,2023-06-05,5,medium,100,,f
T-07f485,A-55f257,2024-06-03,2024-06-05,12,urgent,150,5,f
T-df9fc9,A-43a9e3,2023-03-24,2023-03-26,8,urgent,90,4,f
T-8d4c7f,A-f446b6,2023-10-31,2023-11-02,15,urgent,68,,f
T-a9fa22,A-9a532a,2023-05-04,2023-05-06,10,low,81,,f
T-216c7c,A-fa3095,2024-06-27,2024-06-28,19,low,71,5,f
T-650a6d,A-fe79a5,2023-04-10,2023-04-12,17,high,26,5,f
T-b154de,A-600734,2023-04-16,2023-04-18,23,urgent,57,,t
T-8ece2f,A-9123ac,2024-09-09,2024-09-09,8,urgent,102,5,f
T-9e1726,A-5fe118,2023-07-25,2023-07-25,23,urgent,26,4,f
T-e45d87,A-296d7c,2024-07-08,2024-07-09,10,low,139,5,f
T-4da38c,A-42e5e1,2023-06-05,2023-06-06,16,low,69,4,f
T-4fd4ae,A-e7beab,2023-10-19,2023-10-21,17,low,110,,f
T-10a089,A-9c18c4,2024-04-22,2024-04-24,20,high,165,,f
T-09825e,A-dbc825,2024-09-30,2024-09-30,42,urgent,34,,f
T-bc2607,A-39b19f,2024-08-06,2024-08-08,44,high,155,5,f
T-418d3f,A-e98302,2023-06-29,2023-06-29,19,medium,84,4,f
T-22724b,A-94c3cd,2024-08-17,2024-08-19,8,high,145,3,f
T-9ce175,A-82d8a6,2024-03-05,2024-03-05,17,medium,164,,f
T-1173d2,A-7641d3,2024-12-14,2024-12-15,9,high,88,3,f
T-8cb85f,A-d82ef9,2023-05-07,2023-05-07,20,urgent,34,4,f
T-2b566c,A-cbd1a3,2024-09-08,2024-09-10,24,medium,167,,f
T-f93d8a,A-e83938,2023-12-23,2023-12-23,15,medium,41,,f
T-1374f5,A-6f50ae,2024-10-18,2024-10-19,8,medium,59,4,f
T-4adbf1,A-149a69,2023-03-22,2023-03-24,22,urgent,169,,f
T-67bfa4,A-eb7fac,2024-04-23,2024-04-24,10,urgent,75,4,f
T-f9ca4b,A-8ed5dd,2023-06-03,2023-06-03,48,low,180,5,f
T-320686,A-7c5768,2023-03-10,2023-03-10,7,high,170,5,f
T-a838f4,A-e36807,2024-05-22,2024-05-24,8,medium,159,4,f
T-d9f5fb,A-ab438f,2024-06-28,2024-06-30,11,urgent,86,4,f
T-4dc68c,A-1f0ac7,2024-04-12,2024-04-12,6,low,174,,f
T-5ef304,A-faa28c,2024-01-18,2024-01-19,6,low,139,4,f
T-cfec7f,A-089363,2023-08-22,2023-08-22,13,medium,75,4,f
T-9b3a8d,A-f1f639,2024-04-21,2024-04-21,24,urgent,90,4,f
T-706e49,A-5b1bcd,2024-03-16,2024-03-18,6,low,124,,f
T-a9e396,A-8adedc,2023-03-28,2023-03-30,11,low,124,,f
T-9df65f,A-c42f1f,2024-06-29,2024-06-30,20,urgent,8,,f
T-0e9c68,A-3d957b,2023-10-31,2023-11-01,19,urgent,125,,f
T-ff4462,A-702032,2024-07-23,2024-07-23,17,high,140,,f
T-e8df78,A-e83938,2024-12-01,2024-12-01,7,low,52,3,f
T-082788,A-00bed1,2023-12-14,2023-12-14,13,urgent,174,,f
T-b01917,A-625d0b,2023-12-24,2023-12-26,50,high,135,,f
T-559617,A-69b156,2023-07-15,2023-07-15,13,high,30,,f
T-e12097,A-86fc1d,2024-08-03,2024-08-04,39,urgent,29,5,f
T-73db23,A-89ee83,2023-01-26,2023-01-27,45,urgent,146,,f
T-aba492,A-3793ee,2023-09-14,2023-09-14,9,low,36,,f
T-b1c40d,A-139c3b,2023-04-05,2023-04-05,23,low,37,4,f
T-57b938,A-dfbd31,2023-07-22,2023-07-24,51,high,145,,f
T-13b65c,A-e43bf7,2024-04-24,2024-04-24,20,urgent,135,5,t
T-2c42d0,A-e693b6,2023-07-06,2023-07-06,8,urgent,144,3,f
T-fbc3c3,A-65a46c,2023-03-17,2023-03-18,48,urgent,51,,f
T-383e2b,A-86fc1d,2024-12-24,2024-12-24,38,urgent,140,,f
T-cdecbd,A-9c18c4,2024-12-08,2024-12-08,5,low,133,3,f
T-8934e8,A-92a3af,2024-04-22,2024-04-24,18,medium,49,,f
T-9d9a08,A-66224b,2024-03-22,2024-03-24,15,urgent,105,3,f
T-19c13c,A-fdfc91,2023-04-27,2023-04-27,54,urgent,177,,f
T-f5bee9,A-c16cf7,2023-07-18,2023-07-20,6,low,124,3,f
T-61208e,A-2789e3,2024-10-09,2024-10-11,52,medium,3,4,f
T-454d17,A-b3fe05,2023-09-01,2023-09-01,19,urgent,90,3,f
T-3e18cf,A-35083d,2024-09-27,2024-09-29,8,high,152,,f
T-ead922,A-86902e,2024-06-03,2024-06-03,18,urgent,16,5,f
T-da4f37,A-69b156,2024-09-01,2024-09-01,6,low,161,4,f
T-0e6a8b,A-b44e3e,2024-06-23,2024-06-25,15,medium,66,4,f
T-a1bceb,A-3a7284,2023-09-24,2023-09-25,12,high,105,,f
T-57367e,A-b3fe05,2024-12-06,2024-12-08,7,high,39,,f
T-0aeed3,A-e5d6ab,2024-06-27,2024-06-28,19,low,151,,f
T-c67fd7,A-d3c88e,2024-06-28,2024-06-30,5,urgent,30,,f
T-60c7c9,A-02fac6,2023-10-17,2023-10-18,39,low,45,,f
T-47940c,A-a865bd,2024-11-22,2024-11-23,22,medium,34,3,f
T-c17382,A-9f0b68,2024-05-10,2024-05-10,15,urgent,89,3,f
T-574fcf,A-09540c,2023-03-25,2023-03-26,22,medium,106,5,f
T-136b9e,A-e4144b,2023-05-06,2023-05-08,7,high,164,,f
T-14733a,A-0b0d6d,2023-05-06,2023-05-06,13,high,155,5,t
T-2fc301,A-7c4956,2024-06-10,2024-06-10,10,high,102,4,f
T-5f7300,A-54d94a,2024-07-25,2024-07-27,23,medium,117,,f
T-d84002,A-1619f8,2023-02-16,2023-02-18,13,low,2,5,f
T-d85104,A-f9cc74,2024-06-18,2024-06-18,6,low,151,5,f
T-b6eb59,A-0532a9,2024-09-07,2024-09-07,14,medium,4,,f
T-da4869,A-342303,2023-09-11,2023-09-11,11,medium,79,5,f
T-81b73d,A-ccc747,2023-01-28,2023-01-30,13,medium,9,,f
T-a6e8f4,A-751c58,2024-02-16,2024-02-18,9,low,172,4,f
T-6b989d,A-328bd0,2024-09-06,2024-09-08,11,high,49,,f
T-2694cc,A-2ebb4b,2023-07-03,2023-07-05,13,high,124,3,f
T-60bb06,A-417d2f,2024-11-20,2024-11-22,10,low,144,,f
T-e733d2,A-c1dfe1,2023-05-09,2023-05-11,9,low,133,,f
T-1103cb,A-40906c,2024-08-01,2024-08-01,9,low,113,5,f
T-659542,A-443f6f,2024-03-18,2024-03-18,40,low,167,4,f
T-9b4be2,A-1b7577,2024-04-08,2024-04-09,22,low,112,5,f
T-b43d8e,A-3cc791,2024-12-09,2024-12-09,39,low,84,,f
T-863c07,A-34d880,2023-04-07,2023-04-08,36,urgent,12,3,f
T-f62fdf,A-854864,2023-02-24,2023-02-24,18,high,23,4,f
T-f255e4,A-40a557,2023-01-08,2023-01-09,6,medium,146,3,f
T-fad580,A-410e86,2023-12-04,2023-12-06,8,low,103,3,f
T-1dd5b9,A-1b7577,2023-08-08,2023-08-08,23,high,74,,f
T-7d4d61,A-4f18f0,2024-06-11,2024-06-13,18,urgent,75,5,f
T-742d41,A-149a69,2024-09-27,2024-09-27,20,medium,63,5,f
T-b72962,A-410e86,2024-04-25,2024-04-27,8,medium,128,,f
T-fb779c,A-5b1bcd,2024-04-09,2024-04-11,9,urgent,89,4,f
T-204881,A-671f31,2024-07-24,2024-07-25,12,urgent,80,5,f
T-3d5a91,A-bb1eaa,2024-09-12,2024-09-12,9,urgent,78,5,f
T-3aa7e7,A-69b156,2024-02-28,2024-02-29,19,low,96,,f
T-c195e0,A-075038,2024-10-15,2024-10-16,13,high,4,3,f
T-7dc53f,A-8b25f2,2024-02-04,2024-02-04,13,low,86,3,f
T-1b9c71,A-f03140,2023-02-11,2023-02-13,13,high,79,,f
T-921d17,A-eb2fdc,2023-05-23,2023-05-24,18,low,50,4,f
T-16a224,A-4437e4,2024-07-05,2024-07-06,21,medium,134,,f
T-95e4a6,A-4a4c2d,2024-11-15,2024-11-16,10,high,128,5,f
T-c014ff,A-40de06,2023-03-21,2023-03-23,10,low,68,,f
T-49e4f6,A-a45270,2024-10-22,2024-10-24,38,high,46,4,f
T-83656f,A-117171,2023-12-19,2023-12-20,6,low,33,4,f
T-4630ac,A-67be94,2023-07-20,2023-07-21,40,urgent,47,,f
T-539103,A-65a46c,2023-06-19,2023-06-21,50,urgent,134,3,f
T-519f79,A-702032,2024-07-09,2024-07-09,7,low,176,3,f
T-5b3664,A-751c58,2024-08-05,2024-08-05,23,low,60,,f
T-db5a57,A-66224b,2024-10-17,2024-10-18,8,high,43,5,f
T-b52bf0,A-855a48,2023-11-03,2023-11-04,8,high,157,4,f
T-3b9875,A-4a267b,2024-05-09,2024-05-11,15,urgent,168,,f
T-ba77b3,A-bc87bc,2023-10-31,2023-11-01,24,high,136,,f
T-762c9d,A-86902e,2024-05-11,2024-05-12,7,high,118,,f
T-74476f,A-bb3bd4,2023-05-22,2023-05-24,51,low,145,,f
T-5bca42,A-0532a9,2023-02-11,2023-02-11,9,low,62,,f
T-116765,A-c4ea60,2024-05-23,2024-05-23,40,urgent,65,4,f
T-53a3f9,A-2e4581,2024-12-10,2024-12-10,23,high,118,,f
T-dc9ef3,A-139c3b,2023-06-21,2023-06-23,9,urgent,63,,f
T-3830ca,A-5c9849,2024-01-31,2024-02-02,5,urgent,7,,f
T-c18da8,A-7f6b86,2024-07-19,2024-07-19,5,high,91,,f
T-d65b5b,A-328bd0,2024-03-06,2024-03-07,16,medium,103,3,f
T-2b8a81,A-9affe6,2023-07-05,2023-07-07,15,urgent,12,3,f
T-8416bb,A-9affe6,2024-02-20,2024-02-22,21,high,165,,f
T-d03843,A-883b7d,2024-01-25,2024-01-25,41,urgent,14,,f
T-0171b1,A-4a4c2d,2024-05-09,2024-05-11,23,high,153,4,f
T-93c07c,A-17939a,2024-08-01,2024-08-01,9,low,152,4,f
T-c7e31c,A-3cc791,2024-07-09,2024-07-11,39,high,179,,f
T-d466fd,A-65c341,2024-05-06,2024-05-06,16,high,122,,f
T-34db33,A-625d0b,2024-11-19,2024-11-21,36,medium,21,,f
T-a6af13,A-84ebe4,2024-12-02,2024-12-03,17,low,149,,f
T-aacbf9,A-7920cc,2023-10-17,2023-10-18,8,medium,160,,f
T-ede109,A-de24d5,2023-01-31,2023-02-02,5,medium,165,,f
T-578a17,A-5790f4,2024-02-21,2024-02-24,12,low,133,,t
T-10521d,A-8ae3fc,2024-02-20,2024-02-21,21,urgent,110,3,f
T-6816fd,A-d4ac0e,2024-10-23,2024-10-23,21,medium,28,3,f
T-5d5c80,A-684255,2024-04-12,2024-04-12,21,urgent,153,4,f
T-454c29,A-c43359,2023-03-14,2023-03-15,12,urgent,176,,f
T-6bfc83,A-bc87bc,2023-12-26,2023-12-28,18,urgent,59,4,f
T-b9e950,A-bd4708,2023-10-12,2023-10-12,14,low,151,4,f
T-c4a1cf,A-1e1b80,2024-05-16,2024-05-17,12,urgent,59,3,f
T-5b26fc,A-fd9422,2024-03-30,2024-03-31,10,medium,47,3,f
T-2ac4b6,A-779e4e,2023-07-09,2023-07-09,14,low,36,3,f
T-bdc16a,A-9077b0,2023-03-01,2023-03-03,6,high,53,5,f
T-ce4793,A-40906c,2024-11-01,2024-11-03,24,urgent,60,4,f
T-d3800a,A-5a3eb9,2023-07-04,2023-07-05,12,urgent,49,,f
T-50cda9,A-700ade,2024-03-01,2024-03-01,5,urgent,117,5,f
T-ee1ef3,A-b11cd0,2024-10-08,2024-10-10,12,medium,141,3,f
T-22968c,A-0cc442,2023-05-23,2023-05-24,14,low,21,,f
T-f0ac4b,A-4437e4,2024-01-17,2024-01-19,7,high,15,3,t
T-b181e3,A-65c341,2023-10-26,2023-10-28,22,urgent,25,,f
T-d01651,A-7988d1,2023-11-28,2023-11-30,7,urgent,61,5,f
T-7929a5,A-c16b88,2024-04-09,2024-04-11,18,high,158,3,f
T-5ed6b6,A-d42431,2023-09-28,2023-09-28,8,urgent,176,,f
T-e9516d,A-1986ca,2023-04-03,2023-04-04,5,urgent,107,,f
T-0016ab,A-560d27,2023-03-30,2023-04-01,7,medium,58,3,f
T-f4724a,A-068fc6,2023-09-21,2023-09-22,19,urgent,104,4,f
T-9b56ac,A-69b156,2024-08-20,2024-08-20,9,medium,156,3,f
T-699684,A-c42f1f,2024-01-30,2024-02-01,17,medium,140,4,f
T-d9e61f,A-b54c01,2023-05-20,2023-05-22,53,low,48,,f
T-133e5c,A-17939a,2023-08-16,2023-08-18,6,urgent,85,4,f
T-3196fb,A-dfbd31,2024-10-25,2024-10-25,43,high,68,,f
T-b91fc6,A-d922bf,2023-09-01,2023-09-04,20,high,175,4,f
T-cbdb70,A-f1f639,2023-11-12,2023-11-12,24,medium,167,,f
T-87b6c4,A-716841,2023-07-01,2023-07-02,18,medium,119,,f
T-73a01a,A-2789e3,2024-12-22,2024-12-23,51,medium,140,,f
T-e7c6b3,A-51ec1b,2023-11-28,2023-11-29,8,medium,171,5,f
T-016258,A-ed510f,2023-06-15,2023-06-17,22,low,48,,f
T-7935c3,A-d4e0d4,2023-11-30,2023-12-02,6,low,114,5,f
T-f7a0c0,A-544d0a,2024-04-19,2024-04-21,6,urgent,35,3,t
T-288bdf,A-038089,2023-12-21,2023-12-22,24,high,102,5,f
T-ccab6b,A-adc1f3,2023-01-23,2023-01-25,23,high,129,,f
T-a3d4db,A-0aaf6e,2023-02-09,2023-02-09,9,medium,38,,f
T-61605e,A-671f31,2023-05-30,2023-05-31,7,medium,68,4,f
T-63500c,A-bc4d48,2023-09-06,2023-09-08,22,high,4,3,f
T-8ab508,A-0f7d77,2023-07-27,2023-07-27,48,high,82,,f
T-6a8698,A-117171,2023-09-14,2023-09-14,17,medium,59,3,f
T-00b930,A-bbe56f,2024-10-09,2024-10-09,20,high,179,4,f
T-67c060,A-883b7d,2024-10-22,2024-10-23,48,low,72,3,f
T-4f391f,A-86fc1d,2024-04-15,2024-04-15,54,high,59,,f
T-4f5aab,A-186a44,2024-06-08,2024-06-08,11,high,35,4,f
T-67eb6f,A-712f1c,2024-08-09,2024-08-11,10,urgent,46,,f
T-87a53c,A-2d4502,2023-03-25,2023-03-25,23,medium,45,,f
T-1c81a5,A-1f7acb,2023-04-18,2023-04-19,10,high,40,5,f
T-de8424,A-f1f639,2023-12-29,2023-12-29,11,low,19,,f
T-2748bc,A-0e966d,2024-01-16,2024-01-18,37,high,73,,f
T-699941,A-7d514c,2024-03-28,2024-03-29,21,urgent,23,,f
T-a64b83,A-f97b9a,2023-04-19,2023-04-19,38,urgent,121,4,f
T-948932,A-afa505,2023-03-14,2023-03-15,39,low,116,,f
T-88702a,A-50f3f7,2023-01-06,2023-01-06,5,high,13,,f
T-9d7afa,A-86fc1d,2024-03-16,2024-03-16,49,urgent,30,,f
T-0652b3,A-cbbe12,2024-09-18,2024-09-18,20,urgent,53,5,f
T-c50b96,A-149a69,2023-03-02,2023-03-03,17,urgent,141,,f
T-220f5a,A-7c5768,2024-04-11,2024-04-13,17,urgent,61,,f
T-399dc3,A-462d45,2024-12-15,2024-12-16,20,medium,127,,f
T-f07874,A-cb5333,2023-09-06,2023-09-06,14,urgent,89,,f
T-d8b95c,A-82861f,2024-03-29,2024-03-29,11,urgent,5,4,f
T-88d958,A-4c6f11,2023-06-18,2023-06-20,5,urgent,2,3,f
T-fa61ed,A-5c046d,2024-03-08,2024-03-08,9,low,128,3,f
T-3ec5db,A-8ed5dd,2023-05-20,2023-05-22,35,urgent,84,3,f
T-96c05e,A-02fac6,2023-09-16,2023-09-16,45,medium,53,,f
T-217098,A-2d1036,2024-06-17,2024-06-19,20,low,8,5,f
T-80157c,A-6f50ae,2024-11-02,2024-11-04,6,urgent,46,,f
T-d3b3e1,A-de24d5,2023-03-13,2023-03-13,19,medium,152,,f
T-c79d58,A-463db0,2024-12-24,2024-12-26,7,medium,32,4,f
T-fa6044,A-f1f639,2023-09-26,2023-09-26,15,high,124,5,f
T-617256,A-6843f2,2023-12-25,2023-12-25,14,medium,134,3,f
T-81da6c,A-337bc1,2024-11-21,2024-11-22,24,high,78,3,f
T-637137,A-2b9d3e,2023-08-28,2023-08-29,11,high,68,,f
T-7ebbcc,A-ba6516,2024-06-18,2024-06-18,44,urgent,71,,f
T-538074,A-6a4e2d,2024-04-20,2024-04-20,9,low,156,4,f
T-7480c9,A-4f18f0,2023-01-05,2023-01-06,22,low,39,,f
T-0d0fed,A-ff79f2,2023-12-30,2023-12-31,19,medium,29,,f
T-4f7055,A-e61e98,2023-04-16,2023-04-17,45,urgent,117,3,f
T-2cb775,A-e351e1,2024-10-04,2024-10-04,6,low,101,4,f
T-47a586,A-c43359,2023-09-10,2023-09-10,5,high,43,4,f
T-fd629f,A-dcc3f1,2024-08-23,2024-08-23,19,high,52,,f
T-0721f7,A-a1b80b,2024-07-25,2024-07-26,17,low,15,5,f
T-394a48,A-296d7c,2023-05-14,2023-05-16,6,low,170,,f
T-207054,A-331424,2023-03-30,2023-03-31,5,medium,43,,f
T-f8e692,A-ed510f,2023-07-18,2023-07-19,16,low,110,4,f
T-80126f,A-94d3da,2024-11-23,2024-11-23,9,urgent,52,3,f
T-bcd0eb,A-b3fe05,2023-04-12,2023-04-13,20,high,173,3,f
T-53266e,A-337bc1,2024-05-03,2024-05-05,14,high,30,5,t
T-2e22ae,A-69b156,2023-02-11,2023-02-12,23,high,8,,f
T-c42d1d,A-fd9422,2024-12-22,2024-12-24,13,urgent,79,4,f
T-55400f,A-84ebe4,2024-12-20,2024-12-20,8,medium,133,4,f
T-32884f,A-18793f,2023-08-09,2023-08-10,11,high,5,5,f
T-9b7861,A-c16101,2023-08-29,2023-08-30,11,high,23,5,f
T-9efe75,A-55f257,2024-07-12,2024-07-14,16,low,13,5,f
T-7e7eb8,A-d77f4c,2024-06-30,2024-07-02,10,low,68,3,f
T-8b710d,A-b179bf,2023-02-28,2023-02-28,17,low,6,,f
T-50ec38,A-de58ca,2024-09-15,2024-09-16,23,high,127,3,f
T-ad5952,A-202b67,2023-11-10,2023-11-10,15,urgent,23,5,f
T-c30d17,A-7988d1,2024-09-07,2024-09-07,22,low,104,5,f
T-f443cd,A-dcc3f1,2024-08-31,2024-09-01,17,urgent,86,3,f
T-ebb763,A-f44180,2024-04-08,2024-04-10,12,urgent,89,5,f
T-34ad09,A-fabe19,2023-03-01,2023-03-02,10,urgent,37,,f
T-b87a5a,A-b7724f,2024-07-24,2024-07-25,42,low,175,,f
T-afa081,A-9123ac,2024-11-22,2024-11-24,12,medium,105,3,f
T-367fe2,A-f17767,2023-05-21,2023-05-22,15,medium,125,3,f
T-ef7c2f,A-94d3da,2023-02-05,2023-02-06,17,urgent,139,3,f
T-93f669,A-443f6f,2024-10-29,2024-10-30,54,high,154,,f
T-b6fed7,A-798a3f,2023-12-19,2023-12-20,12,high,9,,f
T-16818f,A-139c3b,2024-12-15,2024-12-16,17,medium,131,4,f
T-a41057,A-22f2df,2023-04-24,2023-04-25,17,high,131,,f
T-152c1d,A-779e4e,2024-11-03,2024-11-04,9,urgent,171,5,f
T-f17009,A-309e54,2024-09-24,2024-09-26,22,medium,71,,f
T-d6943a,A-76fa4d,2023-07-09,2023-07-09,6,low,86,5,f
T-7a84fc,A-5a215a,2024-09-13,2024-09-14,13,low,4,5,f
T-7917a1,A-8ed5dd,2024-06-09,2024-06-10,42,high,125,,f
T-f5f28c,A-9badbd,2024-09-07,2024-09-08,11,low,149,5,f
T-1b7a8e,A-a7bd4b,2023-11-11,2023-11-12,19,urgent,169,,f
T-810e51,A-eb7c38,2024-07-14,2024-07-14,50,low,83,4,f
T-d23a9b,A-ad296b,2023-07-22,2023-07-23,42,urgent,95,5,f
T-49e572,A-59f724,2024-09-19,2024-09-20,13,medium,48,5,f
T-173d0c,A-f1f639,2024-05-29,2024-05-30,22,high,19,5,f
T-c55d61,A-8ed5dd,2023-03-21,2023-03-21,40,high,8,4,f
T-534a33,A-5c9849,2023-12-07,2023-12-09,22,low,12,,t
T-76d301,A-e4144b,2024-03-29,2024-03-31,15,urgent,178,4,f
T-7d5bb9,A-c58f49,2024-09-18,2024-09-20,17,urgent,31,,t
T-ad72a6,A-342303,2024-03-03,2024-03-03,20,high,10,,f
T-370b82,A-712426,2023-11-24,2023-11-26,24,low,87,5,f
T-913bc6,A-600734,2023-11-02,2023-11-03,6,urgent,117,,f
T-262c36,A-86902e,2023-05-19,2023-05-21,24,medium,165,,f
T-b685e1,A-02cd81,2024-03-12,2024-03-13,7,medium,111,,f
T-1a19ef,A-2d1036,2024-09-19,2024-09-19,6,medium,98,5,t
T-2626fb,A-67be94,2024-05-04,2024-05-04,48,high,168,,f
T-b0063c,A-8b0451,2024-02-17,2024-02-17,14,high,111,3,f
T-245f39,A-e3bd71,2023-06-30,2023-06-30,51,urgent,105,,f
T-34deb3,A-53f4e3,2024-05-16,2024-05-18,14,high,150,,f
T-57f1af,A-432483,2024-09-20,2024-09-22,11,urgent,128,,f
T-b48c61,A-2789e3,2024-11-10,2024-11-12,49,medium,74,4,f
T-d532cc,A-4f18f0,2024-08-04,2024-08-05,11,low,34,4,f
T-de7b56,A-6f8ad2,2024-11-15,2024-11-17,15,medium,3,5,f
T-9890b1,A-96bbc6,2023-03-24,2023-03-26,8,high,58,4,f
T-f4b555,A-cbd1a3,2024-02-05,2024-02-06,20,medium,3,,f
T-d97c4e,A-e5d6ab,2023-07-10,2023-07-12,5,high,9,,f
T-a8d3cc,A-e98302,2024-11-25,2024-11-26,23,urgent,57,4,f
T-1ce392,A-ad3abd,2023-12-28,2023-12-29,6,urgent,164,3,f
T-8f5672,A-c37601,2023-10-19,2023-10-21,13,urgent,5,,f
T-4fa65e,A-a09355,2024-06-03,2024-06-03,24,urgent,55,,f
T-8d66fe,A-d40bf7,2023-01-04,2023-01-05,10,urgent,171,5,f
T-6e55e5,A-0f7d77,2023-06-05,2023-06-06,53,high,48,5,f
T-3b516f,A-1b7577,2023-05-22,2023-05-22,14,urgent,167,5,f
T-30c6e3,A-eb2fdc,2023-11-17,2023-11-18,12,low,30,5,f
T-052718,A-241e75,2023-02-12,2023-02-12,14,medium,69,4,f
T-08c89b,A-309e54,2024-04-27,2024-04-28,20,urgent,82,3,f
T-c25880,A-9289f6,2023-06-01,2023-06-02,46,medium,59,5,f
T-20a128,A-7988d1,2024-11-26,2024-11-27,24,urgent,31,3,f
T-8ed20f,A-54d94a,2023-08-15,2023-08-15,6,medium,78,,f
T-01dc5a,A-fd9422,2024-03-10,2024-03-12,20,urgent,115,4,t
T-279c10,A-1e6fc3,2023-07-09,2023-07-10,5,high,149,,f
T-a48070,A-856b1e,2024-02-10,2024-02-11,22,low,111,,t
T-aa897f,A-751c58,2024-11-03,2024-11-04,6,low,93,5,f
T-48d493,A-8145a0,2024-10-26,2024-10-27,15,medium,122,4,f
T-4d4a28,A-fd9422,2023-07-14,2023-07-14,9,medium,162,4,f
T-141bed,A-50f3f7,2023-12-16,2023-12-17,9,low,2,,f
T-ca5ab4,A-53f4e3,2024-09-24,2024-09-25,10,urgent,98,5,f
T-6503b3,A-9123ac,2023-12-19,2023-12-21,24,high,24,5,f
T-2e478d,A-6965e1,2023-06-19,2023-06-20,22,medium,175,,f
T-6d8847,A-3a5ad8,2023-07-16,2023-07-18,7,urgent,27,,f
T-c3e2dd,A-202b67,2024-06-26,2024-06-28,6,medium,109,4,f
T-a32345,A-503d5a,2024-11-20,2024-11-20,15,medium,54,,f
T-399cd5,A-5247b3,2023-03-30,2023-03-30,7,urgent,62,3,f
T-5c4e0b,A-c608c8,2023-09-23,2023-09-25,23,medium,39,3,f
T-611dd2,A-86902e,2023-07-22,2023-07-23,22,medium,166,3,f
T-34025b,A-5c9849,2023-07-15,2023-07-17,12,urgent,104,,f
T-a0a7fe,A-55f257,2023-02-27,2023-02-28,24,medium,160,,f
T-8c66ed,A-7c83a1,2023-09-20,2023-09-22,20,low,38,4,f
T-526bb5,A-1986ca,2024-08-10,2024-08-11,9,high,135,,f
T-c87e58,A-716841,2023-12-11,2023-12-13,15,low,102,5,f
T-a7ddd2,A-1ac5e0,2023-03-29,2023-03-31,22,high,169,,f
T-b2d025,A-3793ee,2024-06-26,2024-06-27,17,low,176,,f
T-65a10b,A-ad3abd,2023-08-16,2023-08-16,8,medium,12,3,f
T-0eef43,A-fa2041,2024-03-30,2024-03-30,13,low,99,3,f
T-662a1c,A-e19ff6,2023-02-01,2023-02-02,19,urgent,74,5,f
T-f37486,A-7641d3,2023-02-03,2023-02-03,8,urgent,123,5,t
T-633fa7,A-054577,2023-09-01,2023-09-02,11,urgent,70,4,f
T-a291f6,A-e98302,2023-09-28,2023-10-01,6,urgent,178,4,f
T-2166d3,A-aa9511,2023-01-11,2023-01-13,54,high,136,4,f
T-b94ce2,A-1f559b,2024-12-10,2024-12-11,44,urgent,142,5,f
T-b41d5c,A-9289f6,2023-09-15,2023-09-15,39,high,71,,f
T-698b5a,A-d62e02,2024-05-04,2024-05-05,13,high,31,4,f
T-4c47b4,A-f03140,2024-02-29,2024-02-29,21,low,152,5,f
T-7da6d5,A-781cc0,2024-12-17,2024-12-19,6,high,162,3,f
T-5e536f,A-40906c,2024-10-21,2024-10-22,10,medium,91,,f
T-ca831e,A-9b9fe9,2024-12-21,2024-12-21,40,high,127,,f
T-458b18,A-22f2df,2024-05-23,2024-05-25,14,urgent,60,5,f
T-3171ab,A-4c56c9,2024-08-26,2024-08-26,24,low,10,4,f
T-5435e7,A-7c83a1,2024-04-10,2024-04-12,15,high,140,3,f
T-088e00,A-3b37d9,2023-03-16,2023-03-18,48,high,107,,f
T-4a3162,A-bcbe98,2023-08-21,2023-08-22,22,urgent,112,5,f
T-3e6e13,A-e1462e,2024-08-02,2024-08-02,18,urgent,115,3,f
T-d9ea42,A-b11cd0,2023-05-23,2023-05-24,14,medium,158,5,f
T-c0b9bc,A-f03140,2023-06-15,2023-06-16,23,urgent,143,3,f
T-ddae37,A-cc98bc,2023-03-24,2023-03-24,6,low,83,,f
T-ebb598,A-84ebe4,2023-09-06,2023-09-08,16,low,132,4,f
T-8b2aa1,A-65a46c,2024-03-18,2024-03-19,48,medium,118,,f
T-2e0ccd,A-3b37d9,2023-09-30,2023-10-01,47,low,111,,f
T-d6f0ba,A-30b4ca,2024-05-15,2024-05-17,19,low,69,,f
T-41e58d,A-9bfc9f,2024-02-29,2024-02-29,16,high,170,,f
T-129715,A-54ecc2,2023-07-06,2023-07-08,5,high,97,,f
T-5fbdb4,A-2789e3,2024-01-06,2024-01-06,46,medium,116,4,f
T-fa177b,A-e2cd1b,2023-07-28,2023-07-30,11,low,29,4,f
T-95c3dd,A-fabe19,2024-01-06,2024-01-07,8,high,15,4,f
T-57d464,A-671f31,2023-11-07,2023-11-08,12,high,146,4,f
T-f97334,A-c45b23,2024-11-02,2024-11-03,5,urgent,75,,f
T-c2f40f,A-1f0636,2024-08-22,2024-08-22,21,high,68,3,f
T-6c2263,A-82861f,2024-09-14,2024-09-14,22,medium,150,3,f
T-9ac5fe,A-068fc6,2024-04-25,2024-04-26,13,urgent,106,4,f
T-70987d,A-1f7acb,2024-12-05,2024-12-07,8,high,178,,f
T-96ccc2,A-186a44,2024-12-30,2024-12-31,18,high,146,4,f
T-04fe85,A-6f8ad2,2023-09-24,2023-09-24,23,high,121,4,f
T-8ab6ea,A-dcc3f1,2024-08-20,2024-08-21,20,high,153,,f
T-6af11a,A-4ef964,2023-06-10,2023-06-12,43,medium,47,,f
T-831e11,A-cb6cc6,2024-06-26,2024-06-26,8,low,90,,f
T-95d237,A-cb5333,2023-04-25,2023-04-25,7,high,54,,f
T-b251a1,A-20736a,2024-01-08,2024-01-09,5,urgent,11,3,f
T-06628f,A-4e960a,2023-10-31,2023-11-02,21,urgent,95,,f
T-710a02,A-1b7577,2024-05-31,2024-05-31,24,medium,37,3,f
T-073728,A-b9eed8,2023-03-03,2023-03-03,18,medium,116,,t
T-c9862e,A-96215d,2023-08-04,2023-08-05,17,urgent,115,3,f
T-321bf6,A-5ed98d,2023-06-28,2023-06-30,24,urgent,79,5,f
T-1df716,A-0b0d6d,2024-10-09,2024-10-11,11,medium,145,,f
T-69edbb,A-c16cf7,2024-10-24,2024-10-26,22,low,46,4,f
T-7d169d,A-4a4c2d,2023-06-07,2023-06-08,10,medium,121,,f
T-1b9875,A-98a59a,2024-09-08,2024-09-10,14,low,48,5,f
T-0ec7ca,A-e4bf56,2024-02-13,2024-02-14,20,low,59,3,f
T-22aa61,A-4a4c2d,2023-04-29,2023-05-01,9,low,74,4,f
T-ec55d4,A-9c18c4,2023-07-24,2023-07-26,21,urgent,67,5,f
T-45f75a,A-dcc3f1,2024-08-17,2024-08-18,13,high,71,,f
T-a617b9,A-1d5444,2024-06-01,2024-06-03,17,high,29,4,f
T-1850d3,A-0158bb,2024-01-11,2024-01-12,14,urgent,50,3,f
T-a1bc5a,A-7c6b6b,2024-06-24,2024-06-26,21,low,41,,f
T-361ccf,A-ce66f8,2024-12-06,2024-12-07,14,low,33,4,f
T-c1de5f,A-a09355,2023-10-13,2023-10-15,24,urgent,28,,f
T-15233b,A-c62e55,2023-09-24,2023-09-24,9,low,8,,f
T-488392,A-bd4513,2024-12-30,2024-12-30,13,high,12,5,f
T-2be50d,A-3a5ad8,2024-12-26,2024-12-26,11,urgent,16,5,f
T-f1d9e6,A-5a215a,2024-06-10,2024-06-10,18,medium,4,3,f
T-64293a,A-8ae3fc,2024-04-27,2024-04-29,6,high,65,4,f
T-9ea26e,A-50bb9f,2023-04-15,2023-04-15,11,medium,88,,f
T-627615,A-dec005,2023-05-04,2023-05-06,6,high,124,,f
T-9ac4b7,A-42b791,2023-04-05,2023-04-07,5,medium,20,,f
T-5d1f63,A-c42f1f,2023-08-16,2023-08-16,23,low,11,3,f
T-f81be8,A-503d5a,2024-10-29,2024-10-31,22,low,57,4,f
T-a952c0,A-855a48,2023-04-18,2023-04-20,13,high,125,4,f
T-2bafb7,A-7d514c,2024-12-07,2024-12-09,8,high,39,,f
T-1761af,A-50bb9f,2023-08-02,2023-08-04,16,low,29,4,f
T-ca8e8f,A-c608c8,2024-08-16,2024-08-18,7,low,93,,f
T-38dc90,A-6dee43,2023-02-05,2023-02-08,7,high,9,5,f
T-e2a819,A-508199,2024-03-05,2024-03-07,6,low,123,3,f
T-b1654b,A-3c1a3f,2023-11-10,2023-11-12,18,high,63,,f
T-759461,A-45ce7a,2023-02-10,2023-02-12,23,low,87,4,f
T-a6d9f2,A-4437e4,2024-11-03,2024-11-03,21,urgent,168,,f
T-88e515,A-1f0ac7,2023-04-09,2023-04-10,19,high,174,,f
T-e85a54,A-7dacce,2024-03-16,2024-03-18,7,urgent,129,4,f
T-5b2cc5,A-e4bf56,2024-08-01,2024-08-01,5,low,169,,f
T-236dda,A-09316c,2024-06-28,2024-06-30,21,high,110,5,t
T-17e9a8,A-296d7c,2023-07-05,2023-07-07,13,low,118,4,f
T-0892d2,A-4f18f0,2023-07-04,2023-07-04,19,low,80,3,f
T-2099b8,A-d4e0d4,2024-08-18,2024-08-20,24,high,119,3,f
T-9f3c3d,A-417d2f,2023-05-01,2023-05-02,19,low,74,,f
T-a5d583,A-462d45,2024-01-11,2024-01-12,17,high,111,,f
T-a38b5d,A-fe79a5,2023-12-01,2023-12-02,8,low,32,,f
T-3ff542,A-855a48,2024-07-10,2024-07-12,18,low,96,3,f
T-0bea7d,A-5b4ebb,2023-08-03,2023-08-05,15,low,31,4,f
T-cc11bd,A-977ca0,2024-11-21,2024-11-23,5,urgent,152,4,f
T-95369a,A-c37601,2023-06-11,2023-06-12,9,low,124,4,f
T-7507e8,A-e83938,2023-08-10,2023-08-13,14,medium,26,,f
T-f7b50d,A-309e54,2024-01-06,2024-01-06,5,urgent,66,,f
T-9a1a87,A-671f31,2023-07-07,2023-07-08,6,high,32,5,f
T-b386f0,A-5a3eb9,2024-04-08,2024-04-08,5,medium,129,,f
T-739439,A-67be94,2024-11-28,2024-11-29,38,high,32,3,f
T-3b3bad,A-39ddf4,2024-03-13,2024-03-14,22,medium,116,4,f
T-6dd363,A-40a557,2024-07-05,2024-07-06,12,medium,150,3,f
T-afc27c,A-684255,2024-07-29,2024-07-29,12,low,95,,t
T-22582a,A-4ef964,2024-11-25,2024-11-27,36,medium,151,5,f
T-2184bf,A-4e960a,2023-03-30,2023-03-31,13,urgent,15,3,f
T-b23b9f,A-65c341,2023-04-15,2023-04-17,20,low,109,,f
T-3444f4,A-902ef7,2023-11-28,2023-11-30,13,urgent,40,4,f
T-9b3f6c,A-ba6516,2024-12-25,2024-12-25,41,medium,44,4,f
T-935963,A-bcbe98,2024-09-12,2024-09-12,7,low,85,4,f
T-19bc1e,A-a45270,2024-02-06,2024-02-08,42,high,162,,f
T-b91d49,A-fb186e,2024-02-07,2024-02-07,44,urgent,107,3,f
T-499df5,A-625d0b,2023-05-21,2023-05-22,37,urgent,31,,f
T-b7489a,A-71615e,2024-01-12,2024-01-14,7,medium,77,,f
T-06f51b,A-7dacce,2023-01-20,2023-01-21,7,high,5,4,f
T-f35250,A-151c9a,2024-05-31,2024-06-01,18,high,137,4,f
T-7dedc0,A-a8d89d,2024-03-26,2024-03-27,10,low,146,5,f
T-53723b,A-f19409,2023-04-30,2023-04-30,37,medium,45,,f
T-bd44ab,A-bcf87c,2023-12-19,2023-12-21,14,medium,59,5,f
T-060d32,A-854864,2023-03-18,2023-03-20,20,high,177,5,f
T-4b7f17,A-354f12,2023-08-13,2023-08-14,43,medium,171,,f
T-8c0ca5,A-cbbe12,2024-02-05,2024-02-06,16,high,158,,f
T-6f6f56,A-fd9422,2024-03-18,2024-03-20,17,low,157,3,f
T-8ea29d,A-ee42db,2023-03-30,2023-03-30,37,high,164,,f
T-c15cd8,A-e3bd71,2023-11-24,2023-11-26,43,medium,132,5,f
T-08abd6,A-dfbd31,2023-03-07,2023-03-08,37,medium,72,3,f
T-65364e,A-5f7781,2024-05-26,2024-05-26,5,high,63,,f
T-4dc394,A-3f9cc0,2023-04-26,2023-04-26,35,medium,159,4,f
T-01bdb9,A-625d0b,2023-11-20,2023-11-21,41,low,34,3,f
T-88f56c,A-1f7acb,2023-04-22,2023-04-23,14,urgent,146,3,f
T-a28b90,A-b30291,2023-05-15,2023-05-15,7,urgent,1,,f
T-c27824,A-54ecc2,2023-02-16,2023-02-16,15,low,55,5,f
T-45bddf,A-a45270,2024-01-01,2024-01-03,44,urgent,120,,f
T-3b0545,A-c16101,2023-03-10,2023-03-11,21,high,168,,f
T-c67f26,A-e2cd1b,2024-07-03,2024-07-04,7,urgent,72,5,f
T-c779b5,A-50bb9f,2024-08-14,2024-08-15,14,urgent,33,,f
T-4291f4,A-1ac5e0,2024-05-21,2024-05-22,14,high,136,3,f
T-6804d9,A-39b19f,2023-04-13,2023-04-15,50,high,26,3,f
T-1df6ee,A-34d880,2024-07-12,2024-07-13,40,low,131,3,f
T-5d8f79,A-fb186e,2024-07-28,2024-07-29,38,medium,92,,f
T-d37bb3,A-524364,2024-10-25,2024-10-25,19,urgent,57,4,f
T-2e3ee5,A-9bfc9f,2024-09-21,2024-09-21,20,low,45,,f
T-1d1488,A-90a8c8,2023-02-01,2023-02-03,24,urgent,71,4,f
T-34c636,A-2922b6,2024-11-13,2024-11-13,9,high,70,4,f
T-0aacaa,A-671f31,2023-02-02,2023-02-03,18,urgent,22,,f
T-3c9151,A-59f724,2024-12-15,2024-12-16,9,urgent,146,4,f
T-b7fe89,A-bad8c1,2024-04-27,2024-04-28,10,high,49,4,f
T-f47516,A-db5e9e,2024-01-11,2024-01-13,22,low,18,5,f
T-12e968,A-de58ca,2023-12-07,2023-12-09,20,medium,125,,f
T-0037fe,A-e4bf56,2023-05-02,2023-05-02,15,urgent,78,3,f
T-ee390f,A-410e86,2024-03-18,2024-03-18,24,medium,125,4,f
T-8d7ff3,A-eb7fac,2023-09-15,2023-09-15,17,urgent,147,,f
T-2572b1,A-712f1c,2023-11-10,2023-11-11,23,urgent,88,5,f
T-4537a8,A-7c5768,2024-10-14,2024-10-14,5,urgent,150,3,f
T-6511fb,A-1e1b80,2023-05-25,2023-05-26,13,high,32,3,f
T-7ad7ec,A-d4ac0e,2024-06-28,2024-06-29,20,high,53,,f
T-1c02f2,A-417d2f,2023-11-18,2023-11-19,17,urgent,113,4,f
T-0374bc,A-f446b6,2023-12-06,2023-12-07,13,urgent,53,3,f
T-fe219c,A-2d1036,2023-03-22,2023-03-24,15,high,3,4,f
T-2912e9,A-5ed98d,2023-02-13,2023-02-13,23,medium,133,,f
T-c78f8a,A-e4144b,2023-11-04,2023-11-06,10,medium,175,4,f
T-429ce0,A-39ddf4,2023-05-31,2023-05-31,22,high,17,5,f
T-f72f97,A-de24d5,2024-06-27,2024-06-28,10,medium,99,3,f
T-d1723a,A-328bd0,2023-09-04,2023-09-04,11,medium,57,,f
T-512dec,A-0532a9,2023-12-16,2023-12-17,7,medium,127,,f
T-36b118,A-84ebe4,2023-07-18,2023-07-18,8,high,128,,f
T-bd85e1,A-3a5ad8,2024-09-02,2024-09-04,16,high,22,4,f
T-c0657b,A-9289f6,2023-06-12,2023-06-14,44,low,155,,f
T-4f0baf,A-94d3da,2023-09-13,2023-09-14,22,urgent,60,,f
T-ced7f6,A-f1f639,2024-09-18,2024-09-18,12,low,27,5,f
T-cfb0cf,A-10b8da,2023-04-18,2023-04-19,14,low,77,3,f
T-769e8b,A-35083d,2023-09-24,2023-09-25,15,high,176,5,f
T-f0b00c,A-4437e4,2024-11-16,2024-11-16,8,medium,179,3,f
T-52b693,A-e61e98,2024-02-17,2024-02-18,40,high,10,5,f
T-1160c9,A-afa505,2023-09-24,2023-09-25,54,medium,58,3,f
T-2d97f8,A-4814a3,2024-02-15,2024-02-16,42,urgent,20,4,f
T-26d259,A-712f1c,2023-10-26,2023-10-28,21,low,96,4,f
T-cc9f02,A-5790f4,2024-10-19,2024-10-20,24,urgent,80,,f
T-a661ac,A-9b9fe9,2023-11-30,2023-12-02,47,low,161,4,f
T-35e9e6,A-b7b7b7,2023-08-12,2023-08-13,14,medium,37,5,f
T-90e0e9,A-89ee83,2024-05-14,2024-05-16,39,medium,36,4,f
T-9130f4,A-3d957b,2024-03-02,2024-03-03,12,high,73,,f
T-30918a,A-c7ffc2,2024-02-28,2024-03-01,43,high,29,3,f
T-d1168e,A-65a46c,2024-04-09,2024-04-11,38,urgent,103,5,f
T-678cb9,A-463db0,2023-02-08,2023-02-10,14,medium,39,4,f
T-a5b987,A-158f4e,2023-01-27,2023-01-27,20,high,156,,f
T-94fe73,A-3a7284,2024-08-16,2024-08-18,16,urgent,56,4,f
T-07ff37,A-b54c01,2024-01-07,2024-01-08,36,high,106,,f
T-8f66c9,A-c1dfe1,2024-07-08,2024-07-10,23,high,110,,f
T-ec5618,A-1986ca,2024-09-07,2024-09-09,22,low,175,3,f
T-512f1f,A-fd9422,2023-12-05,2023-12-06,14,high,141,3,f
T-10fe26,A-560d27,2023-12-22,2023-12-22,22,medium,29,5,f
T-a2dd12,A-18793f,2023-10-01,2023-10-02,12,high,168,4,f
T-1742e2,A-7dacce,2024-02-13,2024-02-14,8,high,32,,f
T-17de9f,A-3932db,2023-12-14,2023-12-15,11,medium,46,,f
T-b7bd24,A-9f0b68,2023-09-11,2023-09-12,12,low,78,,f
T-04752b,A-9badbd,2023-03-08,2023-03-09,17,high,155,,f
T-77863a,A-e60f9d,2024-01-27,2024-01-29,20,urgent,132,,f
T-6014e5,A-e7beab,2023-10-16,2023-10-18,14,high,161,3,f
T-0a20f3,A-7f6b86,2023-07-03,2023-07-05,14,medium,156,3,f
T-415f6a,A-bd4708,2023-12-03,2023-12-04,12,urgent,2,,f
T-afb450,A-e83938,2024-05-22,2024-05-23,11,low,171,,f
T-e771c5,A-0f3e88,2024-07-28,2024-07-30,20,low,4,,f
T-4ad95c,A-118d55,2024-12-03,2024-12-05,9,medium,122,,f
T-7bfd11,A-bb1eaa,2024-06-04,2024-06-05,7,low,11,,f
T-55f338,A-cdf020,2023-01-16,2023-01-16,15,high,5,3,f
T-35cdd0,A-c16101,2024-08-31,2024-08-31,23,high,67,,f
T-43635f,A-de58ca,2024-11-05,2024-11-06,9,medium,152,4,f
T-192ed5,A-3932db,2024-09-22,2024-09-24,16,low,74,,f
T-890bef,A-39ddf4,2023-01-11,2023-01-11,5,high,109,4,f
T-c88d4c,A-82d8a6,2024-09-09,2024-09-11,9,urgent,163,4,f
T-ab3873,A-8b0451,2023-01-09,2023-01-09,18,urgent,115,,f
T-db8ee9,A-05f0e5,2024-06-06,2024-06-06,19,medium,58,4,f
T-11a32d,A-94c3cd,2023-11-05,2023-11-07,9,urgent,86,,t
T-01fc55,A-faa28c,2023-07-25,2023-07-27,24,urgent,22,5,f
T-23bb61,A-756192,2024-06-16,2024-06-17,5,low,171,3,f
T-675f77,A-af0cd2,2023-08-16,2023-08-18,22,low,173,,f
T-0134fb,A-c16101,2024-12-08,2024-12-09,15,urgent,70,,t
T-27abc5,A-4c56c9,2024-01-06,2024-01-08,14,high,61,3,f
T-5dc1bf,A-86cdb4,2024-03-29,2024-03-30,5,urgent,129,,f
T-1f3e8a,A-f03140,2023-05-08,2023-05-08,8,medium,132,,f
T-4bfec4,A-09316c,2024-11-12,2024-11-13,7,low,105,3,f
T-2fdfe5,A-05d3b3,2024-05-14,2024-05-15,12,low,114,4,f
T-37b3f3,A-e40f45,2024-02-26,2024-02-26,21,high,132,5,f
T-a96055,A-e43bf7,2024-11-27,2024-11-29,18,medium,9,4,f
T-a1823c,A-50bb9f,2024-08-17,2024-08-19,18,urgent,25,,f
T-5faeda,A-92a333,2023-06-03,2023-06-03,8,high,55,,f
T-37e292,A-ac14bb,2024-06-12,2024-06-13,21,low,38,4,f
T-4c0c16,A-6dee43,2024-07-19,2024-07-21,7,urgent,108,,f
T-2873de,A-10b8f2,2024-01-31,2024-01-31,6,low,59,3,f
T-68fee5,A-5ed98d,2024-03-12,2024-03-12,13,urgent,114,,f
T-38a3f8,A-5c9849,2023-12-14,2023-12-16,17,low,41,,f
T-f2c439,A-f6b2fb,2023-04-18,2023-04-20,6,medium,70,3,f
T-39424e,A-ccc747,2024-08-05,2024-08-05,23,medium,137,,t
T-856bdd,A-508199,2024-08-17,2024-08-19,24,low,52,,f
T-c9a926,A-6a4e2d,2024-09-15,2024-09-15,24,low,126,5,t
T-6ff72c,A-241e75,2024-09-02,2024-09-03,8,high,178,5,f
T-ba2219,A-463db0,2023-04-24,2023-04-26,23,urgent,179,,t
T-ab7721,A-22f2df,2023-03-24,2023-03-26,18,urgent,19,,f
T-ae3a16,A-186a44,2024-06-19,2024-06-21,19,low,97,,f
T-9aee85,A-9ee962,2024-05-26,2024-05-27,13,medium,155,,f
T-c7f28d,A-ffc04f,2023-08-17,2023-08-17,40,low,9,,t
T-984352,A-417d2f,2023-02-15,2023-02-15,24,high,129,4,f
T-7af423,A-149a69,2024-08-28,2024-08-28,6,medium,172,4,f
T-162d1f,A-a0ca4e,2023-08-20,2023-08-22,15,high,77,4,t
T-b2925a,A-eb7fac,2024-01-15,2024-01-17,24,low,172,,f
T-e3507b,A-e98302,2023-02-28,2023-02-28,24,high,95,4,f
T-88abc2,A-ad64c6,2024-10-13,2024-10-13,18,high,159,,f
T-b348cc,A-cbd1a3,2023-07-22,2023-07-23,20,urgent,145,4,f
T-1a8ff8,A-e61e98,2023-04-22,2023-04-22,43,low,44,5,t
T-31cd64,A-eb7c38,2023-02-13,2023-02-14,42,urgent,33,4,f
T-6b8b96,A-d27f50,2023-03-27,2023-03-29,19,urgent,101,3,f
T-814d7e,A-313be3,2024-11-09,2024-11-10,42,low,141,5,t
T-f4bc90,A-503d5a,2023-04-28,2023-04-28,12,high,27,3,f
T-fecc33,A-712f1c,2023-09-07,2023-09-08,6,low,121,3,f
T-a2665a,A-cea1f0,2024-10-11,2024-10-12,24,urgent,161,4,f
T-b77fc1,A-558c72,2023-05-10,2023-05-12,23,high,83,,f
T-42c4fb,A-17939a,2023-08-18,2023-08-18,16,urgent,50,,f
T-7a1469,A-503d5a,2024-05-02,2024-05-04,11,medium,27,,f
T-186d63,A-cbbe12,2024-08-08,2024-08-09,7,medium,40,,f
T-581c3c,A-4c56c9,2024-10-05,2024-10-06,24,high,8,3,f
T-ad5807,A-443b7c,2023-01-24,2023-01-24,54,high,14,,f
T-5ac967,A-4814a3,2023-03-08,2023-03-08,51,urgent,161,,f
T-ca2383,A-81edc3,2024-05-20,2024-05-22,7,high,79,5,f
T-271d67,A-40a557,2024-10-27,2024-10-27,14,urgent,1,,f
T-2a6f2e,A-cc98bc,2023-03-24,2023-03-24,24,low,159,4,f
T-cb1b0e,A-a33200,2024-05-12,2024-05-14,49,urgent,46,5,f
T-1ce30f,A-82d8a6,2024-11-13,2024-11-14,14,medium,37,,f
T-ea65ad,A-8b0451,2024-01-30,2024-01-30,8,medium,79,4,f
T-44b8e5,A-de24d5,2024-06-27,2024-06-29,7,low,4,,f
T-83edca,A-3f9cc0,2024-05-01,2024-05-01,41,urgent,99,5,t
T-d82e4d,A-f446b6,2023-06-29,2023-07-01,12,urgent,120,,f
T-e5a027,A-40a557,2024-06-24,2024-06-24,24,urgent,44,,f
T-8a2ad9,A-d922bf,2024-01-23,2024-01-25,22,low,125,,f
T-46e5ce,A-089363,2024-09-06,2024-09-08,10,high,46,4,f
T-e481c6,A-856b1e,2023-08-01,2023-08-03,24,low,22,,f
T-bafc8d,A-c42f1f,2023-11-14,2023-11-14,21,high,122,,t
T-94b674,A-f25509,2023-10-20,2023-10-21,20,urgent,78,,f
T-92101f,A-202b67,2024-02-12,2024-02-13,10,high,51,5,f
T-cd3896,A-17939a,2024-05-14,2024-05-15,8,high,35,5,f
T-b52677,A-53f4e3,2023-03-11,2023-03-11,6,high,138,3,f
T-d2f0e5,A-8b0451,2023-12-27,2023-12-27,24,urgent,17,,f
T-a2f9f7,A-f19b24,2023-11-05,2023-11-07,24,medium,75,4,f
T-d9600d,A-98a59a,2024-12-18,2024-12-19,10,urgent,106,4,f
T-287662,A-a7bd4b,2024-11-07,2024-11-08,14,medium,57,3,f
T-7932c2,A-f17767,2024-01-28,2024-01-28,13,urgent,132,5,f
T-1cf7fa,A-39ddf4,2024-10-14,2024-10-14,18,high,21,4,f
T-24d5c4,A-4f18f0,2024-03-20,2024-03-22,8,high,79,4,f
T-7d2f68,A-fd7ad3,2024-10-17,2024-10-19,12,low,167,5,f
T-d80204,A-684255,2024-08-11,2024-08-12,20,medium,6,5,f
T-ae53a2,A-0532a9,2024-01-29,2024-01-31,9,low,165,,f
T-056a79,A-c43359,2024-05-23,2024-05-24,21,urgent,103,,f
T-f73830,A-51ec1b,2024-09-11,2024-09-13,17,low,174,,t
T-54b828,A-c42f1f,2024-02-27,2024-02-27,14,low,150,5,f
T-f0ff14,A-b179bf,2024-11-02,2024-11-02,11,urgent,17,,f
T-72f058,A-118d55,2023-02-16,2023-02-16,18,high,82,,f
T-ed12da,A-702032,2023-03-30,2023-03-31,17,medium,34,3,f
T-b3f296,A-05f0e5,2023-10-04,2023-10-04,12,high,91,4,f
T-2bec1c,A-6dee43,2024-11-07,2024-11-07,22,high,51,,f
T-22afc4,A-cdf020,2024-04-13,2024-04-14,19,urgent,3,4,f
T-01387f,A-854864,2024-03-26,2024-03-27,9,low,74,5,f
T-374bd7,A-038089,2023-05-14,2023-05-14,9,low,36,,f
T-a65795,A-d77f4c,2023-06-30,2023-06-30,7,urgent,82,5,f
T-d552c8,A-94f8c9,2024-02-21,2024-02-21,6,urgent,93,5,f
T-c6ebe1,A-331424,2023-03-15,2023-03-15,23,medium,154,,f
T-2f3247,A-716841,2024-04-25,2024-04-25,9,low,48,4,f
T-5117fb,A-c7e58b,2023-12-11,2023-12-13,15,medium,64,3,f
T-c1b39d,A-92a333,2024-06-05,2024-06-06,15,low,103,,t
T-f99a2c,A-4a267b,2023-04-26,2023-04-26,11,medium,61,3,f
T-721dbc,A-53f4e3,2023-10-13,2023-10-13,22,urgent,54,,f
T-592ec1,A-544d0a,2023-05-23,2023-05-24,14,low,161,5,f
T-bccf47,A-0b0d6d,2023-05-05,2023-05-05,5,high,92,,f
T-3d0cfa,A-1e6fc3,2023-04-15,2023-04-15,13,urgent,50,3,f
T-ac71c9,A-186a44,2024-01-18,2024-01-18,16,high,155,3,f
T-bf29da,A-0cc442,2024-04-29,2024-05-01,24,urgent,110,3,f
T-b3feb3,A-f5641b,2024-09-14,2024-09-16,23,high,121,3,t
T-c6fa3a,A-7c6b6b,2023-06-04,2023-06-06,22,low,96,5,f
T-ba8b3a,A-d4ac0e,2023-06-18,2023-06-18,12,high,40,4,f
T-0bb5ac,A-7920cc,2024-10-21,2024-10-21,9,low,9,,f
T-79d436,A-05f0e5,2023-01-25,2023-01-25,22,high,177,4,f
T-12a740,A-87aa7b,2024-12-29,2024-12-29,20,urgent,147,,f
T-9656b4,A-f51f16,2024-07-10,2024-07-12,15,urgent,172,,f
T-069c43,A-1986ca,2024-04-08,2024-04-10,10,high,53,3,f
T-263799,A-d4e0d4,2024-02-15,2024-02-16,11,medium,6,,f
T-0ba1a8,A-f25509,2023-11-05,2023-11-07,14,urgent,72,5,f
T-7e4e70,A-20736a,2024-06-08,2024-06-09,11,low,26,5,f
T-20af37,A-faa28c,2024-10-30,2024-11-01,5,low,174,,f
T-d5f42b,A-18793f,2023-10-11,2023-10-13,16,low,81,3,f
T-d895b8,A-ed510f,2023-05-04,2023-05-05,12,low,45,3,f
T-db932a,A-9779ad,2024-10-28,2024-10-28,6,urgent,92,,f
T-784b41,A-dcc3f1,2023-10-10,2023-10-10,14,medium,21,4,f
T-7905fa,A-55f257,2023-12-10,2023-12-11,11,low,175,,f
T-4a53fe,A-e40f45,2024-07-12,2024-07-14,14,low,153,,f
T-762081,A-068fc6,2023-01-24,2023-01-25,10,urgent,118,5,f
T-8e6d12,A-6f50ae,2024-11-14,2024-11-14,8,high,83,4,f
T-fe6445,A-a865bd,2024-06-05,2024-06-05,12,urgent,9,,f
T-ce0f83,A-296d7c,2024-07-24,2024-07-27,21,urgent,68,3,f
T-c1ac80,A-342303,2023-10-25,2023-10-27,15,high,125,4,f
T-7eaf4c,A-86902e,2024-01-12,2024-01-13,17,low,63,3,f
T-7f775b,A-59f724,2024-01-23,2024-01-23,18,high,154,4,f
T-e11f4e,A-92a333,2023-11-18,2023-11-18,15,medium,64,,f
T-bbad1e,A-3793ee,2023-11-23,2023-11-25,11,low,178,,f
T-6533ba,A-90a8c8,2024-04-07,2024-04-08,18,medium,1,3,f
T-2b3584,A-f9cc74,2024-02-14,2024-02-15,10,low,120,5,f
T-c6eb1f,A-2b9d3e,2024-06-24,2024-06-25,5,urgent,43,,f
T-f402a9,A-e888d1,2023-12-21,2023-12-22,24,high,91,5,f
T-731aca,A-139c3b,2023-12-29,2023-12-29,19,high,36,,f
T-e766b0,A-00bed1,2023-01-14,2023-01-16,7,high,98,,f
T-922d49,A-7f6b86,2024-12-20,2024-12-21,24,urgent,114,4,f
T-c6e82b,A-bc87bc,2024-06-06,2024-06-07,9,high,178,,f
T-d980c3,A-4c38bc,2023-04-14,2023-04-14,23,urgent,20,,f
T-ffb356,A-65c341,2023-10-15,2023-10-16,8,high,93,4,f
T-f1c022,A-e4bf56,2023-04-10,2023-04-10,20,high,73,3,f
T-bf44a3,A-de24d5,2024-11-16,2024-11-17,14,high,103,,f
T-0811d4,A-f6b2fb,2023-10-29,2023-10-31,6,medium,24,4,f
T-76632d,A-00bed1,2024-05-16,2024-05-17,8,high,46,,f
T-dba043,A-32fb14,2024-06-17,2024-06-19,70,urgent,60,5,f
T-d9d697,A-417d2f,2024-11-06,2024-11-08,20,urgent,3,,f
T-e3c91a,A-d3c88e,2023-04-29,2023-05-02,16,high,16,4,f
T-7a57cf,A-0f6450,2023-08-21,2023-08-22,20,medium,59,5,f
T-fdf135,A-34ea2f,2023-01-04,2023-01-05,75,urgent,65,4,f
T-9d29d0,A-34ea2f,2023-12-30,2023-12-31,56,low,60,,f
T-381eff,A-9f9299,2024-12-28,2024-12-29,94,low,139,5,f
T-a9918a,A-b20d99,2023-02-12,2023-02-14,50,low,22,3,f
T-7f7908,A-78f02b,2023-01-10,2023-01-10,0,low,2,3,f
T-e0d92c,A-31ab9a,2023-12-27,2023-12-27,1,urgent,37,,f
T-8da35c,A-7f4db3,2023-03-14,2023-03-14,1,urgent,60,3,f
T-115c3c,A-95b24a,2024-02-01,2024-02-01,38,medium,162,5,f
T-d51d42,A-ba6516,2023-03-08,2023-03-08,51,low,149,5,f
T-0238f9,A-443b7c,2024-07-19,2024-07-19,53,medium,81,4,f
T-fcfcf7,A-89ee83,2024-02-13,2024-02-13,53,low,82,4,f
T-5752a2,A-95b24a,2023-07-18,2023-07-19,54,urgent,82,4,f
T-508ea0,A-9289f6,2023-10-21,2023-10-21,35,high,53,3,f
T-fe9f10,A-dbc825,2024-03-17,2024-03-18,50,low,81,,f
T-e7e186,A-443b7c,2024-02-27,2024-02-29,45,urgent,91,,f
T-5bc279,A-443b7c,2023-03-22,2023-03-22,43,urgent,18,5,f
T-10fc64,A-7f4db3,2024-08-09,2024-08-09,1,medium,75,,f
T-cff159,A-180abf,2023-08-15,2023-08-17,34,medium,138,,f
T-ccf229,A-b2225d,2024-07-10,2024-07-12,31,high,24,,f
T-b5fa1f,A-44dc83,2023-10-07,2023-10-07,90,medium,57,,f
T-611dd3,A-44dc83,2024-03-02,2024-03-04,75,high,169,5,f
T-71d508,A-9b9fe9,2023-06-15,2023-06-15,46,low,180,5,f
T-5da5ab,A-bb3bd4,2024-12-14,2024-12-14,35,urgent,153,3,f
T-ffdef9,A-1b707d,2023-09-17,2023-09-18,42,low,13,,f
T-a35ae1,A-80eeb6,2023-01-30,2023-02-01,53,high,38,,f
T-89a21e,A-b07b56,2024-10-30,2024-11-01,113,high,113,,f
T-2b5ff8,A-0651a4,2024-09-12,2024-09-14,72,high,32,5,f
